order_id,order_date,customer_id,product,category,region,city,sales_channel,customer_type,quantity,unit_price,discount_rate,discount_amount,revenue,cost,profit,profit_margin,payment_method,order_status
ORD-10001,2026-06-18 20:58:13,CUST-1053,Mechanical Gaming Keyboard,Electronics,Delhi NCR,Noida,Direct Sales,New,1,6500.0,0.1,650.0,5850.0,3653.79,2196.21,37.54,Net Banking,Completed
ORD-10002,2026-06-18 18:53:05,CUST-1226,Wireless Ergonomic Mouse,Accessories,Karnataka,Bengaluru,Direct Sales,Returning,5,2500.0,0.15,1875.0,10625.0,5180.83,5444.17,51.24,Debit Card,Completed
ORD-10003,2026-06-18 12:43:50,CUST-1196,Laptop Pro,Electronics,Maharashtra,Pune,Online Store,Returning,2,75000.0,0.2,30000.0,120000.0,93949.87,26050.13,21.71,Credit Card,Completed
ORD-10004,2026-06-18 20:23:14,CUST-1132,"4K Monitor 27""",Electronics,Karnataka,Bengaluru,Retail Outlet,New,1,28000.0,0.1,2800.0,25200.0,17085.86,8114.14,32.2,Debit Card,Completed
ORD-10005,2026-06-18 10:50:51,CUST-1231,Laptop Pro,Electronics,Karnataka,Bengaluru,Retail Outlet,Returning,2,75000.0,0.2,30000.0,120000.0,95577.77,24422.23,20.35,Debit Card,Completed
ORD-10006,2026-06-18 17:39:14,CUST-1305,Smart Fitness Watch,Accessories,Maharashtra,Nagpur,Retail Outlet,Returning,1,8500.0,0.15,1275.0,7225.0,4490.66,2734.34,37.85,Net Banking,Completed
ORD-10007,2026-06-18 09:55:11,CUST-1226,Standing Desk,Furniture,Karnataka,Bengaluru,Retail Outlet,Returning,1,32000.0,0.05,1600.0,30400.0,19769.54,10630.46,34.97,UPI,Completed
ORD-10008,2026-06-18 16:37:39,CUST-1254,Smart Fitness Watch,Accessories,Maharashtra,Nagpur,Online Store,Returning,8,8500.0,0.15,10200.0,57800.0,34746.42,23053.58,39.89,Net Banking,Completed
ORD-10009,2026-06-18 20:50:40,CUST-1332,Ergonomic Office Chair,Furniture,Karnataka,Bengaluru,Retail Outlet,New,3,18000.0,0.1,5400.0,48600.0,31003.91,17596.09,36.21,Debit Card,Completed
ORD-10010,2026-06-18 20:58:26,CUST-1346,Standing Desk,Furniture,Gujarat,Ahmedabad,Direct Sales,Returning,1,32000.0,0.25,8000.0,24000.0,20404.08,3595.92,14.98,Net Banking,Completed
ORD-10011,2026-06-18 09:12:49,CUST-1040,Ultra Smartphone,Electronics,Gujarat,Ahmedabad,Direct Sales,Returning,1,55000.0,0.15,8250.0,46750.0,32659.66,14090.34,30.14,Net Banking,Completed
ORD-10012,2026-06-18 15:01:24,CUST-1218,Standing Desk,Furniture,Karnataka,Bengaluru,Direct Sales,Returning,1,32000.0,0.0,0.0,32000.0,20451.1,11548.9,36.09,UPI,Completed
ORD-10013,2026-06-18 15:06:40,CUST-1235,Ergonomic Office Chair,Furniture,Karnataka,Mysuru,Distributor,Returning,2,18000.0,0.25,9000.0,27000.0,20367.65,6632.35,24.56,UPI,Completed
ORD-10014,2026-06-18 10:52:13,CUST-1019,Wireless Noise-Canceling Headphones,Electronics,Karnataka,Bengaluru,Online Store,Returning,4,12000.0,0.0,0.0,48000.0,23706.65,24293.35,50.61,Debit Card,Completed
ORD-10015,2026-06-18 09:02:22,CUST-1003,Standing Desk,Furniture,Maharashtra,Pune,Online Store,Returning,4,32000.0,0.2,25600.0,102400.0,79020.89,23379.11,22.83,Net Banking,Completed
ORD-10016,2026-06-18 11:20:15,CUST-1111,Wireless Ergonomic Mouse,Accessories,Maharashtra,Mumbai,Retail Outlet,New,6,2500.0,0.05,750.0,14250.0,5943.67,8306.33,58.29,Credit Card,Completed
ORD-10017,2026-06-18 09:55:22,CUST-1055,Standing Desk,Furniture,Maharashtra,Pune,Online Store,New,3,32000.0,0.1,9600.0,86400.0,62942.2,23457.8,27.15,Debit Card,Completed
ORD-10018,2026-06-18 18:56:08,CUST-1139,Smart Fitness Watch,Accessories,Delhi NCR,New Delhi,Online Store,Returning,8,8500.0,0.0,0.0,68000.0,35286.38,32713.62,48.11,Debit Card,Completed
ORD-10019,2026-06-18 07:47:42,CUST-1056,Wireless Ergonomic Mouse,Accessories,Gujarat,Ahmedabad,Direct Sales,Returning,1,2500.0,0.15,375.0,2125.0,973.61,1151.39,54.18,Credit Card,Completed
ORD-10020,2026-06-18 09:27:19,CUST-1162,Wireless Noise-Canceling Headphones,Electronics,Gujarat,Surat,Direct Sales,New,2,12000.0,0.1,2400.0,21600.0,12169.42,9430.58,43.66,Debit Card,Completed
ORD-10021,2026-06-18 20:34:00,CUST-1182,Standing Desk,Furniture,Karnataka,Bengaluru,Retail Outlet,New,3,32000.0,0.15,14400.0,81600.0,60982.12,20617.88,25.27,Credit Card,Completed
ORD-10022,2026-06-18 18:50:36,CUST-1126,Ergonomic Office Chair,Furniture,Tamil Nadu,Chennai,Distributor,New,3,18000.0,0.1,5400.0,48600.0,31721.79,16878.21,34.73,Net Banking,Completed
ORD-10023,2026-06-18 15:23:57,CUST-1042,Wireless Noise-Canceling Headphones,Electronics,Karnataka,Mysuru,Online Store,New,3,12000.0,0.15,5400.0,30600.0,18423.7,12176.3,39.79,UPI,Completed
ORD-10024,2026-06-18 12:57:43,CUST-1073,"4K Monitor 27""",Electronics,Maharashtra,Pune,Direct Sales,New,1,28000.0,0.0,0.0,28000.0,17360.25,10639.75,38.0,Debit Card,Completed
ORD-10025,2026-06-18 16:29:34,CUST-1342,Ultra Smartphone,Electronics,Maharashtra,Pune,Online Store,Returning,1,55000.0,0.15,8250.0,46750.0,33670.52,13079.48,27.98,Net Banking,Completed
ORD-10026,2026-06-18 07:23:28,CUST-1160,USB-C Multiport Dock,Accessories,Karnataka,Bengaluru,Online Store,Returning,1,4500.0,0.15,675.0,3825.0,1950.84,1874.16,49.0,UPI,Completed
ORD-10027,2026-06-18 10:40:27,CUST-1185,Ergonomic Office Chair,Furniture,Maharashtra,Pune,Retail Outlet,New,1,18000.0,0.1,1800.0,16200.0,10320.2,5879.8,36.3,UPI,Completed
ORD-10028,2026-06-18 10:37:48,CUST-1286,USB-C Multiport Dock,Accessories,Karnataka,Mysuru,Online Store,New,4,4500.0,0.05,900.0,17100.0,7856.67,9243.33,54.05,Debit Card,Completed
ORD-10029,2026-06-18 19:36:16,CUST-1227,"4K Monitor 27""",Electronics,Delhi NCR,New Delhi,Distributor,New,3,28000.0,0.15,12600.0,71400.0,52963.29,18436.71,25.82,UPI,Completed
ORD-10030,2026-06-18 13:20:26,CUST-1343,Wireless Ergonomic Mouse,Accessories,Maharashtra,Nagpur,Direct Sales,Returning,6,2500.0,0.05,750.0,14250.0,6162.73,8087.27,56.75,Credit Card,Completed
ORD-10031,2026-06-18 15:30:19,CUST-1176,Wireless Ergonomic Mouse,Accessories,Gujarat,Ahmedabad,Online Store,Returning,2,2500.0,0.2,1000.0,4000.0,1968.04,2031.96,50.8,UPI,Completed
ORD-10032,2026-06-18 10:02:06,CUST-1076,Ergonomic Office Chair,Furniture,Gujarat,Ahmedabad,Retail Outlet,New,3,18000.0,0.2,10800.0,43200.0,32362.11,10837.89,25.09,Net Banking,Completed
ORD-10033,2026-06-18 21:13:32,CUST-1317,Laptop Pro,Electronics,Gujarat,Ahmedabad,Online Store,New,3,75000.0,0.15,33750.0,191250.0,144463.09,46786.91,24.46,Net Banking,Completed
ORD-10034,2026-06-18 17:11:17,CUST-1269,Laptop Pro,Electronics,Gujarat,Ahmedabad,Retail Outlet,Returning,4,75000.0,0.0,0.0,300000.0,191347.23,108652.77,36.22,UPI,Completed
ORD-10035,2026-06-18 11:15:11,CUST-1057,Laptop Pro,Electronics,Karnataka,Bengaluru,Distributor,Returning,3,75000.0,0.05,11250.0,213750.0,145340.95,68409.05,32.0,UPI,Completed
ORD-10036,2026-06-18 10:45:18,CUST-1299,Ultra Smartphone,Electronics,Tamil Nadu,Chennai,Distributor,Returning,4,55000.0,0.1,22000.0,198000.0,130158.91,67841.09,34.26,Net Banking,Completed
ORD-10037,2026-06-18 11:46:14,CUST-1210,Ergonomic Office Chair,Furniture,Gujarat,Surat,Distributor,New,3,18000.0,0.05,2700.0,51300.0,30091.23,21208.77,41.34,UPI,Completed
ORD-10038,2026-06-18 17:49:12,CUST-1007,Laptop Pro,Electronics,Tamil Nadu,Chennai,Direct Sales,New,2,75000.0,0.2,30000.0,120000.0,101358.76,18641.24,15.53,UPI,Completed
ORD-10039,2026-06-18 18:11:31,CUST-1322,USB-C Multiport Dock,Accessories,Gujarat,Vadodara,Online Store,Returning,6,4500.0,0.2,5400.0,21600.0,11779.87,9820.13,45.46,Credit Card,Completed
ORD-10040,2026-06-18 14:38:33,CUST-1146,Mechanical Gaming Keyboard,Electronics,Maharashtra,Pune,Distributor,New,1,6500.0,0.1,650.0,5850.0,3480.78,2369.22,40.5,UPI,Completed
ORD-10041,2026-06-18 19:17:20,CUST-1187,Wireless Noise-Canceling Headphones,Electronics,Tamil Nadu,Chennai,Online Store,Returning,3,12000.0,0.15,5400.0,30600.0,18192.9,12407.1,40.55,Net Banking,Completed
ORD-10042,2026-06-18 12:06:14,CUST-1068,Mechanical Gaming Keyboard,Electronics,Maharashtra,Mumbai,Direct Sales,Returning,1,6500.0,0.2,1300.0,5200.0,3546.73,1653.27,31.79,UPI,Completed
ORD-10043,2026-06-18 17:10:54,CUST-1306,Mechanical Gaming Keyboard,Electronics,Maharashtra,Nagpur,Online Store,Returning,2,6500.0,0.15,1950.0,11050.0,7112.17,3937.83,35.64,UPI,Completed
ORD-10044,2026-06-18 10:29:54,CUST-1233,Wireless Noise-Canceling Headphones,Electronics,Maharashtra,Mumbai,Distributor,New,4,12000.0,0.05,2400.0,45600.0,24773.14,20826.86,45.67,UPI,Completed
ORD-10045,2026-06-18 07:30:02,CUST-1035,USB-C Multiport Dock,Accessories,Maharashtra,Mumbai,Distributor,Returning,2,4500.0,0.05,450.0,8550.0,4126.01,4423.99,51.74,UPI,Completed
ORD-10046,2026-06-18 14:10:56,CUST-1122,Wireless Noise-Canceling Headphones,Electronics,Karnataka,Mysuru,Distributor,Returning,4,12000.0,0.1,4800.0,43200.0,24281.21,18918.79,43.79,UPI,Completed
ORD-10047,2026-06-18 20:05:04,CUST-1250,"4K Monitor 27""",Electronics,Tamil Nadu,Chennai,Retail Outlet,Returning,3,28000.0,0.0,0.0,84000.0,50314.56,33685.44,40.1,Credit Card,Completed
ORD-10048,2026-06-18 17:37:40,CUST-1125,Standing Desk,Furniture,Maharashtra,Pune,Retail Outlet,Returning,2,32000.0,0.15,9600.0,54400.0,40275.12,14124.88,25.96,Debit Card,Completed
ORD-10049,2026-06-18 19:43:16,CUST-1291,"4K Monitor 27""",Electronics,Karnataka,Mysuru,Distributor,Returning,1,28000.0,0.2,5600.0,22400.0,17261.7,5138.3,22.94,Net Banking,Completed
ORD-10050,2026-06-19 11:20:13,CUST-1209,Laptop Pro,Electronics,Karnataka,Mysuru,Online Store,Returning,2,75000.0,0.1,15000.0,135000.0,94958.86,40041.14,29.66,Credit Card,Completed
ORD-10051,2026-06-19 13:40:05,CUST-1210,Wireless Ergonomic Mouse,Accessories,Karnataka,Bengaluru,Distributor,Returning,6,2500.0,0.05,750.0,14250.0,5942.29,8307.71,58.3,UPI,Completed
ORD-10052,2026-06-19 20:52:41,CUST-1218,USB-C Multiport Dock,Accessories,Gujarat,Ahmedabad,Retail Outlet,Returning,5,4500.0,0.25,5625.0,16875.0,10378.21,6496.79,38.5,Debit Card,Completed
ORD-10053,2026-06-19 15:17:21,CUST-1297,"4K Monitor 27""",Electronics,Delhi NCR,New Delhi,Online Store,New,4,28000.0,0.2,22400.0,89600.0,68897.91,20702.09,23.11,Net Banking,Completed
ORD-10054,2026-06-19 07:30:27,CUST-1327,Wireless Ergonomic Mouse,Accessories,Delhi NCR,New Delhi,Retail Outlet,New,4,2500.0,0.25,2500.0,7500.0,4002.86,3497.14,46.63,Debit Card,Completed
ORD-10055,2026-06-19 19:57:55,CUST-1223,Smart Fitness Watch,Accessories,Delhi NCR,Noida,Direct Sales,Returning,2,8500.0,0.0,0.0,17000.0,8524.75,8475.25,49.85,Debit Card,Completed
ORD-10056,2026-06-19 11:03:57,CUST-1174,Ultra Smartphone,Electronics,Maharashtra,Mumbai,Distributor,Returning,3,55000.0,0.1,16500.0,148500.0,99355.81,49144.19,33.09,UPI,Completed
ORD-10057,2026-06-19 13:50:04,CUST-1018,Wireless Noise-Canceling Headphones,Electronics,Maharashtra,Nagpur,Distributor,Returning,2,12000.0,0.1,2400.0,21600.0,11536.2,10063.8,46.59,Debit Card,Completed
ORD-10058,2026-06-19 11:59:14,CUST-1299,"4K Monitor 27""",Electronics,Gujarat,Ahmedabad,Retail Outlet,Returning,3,28000.0,0.05,4200.0,79800.0,53325.52,26474.48,33.18,Credit Card,Completed
ORD-10059,2026-06-19 15:47:01,CUST-1075,USB-C Multiport Dock,Accessories,Delhi NCR,New Delhi,Direct Sales,New,2,4500.0,0.25,2250.0,6750.0,3982.46,2767.54,41.0,Debit Card,Completed
ORD-10060,2026-06-19 20:30:41,CUST-1195,"4K Monitor 27""",Electronics,Gujarat,Ahmedabad,Distributor,Returning,3,28000.0,0.15,12600.0,71400.0,53390.1,18009.9,25.22,Credit Card,Completed
ORD-10061,2026-06-19 12:46:32,CUST-1112,Standing Desk,Furniture,Gujarat,Vadodara,Direct Sales,Returning,4,32000.0,0.2,25600.0,102400.0,82689.53,19710.47,19.25,Debit Card,Completed
ORD-10062,2026-06-19 14:36:03,CUST-1012,Wireless Ergonomic Mouse,Accessories,Delhi NCR,Gurugram,Direct Sales,Returning,7,2500.0,0.1,1750.0,15750.0,7211.51,8538.49,54.21,UPI,Completed
ORD-10063,2026-06-19 08:45:35,CUST-1085,Laptop Pro,Electronics,Karnataka,Bengaluru,Online Store,Returning,4,75000.0,0.05,15000.0,285000.0,190843.4,94156.6,33.04,Net Banking,Completed
ORD-10064,2026-06-19 10:58:52,CUST-1342,Standing Desk,Furniture,Karnataka,Bengaluru,Online Store,New,1,32000.0,0.0,0.0,32000.0,20620.06,11379.94,35.56,Debit Card,Completed
ORD-10065,2026-06-19 08:22:11,CUST-1310,Wireless Ergonomic Mouse,Accessories,Delhi NCR,Gurugram,Retail Outlet,Returning,2,2500.0,0.15,750.0,4250.0,2072.69,2177.31,51.23,UPI,Completed
ORD-10066,2026-06-19 19:48:13,CUST-1071,Ultra Smartphone,Electronics,Maharashtra,Pune,Distributor,Returning,4,55000.0,0.0,0.0,220000.0,130686.79,89313.21,40.6,Credit Card,Completed
ORD-10067,2026-06-19 20:37:44,CUST-1296,Laptop Pro,Electronics,Gujarat,Surat,Retail Outlet,Returning,1,75000.0,0.2,15000.0,60000.0,48807.36,11192.64,18.65,Debit Card,Completed
ORD-10068,2026-06-19 17:06:02,CUST-1218,Ergonomic Office Chair,Furniture,Maharashtra,Mumbai,Direct Sales,Returning,3,18000.0,0.15,8100.0,45900.0,32293.9,13606.1,29.64,Net Banking,Completed
ORD-10069,2026-06-19 14:51:10,CUST-1156,Ultra Smartphone,Electronics,Gujarat,Vadodara,Direct Sales,New,3,55000.0,0.0,0.0,165000.0,101347.92,63652.08,38.58,Net Banking,Completed
ORD-10070,2026-06-19 18:19:53,CUST-1012,Mechanical Gaming Keyboard,Electronics,Maharashtra,Pune,Direct Sales,Returning,1,6500.0,0.25,1625.0,4875.0,3629.11,1245.89,25.56,Credit Card,Completed
ORD-10071,2026-06-19 15:50:21,CUST-1065,Standing Desk,Furniture,Maharashtra,Pune,Distributor,Returning,3,32000.0,0.15,14400.0,81600.0,62844.85,18755.15,22.98,Debit Card,Completed
ORD-10072,2026-06-19 18:51:07,CUST-1230,Smart Fitness Watch,Accessories,Gujarat,Ahmedabad,Online Store,New,4,8500.0,0.0,0.0,34000.0,17097.62,16902.38,49.71,Credit Card,Completed
ORD-10073,2026-06-19 15:42:23,CUST-1307,Wireless Noise-Canceling Headphones,Electronics,Tamil Nadu,Coimbatore,Distributor,Returning,1,12000.0,0.05,600.0,11400.0,5953.08,5446.92,47.78,Debit Card,Completed
ORD-10074,2026-06-19 12:00:46,CUST-1083,Ultra Smartphone,Electronics,Tamil Nadu,Chennai,Online Store,New,1,55000.0,0.05,2750.0,52250.0,32329.18,19920.82,38.13,Net Banking,Completed
ORD-10075,2026-06-19 07:56:07,CUST-1331,Ergonomic Office Chair,Furniture,Gujarat,Ahmedabad,Direct Sales,Returning,3,18000.0,0.0,0.0,54000.0,31150.42,22849.58,42.31,UPI,Completed
ORD-10076,2026-06-19 15:27:59,CUST-1332,Wireless Noise-Canceling Headphones,Electronics,Gujarat,Vadodara,Online Store,Returning,4,12000.0,0.0,0.0,48000.0,24548.08,23451.92,48.86,Net Banking,Completed
ORD-10077,2026-06-19 12:13:33,CUST-1290,Mechanical Gaming Keyboard,Electronics,Karnataka,Mysuru,Direct Sales,New,4,6500.0,0.1,2600.0,23400.0,14759.18,8640.82,36.93,UPI,Completed
ORD-10078,2026-06-19 18:02:11,CUST-1181,Laptop Pro,Electronics,Delhi NCR,New Delhi,Direct Sales,Returning,3,75000.0,0.2,45000.0,180000.0,141749.4,38250.6,21.25,Net Banking,Completed
ORD-10079,2026-06-19 07:30:00,CUST-1331,Standing Desk,Furniture,Tamil Nadu,Coimbatore,Direct Sales,Returning,2,32000.0,0.2,12800.0,51200.0,40627.3,10572.7,20.65,UPI,Completed
ORD-10080,2026-06-19 08:08:14,CUST-1129,Wireless Ergonomic Mouse,Accessories,Maharashtra,Pune,Distributor,Returning,5,2500.0,0.1,1250.0,11250.0,4873.62,6376.38,56.68,UPI,Cancelled
ORD-10081,2026-06-19 18:48:45,CUST-1102,USB-C Multiport Dock,Accessories,Gujarat,Vadodara,Direct Sales,New,8,4500.0,0.05,1800.0,34200.0,16168.82,18031.18,52.72,Net Banking,Completed
ORD-10082,2026-06-19 13:58:03,CUST-1198,Mechanical Gaming Keyboard,Electronics,Gujarat,Ahmedabad,Online Store,Returning,4,6500.0,0.1,2600.0,23400.0,14332.8,9067.2,38.75,Net Banking,Completed
ORD-10083,2026-06-19 12:40:19,CUST-1155,Laptop Pro,Electronics,Maharashtra,Mumbai,Online Store,Returning,1,75000.0,0.05,3750.0,71250.0,47761.93,23488.07,32.97,Net Banking,Completed
ORD-10084,2026-06-19 17:12:22,CUST-1063,Wireless Noise-Canceling Headphones,Electronics,Tamil Nadu,Chennai,Distributor,Returning,3,12000.0,0.0,0.0,36000.0,18046.35,17953.65,49.87,Debit Card,Completed
ORD-10085,2026-06-19 11:46:56,CUST-1315,Mechanical Gaming Keyboard,Electronics,Gujarat,Ahmedabad,Retail Outlet,Returning,3,6500.0,0.2,3900.0,15600.0,10396.22,5203.78,33.36,Debit Card,Completed
ORD-10086,2026-06-19 14:17:07,CUST-1273,Ergonomic Office Chair,Furniture,Karnataka,Bengaluru,Direct Sales,New,4,18000.0,0.15,10800.0,61200.0,41751.09,19448.91,31.78,Debit Card,Completed
ORD-10087,2026-06-19 17:00:09,CUST-1193,Mechanical Gaming Keyboard,Electronics,Tamil Nadu,Coimbatore,Direct Sales,New,1,6500.0,0.05,325.0,6175.0,3615.79,2559.21,41.44,Credit Card,Completed
ORD-10088,2026-06-20 15:31:34,CUST-1230,Ultra Smartphone,Electronics,Karnataka,Mysuru,Online Store,New,2,55000.0,0.2,22000.0,88000.0,64019.4,23980.6,27.25,Credit Card,Completed
ORD-10089,2026-06-20 15:11:07,CUST-1291,Smart Fitness Watch,Accessories,Gujarat,Surat,Direct Sales,Returning,3,8500.0,0.05,1275.0,24225.0,13769.45,10455.55,43.16,Debit Card,Completed
ORD-10090,2026-06-20 17:23:51,CUST-1256,Ultra Smartphone,Electronics,Maharashtra,Nagpur,Distributor,Returning,3,55000.0,0.15,24750.0,140250.0,102939.91,37310.09,26.6,Net Banking,Completed
ORD-10091,2026-06-20 09:13:41,CUST-1150,USB-C Multiport Dock,Accessories,Maharashtra,Nagpur,Direct Sales,Returning,7,4500.0,0.1,3150.0,28350.0,13823.37,14526.63,51.24,Net Banking,Completed
ORD-10092,2026-06-20 18:23:29,CUST-1304,Ultra Smartphone,Electronics,Delhi NCR,Gurugram,Online Store,New,1,55000.0,0.1,5500.0,49500.0,32596.29,16903.71,34.15,UPI,Completed
ORD-10093,2026-06-20 15:40:57,CUST-1223,Wireless Ergonomic Mouse,Accessories,Delhi NCR,Noida,Direct Sales,New,6,2500.0,0.15,2250.0,12750.0,6143.19,6606.81,51.82,UPI,Completed
ORD-10094,2026-06-20 08:21:04,CUST-1257,"4K Monitor 27""",Electronics,Tamil Nadu,Coimbatore,Online Store,Returning,3,28000.0,0.1,8400.0,75600.0,50047.02,25552.98,33.8,Debit Card,Completed
ORD-10095,2026-06-20 08:11:58,CUST-1042,Ultra Smartphone,Electronics,Maharashtra,Pune,Retail Outlet,New,4,55000.0,0.15,33000.0,187000.0,130503.53,56496.47,30.21,UPI,Completed
ORD-10096,2026-06-20 14:52:39,CUST-1305,Mechanical Gaming Keyboard,Electronics,Delhi NCR,Gurugram,Retail Outlet,Returning,2,6500.0,0.0,0.0,13000.0,7245.74,5754.26,44.26,Net Banking,Completed
ORD-10097,2026-06-20 08:43:10,CUST-1268,Smart Fitness Watch,Accessories,Karnataka,Bengaluru,Direct Sales,Returning,5,8500.0,0.2,8500.0,34000.0,22879.4,11120.6,32.71,Debit Card,Cancelled
ORD-10098,2026-06-20 15:51:12,CUST-1298,"4K Monitor 27""",Electronics,Gujarat,Vadodara,Direct Sales,Returning,4,28000.0,0.2,22400.0,89600.0,66903.99,22696.01,25.33,UPI,Completed
ORD-10099,2026-06-20 17:11:28,CUST-1141,Wireless Noise-Canceling Headphones,Electronics,Tamil Nadu,Coimbatore,Online Store,Returning,1,12000.0,0.0,0.0,12000.0,6204.26,5795.74,48.3,Net Banking,Completed
ORD-10100,2026-06-20 15:31:32,CUST-1263,Ultra Smartphone,Electronics,Maharashtra,Pune,Direct Sales,Returning,3,55000.0,0.25,41250.0,123750.0,97623.16,26126.84,21.11,UPI,Completed
ORD-10101,2026-06-20 15:09:41,CUST-1137,Wireless Noise-Canceling Headphones,Electronics,Gujarat,Ahmedabad,Distributor,Returning,3,12000.0,0.05,1800.0,34200.0,18586.39,15613.61,45.65,Net Banking,Completed
ORD-10102,2026-06-20 08:31:16,CUST-1093,Standing Desk,Furniture,Delhi NCR,Gurugram,Retail Outlet,New,1,32000.0,0.2,6400.0,25600.0,20403.58,5196.42,20.3,Net Banking,Completed
ORD-10103,2026-06-20 17:49:58,CUST-1138,Wireless Ergonomic Mouse,Accessories,Maharashtra,Nagpur,Online Store,New,7,2500.0,0.0,0.0,17500.0,7269.61,10230.39,58.46,UPI,Completed
ORD-10104,2026-06-20 07:46:26,CUST-1176,USB-C Multiport Dock,Accessories,Tamil Nadu,Chennai,Distributor,Returning,6,4500.0,0.1,2700.0,24300.0,12436.98,11863.02,48.82,Net Banking,Completed
ORD-10105,2026-06-20 16:44:33,CUST-1331,USB-C Multiport Dock,Accessories,Maharashtra,Nagpur,Direct Sales,Returning,5,4500.0,0.05,1125.0,21375.0,10327.22,11047.78,51.69,Debit Card,Completed
ORD-10106,2026-06-20 08:31:59,CUST-1225,Wireless Noise-Canceling Headphones,Electronics,Maharashtra,Mumbai,Distributor,New,4,12000.0,0.05,2400.0,45600.0,24210.66,21389.34,46.91,Credit Card,Completed
ORD-10107,2026-06-20 16:04:57,CUST-1309,Ultra Smartphone,Electronics,Maharashtra,Pune,Direct Sales,Returning,3,55000.0,0.05,8250.0,156750.0,100766.29,55983.71,35.72,Debit Card,Completed
ORD-10108,2026-06-20 12:46:10,CUST-1203,Ultra Smartphone,Electronics,Delhi NCR,Noida,Direct Sales,Returning,3,55000.0,0.05,8250.0,156750.0,97295.93,59454.07,37.93,UPI,Completed
ORD-10109,2026-06-20 10:40:31,CUST-1173,Mechanical Gaming Keyboard,Electronics,Gujarat,Vadodara,Direct Sales,Returning,3,6500.0,0.15,2925.0,16575.0,10801.96,5773.04,34.83,UPI,Completed
ORD-10110,2026-06-20 16:51:23,CUST-1242,Wireless Noise-Canceling Headphones,Electronics,Karnataka,Mysuru,Distributor,Returning,1,12000.0,0.2,2400.0,9600.0,5952.72,3647.28,37.99,UPI,Completed
ORD-10111,2026-06-20 08:11:12,CUST-1058,Laptop Pro,Electronics,Karnataka,Mysuru,Retail Outlet,Returning,4,75000.0,0.15,45000.0,255000.0,189522.93,65477.07,25.68,UPI,Completed
ORD-10112,2026-06-20 09:31:35,CUST-1052,Laptop Pro,Electronics,Tamil Nadu,Coimbatore,Online Store,Returning,1,75000.0,0.05,3750.0,71250.0,48010.63,23239.37,32.62,UPI,Completed
ORD-10113,2026-06-20 12:25:19,CUST-1233,Ergonomic Office Chair,Furniture,Maharashtra,Mumbai,Distributor,Returning,1,18000.0,0.25,4500.0,13500.0,10705.4,2794.6,20.7,UPI,Completed
ORD-10114,2026-06-20 16:37:43,CUST-1288,Wireless Ergonomic Mouse,Accessories,Gujarat,Vadodara,Retail Outlet,New,5,2500.0,0.05,625.0,11875.0,5102.91,6772.09,57.03,Debit Card,Completed
ORD-10115,2026-06-20 18:15:57,CUST-1163,Ergonomic Office Chair,Furniture,Gujarat,Vadodara,Online Store,Returning,2,18000.0,0.15,5400.0,30600.0,20503.01,10096.99,33.0,UPI,Completed
ORD-10116,2026-06-20 10:28:00,CUST-1248,Laptop Pro,Electronics,Maharashtra,Pune,Direct Sales,Returning,2,75000.0,0.1,15000.0,135000.0,98242.11,36757.89,27.23,Credit Card,Completed
ORD-10117,2026-06-20 18:52:55,CUST-1270,Laptop Pro,Electronics,Maharashtra,Nagpur,Distributor,Returning,3,75000.0,0.0,0.0,225000.0,143663.65,81336.35,36.15,Net Banking,Completed
ORD-10118,2026-06-20 11:30:26,CUST-1047,USB-C Multiport Dock,Accessories,Gujarat,Ahmedabad,Distributor,Returning,5,4500.0,0.25,5625.0,16875.0,10444.56,6430.44,38.11,Net Banking,Completed
ORD-10119,2026-06-21 07:26:00,CUST-1078,Wireless Ergonomic Mouse,Accessories,Gujarat,Surat,Distributor,Returning,8,2500.0,0.1,2000.0,18000.0,8072.99,9927.01,55.15,UPI,Completed
ORD-10120,2026-06-21 10:21:38,CUST-1162,Ergonomic Office Chair,Furniture,Tamil Nadu,Coimbatore,Retail Outlet,Returning,1,18000.0,0.2,3600.0,14400.0,10806.05,3593.95,24.96,Net Banking,Completed
ORD-10121,2026-06-21 13:05:12,CUST-1287,Mechanical Gaming Keyboard,Electronics,Karnataka,Bengaluru,Direct Sales,New,3,6500.0,0.15,2925.0,16575.0,10704.29,5870.71,35.42,Net Banking,Completed
ORD-10122,2026-06-21 07:36:37,CUST-1149,Wireless Ergonomic Mouse,Accessories,Karnataka,Bengaluru,Retail Outlet,New,1,2500.0,0.25,625.0,1875.0,971.3,903.7,48.2,Credit Card,Completed
ORD-10123,2026-06-21 19:09:58,CUST-1343,Wireless Noise-Canceling Headphones,Electronics,Tamil Nadu,Coimbatore,Retail Outlet,New,2,12000.0,0.1,2400.0,21600.0,12110.39,9489.61,43.93,UPI,Completed
ORD-10124,2026-06-21 15:36:37,CUST-1225,"4K Monitor 27""",Electronics,Maharashtra,Nagpur,Retail Outlet,New,3,28000.0,0.15,12600.0,71400.0,51013.92,20386.08,28.55,Net Banking,Completed
ORD-10125,2026-06-21 07:59:52,CUST-1048,Ultra Smartphone,Electronics,Gujarat,Vadodara,Direct Sales,Returning,3,55000.0,0.05,8250.0,156750.0,98887.29,57862.71,36.91,Net Banking,Completed
ORD-10126,2026-06-21 16:07:42,CUST-1230,"4K Monitor 27""",Electronics,Maharashtra,Pune,Online Store,Returning,4,28000.0,0.15,16800.0,95200.0,72129.45,23070.55,24.23,Net Banking,Completed
ORD-10127,2026-06-21 07:20:11,CUST-1260,Standing Desk,Furniture,Karnataka,Bengaluru,Online Store,New,3,32000.0,0.15,14400.0,81600.0,60675.31,20924.69,25.64,Credit Card,Completed
ORD-10128,2026-06-21 07:32:59,CUST-1112,Ultra Smartphone,Electronics,Karnataka,Bengaluru,Retail Outlet,New,2,55000.0,0.1,11000.0,99000.0,65737.55,33262.45,33.6,Net Banking,Completed
ORD-10129,2026-06-21 10:50:11,CUST-1276,USB-C Multiport Dock,Accessories,Delhi NCR,Gurugram,Retail Outlet,New,3,4500.0,0.05,675.0,12825.0,5915.81,6909.19,53.87,Debit Card,Completed
ORD-10130,2026-06-21 11:21:49,CUST-1272,Smart Fitness Watch,Accessories,Karnataka,Bengaluru,Direct Sales,New,3,8500.0,0.15,3825.0,21675.0,12944.31,8730.69,40.28,Credit Card,Completed
ORD-10131,2026-06-21 12:34:23,CUST-1327,Mechanical Gaming Keyboard,Electronics,Tamil Nadu,Chennai,Distributor,Returning,3,6500.0,0.15,2925.0,16575.0,10709.83,5865.17,35.39,Debit Card,Completed
ORD-10132,2026-06-21 18:00:29,CUST-1050,Wireless Noise-Canceling Headphones,Electronics,Karnataka,Mysuru,Retail Outlet,Returning,3,12000.0,0.05,1800.0,34200.0,17986.39,16213.61,47.41,UPI,Completed
ORD-10133,2026-06-21 18:40:31,CUST-1018,Laptop Pro,Electronics,Delhi NCR,Gurugram,Retail Outlet,Returning,2,75000.0,0.1,15000.0,135000.0,96133.53,38866.47,28.79,Credit Card,Completed
ORD-10134,2026-06-21 09:24:56,CUST-1110,Wireless Ergonomic Mouse,Accessories,Maharashtra,Mumbai,Online Store,Returning,1,2500.0,0.05,125.0,2375.0,999.18,1375.82,57.93,Net Banking,Completed
ORD-10135,2026-06-21 14:45:11,CUST-1048,Standing Desk,Furniture,Gujarat,Ahmedabad,Direct Sales,Returning,3,32000.0,0.2,19200.0,76800.0,60631.55,16168.45,21.05,Net Banking,Completed
ORD-10136,2026-06-21 13:40:11,CUST-1201,Standing Desk,Furniture,Maharashtra,Nagpur,Retail Outlet,Returning,3,32000.0,0.25,24000.0,72000.0,60193.84,11806.16,16.4,Net Banking,Cancelled
ORD-10137,2026-06-21 14:13:34,CUST-1341,"4K Monitor 27""",Electronics,Maharashtra,Nagpur,Retail Outlet,Returning,3,28000.0,0.2,16800.0,67200.0,53392.1,13807.9,20.55,Credit Card,Completed
ORD-10138,2026-06-21 16:12:16,CUST-1189,"4K Monitor 27""",Electronics,Karnataka,Mysuru,Distributor,Returning,2,28000.0,0.05,2800.0,53200.0,34633.08,18566.92,34.9,Credit Card,Completed
ORD-10139,2026-06-21 10:09:53,CUST-1227,Mechanical Gaming Keyboard,Electronics,Gujarat,Ahmedabad,Retail Outlet,Returning,3,6500.0,0.05,975.0,18525.0,10668.78,7856.22,42.41,Debit Card,Completed
ORD-10140,2026-06-21 18:16:03,CUST-1001,Mechanical Gaming Keyboard,Electronics,Maharashtra,Mumbai,Retail Outlet,Returning,1,6500.0,0.2,1300.0,5200.0,3686.8,1513.2,29.1,Net Banking,Completed
ORD-10141,2026-06-21 11:35:10,CUST-1020,"4K Monitor 27""",Electronics,Maharashtra,Mumbai,Retail Outlet,New,1,28000.0,0.05,1400.0,26600.0,16895.38,9704.62,36.48,Debit Card,Completed
ORD-10142,2026-06-21 11:37:37,CUST-1097,"4K Monitor 27""",Electronics,Maharashtra,Mumbai,Distributor,Returning,4,28000.0,0.05,5600.0,106400.0,71437.39,34962.61,32.86,Credit Card,Completed
ORD-10143,2026-06-21 15:19:59,CUST-1271,USB-C Multiport Dock,Accessories,Maharashtra,Pune,Direct Sales,Returning,2,4500.0,0.25,2250.0,6750.0,4181.22,2568.78,38.06,Net Banking,Completed
ORD-10144,2026-06-21 10:56:54,CUST-1075,Wireless Ergonomic Mouse,Accessories,Gujarat,Ahmedabad,Online Store,Returning,6,2500.0,0.05,750.0,14250.0,6084.4,8165.6,57.3,Debit Card,Completed
ORD-10145,2026-06-21 18:16:32,CUST-1163,Standing Desk,Furniture,Karnataka,Mysuru,Retail Outlet,Returning,4,32000.0,0.15,19200.0,108800.0,81836.58,26963.42,24.78,Net Banking,Completed
ORD-10146,2026-06-21 13:03:55,CUST-1265,Mechanical Gaming Keyboard,Electronics,Karnataka,Bengaluru,Online Store,New,4,6500.0,0.25,6500.0,19500.0,14547.94,4952.06,25.4,Debit Card,Completed
ORD-10147,2026-06-21 10:38:02,CUST-1107,USB-C Multiport Dock,Accessories,Karnataka,Bengaluru,Direct Sales,Returning,1,4500.0,0.0,0.0,4500.0,1977.45,2522.55,56.06,Credit Card,Completed
ORD-10148,2026-06-21 10:17:23,CUST-1193,USB-C Multiport Dock,Accessories,Delhi NCR,New Delhi,Distributor,Returning,6,4500.0,0.2,5400.0,21600.0,12428.19,9171.81,42.46,Net Banking,Completed
ORD-10149,2026-06-21 17:29:20,CUST-1105,Wireless Noise-Canceling Headphones,Electronics,Maharashtra,Mumbai,Retail Outlet,Returning,3,12000.0,0.25,9000.0,27000.0,18014.17,8985.83,33.28,Credit Card,Completed
ORD-10150,2026-06-21 11:37:22,CUST-1173,USB-C Multiport Dock,Accessories,Gujarat,Surat,Online Store,Returning,2,4500.0,0.15,1350.0,7650.0,4086.46,3563.54,46.58,UPI,Completed
ORD-10151,2026-06-21 08:13:57,CUST-1062,USB-C Multiport Dock,Accessories,Maharashtra,Mumbai,Online Store,Returning,1,4500.0,0.1,450.0,4050.0,1946.99,2103.01,51.93,Net Banking,Completed
ORD-10152,2026-06-21 12:44:28,CUST-1145,Ultra Smartphone,Electronics,Delhi NCR,New Delhi,Retail Outlet,Returning,2,55000.0,0.15,16500.0,93500.0,63647.78,29852.22,31.93,Net Banking,Completed
ORD-10153,2026-06-21 20:12:39,CUST-1162,Smart Fitness Watch,Accessories,Maharashtra,Pune,Direct Sales,New,6,8500.0,0.0,0.0,51000.0,25857.03,25142.97,49.3,Credit Card,Completed
ORD-10154,2026-06-21 18:55:33,CUST-1275,Laptop Pro,Electronics,Karnataka,Mysuru,Distributor,New,1,75000.0,0.0,0.0,75000.0,50390.29,24609.71,32.81,Debit Card,Completed
ORD-10155,2026-06-21 09:31:35,CUST-1108,USB-C Multiport Dock,Accessories,Maharashtra,Pune,Distributor,Returning,7,4500.0,0.2,6300.0,25200.0,14617.42,10582.58,41.99,Net Banking,Completed
ORD-10156,2026-06-21 21:12:05,CUST-1280,Standing Desk,Furniture,Karnataka,Bengaluru,Direct Sales,New,2,32000.0,0.15,9600.0,54400.0,39641.72,14758.28,27.13,UPI,Completed
ORD-10157,2026-06-21 15:28:21,CUST-1210,Laptop Pro,Electronics,Delhi NCR,New Delhi,Online Store,Returning,3,75000.0,0.0,0.0,225000.0,142365.44,82634.56,36.73,Credit Card,Completed
ORD-10158,2026-06-21 18:37:18,CUST-1041,"4K Monitor 27""",Electronics,Gujarat,Surat,Distributor,New,1,28000.0,0.25,7000.0,21000.0,16806.91,4193.09,19.97,Debit Card,Completed
ORD-10159,2026-06-21 08:09:06,CUST-1253,Wireless Ergonomic Mouse,Accessories,Karnataka,Bengaluru,Retail Outlet,Returning,7,2500.0,0.15,2625.0,14875.0,7017.01,7857.99,52.83,Credit Card,Completed
ORD-10160,2026-06-21 13:05:59,CUST-1014,Standing Desk,Furniture,Maharashtra,Nagpur,Distributor,Returning,4,32000.0,0.1,12800.0,115200.0,79068.51,36131.49,31.36,Debit Card,Completed
ORD-10161,2026-06-21 19:51:54,CUST-1326,Mechanical Gaming Keyboard,Electronics,Karnataka,Mysuru,Retail Outlet,New,1,6500.0,0.1,650.0,5850.0,3432.27,2417.73,41.33,Credit Card,Completed
ORD-10162,2026-06-21 18:15:57,CUST-1076,Smart Fitness Watch,Accessories,Gujarat,Ahmedabad,Retail Outlet,Returning,1,8500.0,0.15,1275.0,7225.0,4394.59,2830.41,39.18,Debit Card,Completed
ORD-10163,2026-06-21 13:23:47,CUST-1171,Wireless Noise-Canceling Headphones,Electronics,Maharashtra,Nagpur,Distributor,Returning,1,12000.0,0.0,0.0,12000.0,6143.48,5856.52,48.8,UPI,Completed
ORD-10164,2026-06-21 16:29:14,CUST-1200,Mechanical Gaming Keyboard,Electronics,Karnataka,Mysuru,Distributor,Returning,3,6500.0,0.2,3900.0,15600.0,10341.21,5258.79,33.71,Net Banking,Completed
ORD-10165,2026-06-21 13:46:12,CUST-1171,Wireless Ergonomic Mouse,Accessories,Tamil Nadu,Coimbatore,Direct Sales,New,3,2500.0,0.05,375.0,7125.0,3074.92,4050.08,56.84,Credit Card,Completed
ORD-10166,2026-06-21 17:16:16,CUST-1276,Ultra Smartphone,Electronics,Maharashtra,Pune,Online Store,Returning,2,55000.0,0.25,27500.0,82500.0,67917.42,14582.58,17.68,Net Banking,Completed
ORD-10167,2026-06-21 14:37:38,CUST-1248,Wireless Noise-Canceling Headphones,Electronics,Karnataka,Bengaluru,Retail Outlet,New,4,12000.0,0.15,7200.0,40800.0,23487.44,17312.56,42.43,Debit Card,Completed
ORD-10168,2026-06-21 09:49:40,CUST-1290,Wireless Noise-Canceling Headphones,Electronics,Maharashtra,Pune,Retail Outlet,Returning,1,12000.0,0.15,1800.0,10200.0,6205.43,3994.57,39.16,Credit Card,Completed
ORD-10169,2026-06-21 16:20:23,CUST-1263,Ergonomic Office Chair,Furniture,Maharashtra,Nagpur,Direct Sales,Returning,2,18000.0,0.2,7200.0,28800.0,20510.95,8289.05,28.78,Debit Card,Completed
ORD-10170,2026-06-21 07:56:06,CUST-1301,Ergonomic Office Chair,Furniture,Gujarat,Surat,Online Store,Returning,1,18000.0,0.0,0.0,18000.0,10340.49,7659.51,42.55,Debit Card,Completed
ORD-10171,2026-06-21 09:04:55,CUST-1191,Wireless Ergonomic Mouse,Accessories,Karnataka,Mysuru,Distributor,New,6,2500.0,0.0,0.0,15000.0,6221.31,8778.69,58.52,Debit Card,Completed
ORD-10172,2026-06-21 19:34:50,CUST-1232,Standing Desk,Furniture,Delhi NCR,Noida,Direct Sales,Returning,1,32000.0,0.2,6400.0,25600.0,20307.56,5292.44,20.67,Debit Card,Completed
ORD-10173,2026-06-21 19:15:48,CUST-1287,Mechanical Gaming Keyboard,Electronics,Maharashtra,Mumbai,Distributor,Returning,3,6500.0,0.2,3900.0,15600.0,10635.99,4964.01,31.82,Credit Card,Completed
ORD-10174,2026-06-21 18:24:32,CUST-1195,Smart Fitness Watch,Accessories,Delhi NCR,Noida,Direct Sales,New,5,8500.0,0.2,8500.0,34000.0,22860.5,11139.5,32.76,Net Banking,Completed
ORD-10175,2026-06-22 07:46:47,CUST-1230,Laptop Pro,Electronics,Maharashtra,Mumbai,Retail Outlet,Returning,3,75000.0,0.15,33750.0,191250.0,148109.0,43141.0,22.56,Credit Card,Completed
ORD-10176,2026-06-22 10:27:25,CUST-1181,Wireless Ergonomic Mouse,Accessories,Gujarat,Vadodara,Online Store,New,5,2500.0,0.1,1250.0,11250.0,4901.56,6348.44,56.43,UPI,Cancelled
ORD-10177,2026-06-22 07:21:48,CUST-1258,Wireless Noise-Canceling Headphones,Electronics,Gujarat,Surat,Retail Outlet,New,3,12000.0,0.15,5400.0,30600.0,18001.02,12598.98,41.17,UPI,Completed
ORD-10178,2026-06-22 17:51:05,CUST-1105,"4K Monitor 27""",Electronics,Tamil Nadu,Coimbatore,Distributor,New,3,28000.0,0.1,8400.0,75600.0,53605.39,21994.61,29.09,Debit Card,Completed
ORD-10179,2026-06-22 15:09:23,CUST-1204,Mechanical Gaming Keyboard,Electronics,Maharashtra,Mumbai,Distributor,Returning,1,6500.0,0.15,975.0,5525.0,3514.99,2010.01,36.38,Net Banking,Completed
ORD-10180,2026-06-22 12:52:44,CUST-1335,Ergonomic Office Chair,Furniture,Gujarat,Surat,Online Store,Returning,4,18000.0,0.0,0.0,72000.0,40723.88,31276.12,43.44,Net Banking,Completed
ORD-10181,2026-06-22 15:41:49,CUST-1063,Standing Desk,Furniture,Karnataka,Bengaluru,Retail Outlet,New,1,32000.0,0.25,8000.0,24000.0,20539.45,3460.55,14.42,Debit Card,Completed
ORD-10182,2026-06-22 16:16:23,CUST-1344,USB-C Multiport Dock,Accessories,Maharashtra,Nagpur,Online Store,Returning,1,4500.0,0.0,0.0,4500.0,2000.1,2499.9,55.55,Credit Card,Completed
ORD-10183,2026-06-22 14:06:06,CUST-1268,"4K Monitor 27""",Electronics,Maharashtra,Mumbai,Retail Outlet,Returning,4,28000.0,0.15,16800.0,95200.0,71112.57,24087.43,25.3,UPI,Completed
ORD-10184,2026-06-22 13:35:53,CUST-1001,"4K Monitor 27""",Electronics,Maharashtra,Pune,Direct Sales,Returning,1,28000.0,0.25,7000.0,21000.0,16752.27,4247.73,20.23,Debit Card,Completed
ORD-10185,2026-06-22 11:22:44,CUST-1087,USB-C Multiport Dock,Accessories,Delhi NCR,New Delhi,Direct Sales,Returning,3,4500.0,0.25,3375.0,10125.0,6096.6,4028.4,39.79,Debit Card,Completed
ORD-10186,2026-06-22 13:07:26,CUST-1209,"4K Monitor 27""",Electronics,Delhi NCR,New Delhi,Retail Outlet,Returning,4,28000.0,0.25,28000.0,84000.0,70442.17,13557.83,16.14,Debit Card,Completed
ORD-10187,2026-06-22 18:50:04,CUST-1140,Wireless Ergonomic Mouse,Accessories,Tamil Nadu,Coimbatore,Online Store,New,5,2500.0,0.05,625.0,11875.0,5131.33,6743.67,56.79,Debit Card,Completed
ORD-10188,2026-06-22 17:17:31,CUST-1154,Ergonomic Office Chair,Furniture,Tamil Nadu,Chennai,Direct Sales,New,4,18000.0,0.25,18000.0,54000.0,40520.03,13479.97,24.96,Credit Card,Completed
ORD-10189,2026-06-22 19:45:37,CUST-1153,Mechanical Gaming Keyboard,Electronics,Maharashtra,Nagpur,Direct Sales,Returning,2,6500.0,0.2,2600.0,10400.0,6865.01,3534.99,33.99,Net Banking,Completed
ORD-10190,2026-06-22 11:28:09,CUST-1024,"4K Monitor 27""",Electronics,Maharashtra,Mumbai,Direct Sales,New,2,28000.0,0.15,8400.0,47600.0,36038.87,11561.13,24.29,UPI,Cancelled
ORD-10191,2026-06-22 07:47:59,CUST-1137,Ergonomic Office Chair,Furniture,Tamil Nadu,Chennai,Retail Outlet,New,4,18000.0,0.1,7200.0,64800.0,42406.0,22394.0,34.56,Net Banking,Completed
ORD-10192,2026-06-22 17:29:03,CUST-1349,Wireless Ergonomic Mouse,Accessories,Gujarat,Ahmedabad,Distributor,New,7,2500.0,0.15,2625.0,14875.0,6871.52,8003.48,53.8,Net Banking,Completed
ORD-10193,2026-06-22 14:39:10,CUST-1281,Wireless Ergonomic Mouse,Accessories,Gujarat,Vadodara,Retail Outlet,Returning,3,2500.0,0.2,1500.0,6000.0,2962.7,3037.3,50.62,UPI,Completed
ORD-10194,2026-06-22 14:08:07,CUST-1007,Standing Desk,Furniture,Gujarat,Surat,Retail Outlet,Returning,2,32000.0,0.1,6400.0,57600.0,42012.09,15587.91,27.06,Credit Card,Completed
ORD-10195,2026-06-22 15:42:20,CUST-1201,Ergonomic Office Chair,Furniture,Delhi NCR,Noida,Direct Sales,Returning,1,18000.0,0.0,0.0,18000.0,10733.67,7266.33,40.37,Net Banking,Completed
ORD-10196,2026-06-22 20:57:04,CUST-1160,Mechanical Gaming Keyboard,Electronics,Maharashtra,Pune,Distributor,Returning,4,6500.0,0.15,3900.0,22100.0,14086.83,8013.17,36.26,Credit Card,Completed
ORD-10197,2026-06-22 12:23:34,CUST-1272,Ergonomic Office Chair,Furniture,Karnataka,Bengaluru,Retail Outlet,Returning,2,18000.0,0.0,0.0,36000.0,20749.86,15250.14,42.36,Net Banking,Completed
ORD-10198,2026-06-22 07:18:58,CUST-1338,Standing Desk,Furniture,Maharashtra,Pune,Distributor,New,3,32000.0,0.0,0.0,96000.0,60145.64,35854.36,37.35,Debit Card,Completed
ORD-10199,2026-06-22 10:25:33,CUST-1079,USB-C Multiport Dock,Accessories,Tamil Nadu,Chennai,Direct Sales,Returning,4,4500.0,0.05,900.0,17100.0,8393.54,8706.46,50.91,UPI,Completed
ORD-10200,2026-06-22 09:14:59,CUST-1175,Wireless Noise-Canceling Headphones,Electronics,Tamil Nadu,Chennai,Retail Outlet,Returning,2,12000.0,0.2,4800.0,19200.0,11755.28,7444.72,38.77,Debit Card,Completed
ORD-10201,2026-06-22 17:07:12,CUST-1096,Wireless Noise-Canceling Headphones,Electronics,Karnataka,Mysuru,Distributor,Returning,4,12000.0,0.25,12000.0,36000.0,23795.95,12204.05,33.9,Net Banking,Completed
ORD-10202,2026-06-22 18:17:51,CUST-1113,USB-C Multiport Dock,Accessories,Maharashtra,Pune,Online Store,Returning,2,4500.0,0.05,450.0,8550.0,3953.51,4596.49,53.76,Credit Card,Completed
ORD-10203,2026-06-22 19:06:55,CUST-1231,Laptop Pro,Electronics,Karnataka,Mysuru,Retail Outlet,Returning,3,75000.0,0.25,56250.0,168750.0,151062.5,17687.5,10.48,Debit Card,Completed
ORD-10204,2026-06-22 17:49:31,CUST-1246,Ergonomic Office Chair,Furniture,Karnataka,Mysuru,Retail Outlet,Returning,2,18000.0,0.2,7200.0,28800.0,20639.55,8160.45,28.33,Debit Card,Completed
ORD-10205,2026-06-22 10:06:11,CUST-1081,"4K Monitor 27""",Electronics,Maharashtra,Pune,Online Store,New,1,28000.0,0.0,0.0,28000.0,16667.0,11333.0,40.48,UPI,Completed
ORD-10206,2026-06-22 13:26:41,CUST-1124,Laptop Pro,Electronics,Delhi NCR,Noida,Online Store,Returning,4,75000.0,0.1,30000.0,270000.0,195639.39,74360.61,27.54,UPI,Completed
ORD-10207,2026-06-22 12:43:27,CUST-1218,Mechanical Gaming Keyboard,Electronics,Tamil Nadu,Chennai,Retail Outlet,Returning,1,6500.0,0.1,650.0,5850.0,3492.55,2357.45,40.3,UPI,Completed
ORD-10208,2026-06-22 10:14:05,CUST-1349,Ergonomic Office Chair,Furniture,Maharashtra,Pune,Online Store,Returning,4,18000.0,0.25,18000.0,54000.0,43144.88,10855.12,20.1,Debit Card,Completed
ORD-10209,2026-06-22 13:01:40,CUST-1120,Standing Desk,Furniture,Tamil Nadu,Chennai,Direct Sales,Returning,3,32000.0,0.1,9600.0,86400.0,60729.69,25670.31,29.71,UPI,Completed
ORD-10210,2026-06-22 20:28:25,CUST-1285,Ergonomic Office Chair,Furniture,Maharashtra,Nagpur,Distributor,Returning,1,18000.0,0.05,900.0,17100.0,10269.35,6830.65,39.95,Net Banking,Completed
ORD-10211,2026-06-22 14:36:14,CUST-1307,Laptop Pro,Electronics,Karnataka,Mysuru,Online Store,Returning,2,75000.0,0.05,7500.0,142500.0,93754.78,48745.22,34.21,Net Banking,Completed
ORD-10212,2026-06-22 17:42:04,CUST-1032,Ergonomic Office Chair,Furniture,Tamil Nadu,Chennai,Distributor,Returning,2,18000.0,0.05,1800.0,34200.0,20407.12,13792.88,40.33,Net Banking,Completed
ORD-10213,2026-06-22 15:34:54,CUST-1307,Laptop Pro,Electronics,Tamil Nadu,Coimbatore,Retail Outlet,Returning,4,75000.0,0.0,0.0,300000.0,189314.44,110685.56,36.9,Net Banking,Completed
ORD-10214,2026-06-22 21:04:29,CUST-1103,Ultra Smartphone,Electronics,Maharashtra,Mumbai,Retail Outlet,Returning,3,55000.0,0.15,24750.0,140250.0,101360.15,38889.85,27.73,UPI,Completed
ORD-10215,2026-06-22 14:09:57,CUST-1082,Mechanical Gaming Keyboard,Electronics,Maharashtra,Nagpur,Retail Outlet,Returning,2,6500.0,0.05,650.0,12350.0,6986.58,5363.42,43.43,Net Banking,Completed
ORD-10216,2026-06-22 07:52:08,CUST-1075,Wireless Noise-Canceling Headphones,Electronics,Karnataka,Mysuru,Distributor,New,2,12000.0,0.0,0.0,24000.0,11911.61,12088.39,50.37,UPI,Completed
ORD-10217,2026-06-22 17:57:09,CUST-1185,Laptop Pro,Electronics,Tamil Nadu,Chennai,Online Store,Returning,3,75000.0,0.0,0.0,225000.0,151550.81,73449.19,32.64,UPI,Completed
ORD-10218,2026-06-22 09:15:11,CUST-1043,Mechanical Gaming Keyboard,Electronics,Gujarat,Surat,Online Store,Returning,1,6500.0,0.1,650.0,5850.0,3646.47,2203.53,37.67,UPI,Completed
ORD-10219,2026-06-22 13:55:28,CUST-1281,Laptop Pro,Electronics,Karnataka,Mysuru,Direct Sales,Returning,2,75000.0,0.15,22500.0,127500.0,97203.61,30296.39,23.76,UPI,Completed
ORD-10220,2026-06-22 17:15:08,CUST-1176,Wireless Noise-Canceling Headphones,Electronics,Maharashtra,Nagpur,Direct Sales,Returning,2,12000.0,0.0,0.0,24000.0,11880.81,12119.19,50.5,Debit Card,Completed
ORD-10221,2026-06-22 17:44:02,CUST-1108,Wireless Noise-Canceling Headphones,Electronics,Maharashtra,Pune,Online Store,Returning,2,12000.0,0.15,3600.0,20400.0,12329.83,8070.17,39.56,UPI,Completed
ORD-10222,2026-06-22 12:58:20,CUST-1175,Standing Desk,Furniture,Gujarat,Ahmedabad,Online Store,Returning,3,32000.0,0.05,4800.0,91200.0,61853.53,29346.47,32.18,Debit Card,Completed
ORD-10223,2026-06-22 14:46:32,CUST-1229,Mechanical Gaming Keyboard,Electronics,Karnataka,Mysuru,Direct Sales,Returning,1,6500.0,0.15,975.0,5525.0,3535.14,1989.86,36.02,UPI,Completed
ORD-10224,2026-06-22 07:40:42,CUST-1176,Mechanical Gaming Keyboard,Electronics,Maharashtra,Pune,Retail Outlet,New,1,6500.0,0.05,325.0,6175.0,3451.65,2723.35,44.1,Credit Card,Completed
ORD-10225,2026-06-22 08:02:17,CUST-1141,Wireless Noise-Canceling Headphones,Electronics,Maharashtra,Nagpur,Direct Sales,Returning,1,12000.0,0.05,600.0,11400.0,5871.42,5528.58,48.5,Credit Card,Completed
ORD-10226,2026-06-22 11:31:10,CUST-1223,Ultra Smartphone,Electronics,Gujarat,Surat,Distributor,Returning,3,55000.0,0.2,33000.0,132000.0,99283.3,32716.7,24.79,Net Banking,Completed
ORD-10227,2026-06-23 07:45:04,CUST-1036,Wireless Ergonomic Mouse,Accessories,Maharashtra,Pune,Retail Outlet,Returning,2,2500.0,0.05,250.0,4750.0,1953.1,2796.9,58.88,Net Banking,Completed
ORD-10228,2026-06-23 17:04:54,CUST-1224,USB-C Multiport Dock,Accessories,Tamil Nadu,Coimbatore,Online Store,New,1,4500.0,0.1,450.0,4050.0,2002.79,2047.21,50.55,Debit Card,Completed
ORD-10229,2026-06-23 13:21:56,CUST-1086,Standing Desk,Furniture,Karnataka,Mysuru,Direct Sales,New,2,32000.0,0.25,16000.0,48000.0,40341.22,7658.78,15.96,Net Banking,Completed
ORD-10230,2026-06-23 21:00:05,CUST-1336,Wireless Ergonomic Mouse,Accessories,Maharashtra,Nagpur,Retail Outlet,New,6,2500.0,0.0,0.0,15000.0,6027.88,8972.12,59.81,Net Banking,Completed
ORD-10231,2026-06-23 07:31:04,CUST-1306,Mechanical Gaming Keyboard,Electronics,Delhi NCR,Gurugram,Distributor,Returning,3,6500.0,0.15,2925.0,16575.0,11074.67,5500.33,33.18,Credit Card,Completed
ORD-10232,2026-06-23 13:13:16,CUST-1001,Laptop Pro,Electronics,Maharashtra,Mumbai,Direct Sales,Returning,1,75000.0,0.1,7500.0,67500.0,46946.16,20553.84,30.45,Net Banking,Completed
ORD-10233,2026-06-23 08:19:07,CUST-1034,Wireless Noise-Canceling Headphones,Electronics,Gujarat,Ahmedabad,Online Store,New,2,12000.0,0.0,0.0,24000.0,12318.42,11681.58,48.67,Net Banking,Completed
ORD-10234,2026-06-23 18:37:07,CUST-1153,Wireless Noise-Canceling Headphones,Electronics,Gujarat,Surat,Online Store,New,3,12000.0,0.2,7200.0,28800.0,17486.66,11313.34,39.28,UPI,Completed
ORD-10235,2026-06-23 18:35:31,CUST-1128,Wireless Noise-Canceling Headphones,Electronics,Karnataka,Bengaluru,Distributor,Returning,2,12000.0,0.0,0.0,24000.0,11769.44,12230.56,50.96,UPI,Completed
ORD-10236,2026-06-23 12:22:18,CUST-1149,Laptop Pro,Electronics,Tamil Nadu,Chennai,Retail Outlet,Returning,3,75000.0,0.1,22500.0,202500.0,140940.33,61559.67,30.4,UPI,Completed
ORD-10237,2026-06-23 10:12:40,CUST-1056,Wireless Ergonomic Mouse,Accessories,Karnataka,Mysuru,Direct Sales,New,2,2500.0,0.2,1000.0,4000.0,2054.66,1945.34,48.63,Debit Card,Completed
ORD-10238,2026-06-23 17:01:03,CUST-1256,Wireless Ergonomic Mouse,Accessories,Karnataka,Mysuru,Online Store,New,1,2500.0,0.15,375.0,2125.0,974.9,1150.1,54.12,Net Banking,Completed
ORD-10239,2026-06-23 18:24:54,CUST-1046,Wireless Ergonomic Mouse,Accessories,Maharashtra,Pune,Retail Outlet,New,6,2500.0,0.05,750.0,14250.0,5838.93,8411.07,59.03,Debit Card,Completed
ORD-10240,2026-06-23 17:56:30,CUST-1321,Smart Fitness Watch,Accessories,Gujarat,Surat,Direct Sales,New,6,8500.0,0.2,10200.0,40800.0,26364.74,14435.26,35.38,Credit Card,Completed
ORD-10241,2026-06-23 19:48:59,CUST-1175,Wireless Noise-Canceling Headphones,Electronics,Karnataka,Mysuru,Direct Sales,New,2,12000.0,0.1,2400.0,21600.0,11942.65,9657.35,44.71,Debit Card,Completed
ORD-10242,2026-06-23 14:00:07,CUST-1112,Laptop Pro,Electronics,Karnataka,Bengaluru,Distributor,Returning,4,75000.0,0.2,60000.0,240000.0,190171.17,49828.83,20.76,Credit Card,Completed
ORD-10243,2026-06-23 14:36:04,CUST-1298,Standing Desk,Furniture,Maharashtra,Pune,Direct Sales,Returning,4,32000.0,0.15,19200.0,108800.0,83356.3,25443.7,23.39,UPI,Completed
ORD-10244,2026-06-23 08:10:20,CUST-1196,Standing Desk,Furniture,Karnataka,Mysuru,Retail Outlet,Returning,4,32000.0,0.05,6400.0,121600.0,81205.4,40394.6,33.22,Debit Card,Completed
ORD-10245,2026-06-23 07:55:03,CUST-1288,Smart Fitness Watch,Accessories,Gujarat,Surat,Direct Sales,Returning,5,8500.0,0.1,4250.0,38250.0,22783.16,15466.84,40.44,Debit Card,Completed
ORD-10246,2026-06-23 20:12:08,CUST-1286,Smart Fitness Watch,Accessories,Karnataka,Mysuru,Online Store,Returning,1,8500.0,0.2,1700.0,6800.0,4298.27,2501.73,36.79,Debit Card,Completed
ORD-10247,2026-06-23 16:50:52,CUST-1308,Mechanical Gaming Keyboard,Electronics,Delhi NCR,Noida,Online Store,New,3,6500.0,0.1,1950.0,17550.0,10522.26,7027.74,40.04,Debit Card,Completed
ORD-10248,2026-06-23 18:27:13,CUST-1096,Wireless Noise-Canceling Headphones,Electronics,Tamil Nadu,Chennai,Retail Outlet,Returning,2,12000.0,0.2,4800.0,19200.0,11563.38,7636.62,39.77,Debit Card,Completed
ORD-10249,2026-06-23 18:46:12,CUST-1006,Ultra Smartphone,Electronics,Delhi NCR,Noida,Online Store,New,4,55000.0,0.1,22000.0,198000.0,131933.37,66066.63,33.37,Credit Card,Completed
ORD-10250,2026-06-23 07:24:34,CUST-1142,Standing Desk,Furniture,Maharashtra,Mumbai,Online Store,New,2,32000.0,0.1,6400.0,57600.0,40543.85,17056.15,29.61,Debit Card,Completed
ORD-10251,2026-06-23 16:05:16,CUST-1104,Laptop Pro,Electronics,Maharashtra,Nagpur,Online Store,Returning,4,75000.0,0.15,45000.0,255000.0,190930.19,64069.81,25.13,Credit Card,Completed
ORD-10252,2026-06-23 09:34:32,CUST-1211,Wireless Noise-Canceling Headphones,Electronics,Maharashtra,Nagpur,Distributor,New,4,12000.0,0.15,7200.0,40800.0,23337.53,17462.47,42.8,Credit Card,Completed
ORD-10253,2026-06-23 08:07:32,CUST-1272,Ergonomic Office Chair,Furniture,Tamil Nadu,Coimbatore,Online Store,Returning,4,18000.0,0.2,14400.0,57600.0,42967.47,14632.53,25.4,Net Banking,Completed
ORD-10254,2026-06-23 11:50:43,CUST-1046,Mechanical Gaming Keyboard,Electronics,Tamil Nadu,Coimbatore,Direct Sales,New,2,6500.0,0.25,3250.0,9750.0,7142.6,2607.4,26.74,Net Banking,Completed
ORD-10255,2026-06-23 16:13:43,CUST-1147,Ergonomic Office Chair,Furniture,Gujarat,Ahmedabad,Online Store,Returning,4,18000.0,0.05,3600.0,68400.0,40813.56,27586.44,40.33,Net Banking,Completed
ORD-10256,2026-06-23 17:16:37,CUST-1100,USB-C Multiport Dock,Accessories,Delhi NCR,Noida,Direct Sales,Returning,3,4500.0,0.2,2700.0,10800.0,6108.51,4691.49,43.44,UPI,Completed
ORD-10257,2026-06-23 19:54:18,CUST-1116,USB-C Multiport Dock,Accessories,Delhi NCR,Noida,Online Store,New,8,4500.0,0.05,1800.0,34200.0,15889.2,18310.8,53.54,Debit Card,Completed
ORD-10258,2026-06-23 08:47:52,CUST-1018,Standing Desk,Furniture,Maharashtra,Mumbai,Online Store,New,2,32000.0,0.0,0.0,64000.0,42140.63,21859.37,34.16,UPI,Completed
ORD-10259,2026-06-23 11:04:38,CUST-1245,Ultra Smartphone,Electronics,Maharashtra,Pune,Retail Outlet,New,2,55000.0,0.1,11000.0,99000.0,67457.72,31542.28,31.86,Net Banking,Completed
ORD-10260,2026-06-23 11:27:56,CUST-1153,Wireless Noise-Canceling Headphones,Electronics,Maharashtra,Mumbai,Retail Outlet,New,2,12000.0,0.2,4800.0,19200.0,11814.71,7385.29,38.47,Credit Card,Completed
ORD-10261,2026-06-23 15:08:43,CUST-1318,USB-C Multiport Dock,Accessories,Maharashtra,Pune,Distributor,Returning,5,4500.0,0.1,2250.0,20250.0,9743.41,10506.59,51.88,Net Banking,Completed
ORD-10262,2026-06-23 17:01:51,CUST-1220,"4K Monitor 27""",Electronics,Maharashtra,Nagpur,Online Store,New,3,28000.0,0.15,12600.0,71400.0,51165.55,20234.45,28.34,Debit Card,Completed
ORD-10263,2026-06-23 20:51:59,CUST-1278,Laptop Pro,Electronics,Tamil Nadu,Chennai,Distributor,New,1,75000.0,0.2,15000.0,60000.0,50171.95,9828.05,16.38,Net Banking,Completed
ORD-10264,2026-06-23 18:46:10,CUST-1110,Laptop Pro,Electronics,Maharashtra,Pune,Distributor,Returning,4,75000.0,0.1,30000.0,270000.0,190525.94,79474.06,29.43,Net Banking,Completed
ORD-10265,2026-06-23 07:59:38,CUST-1337,USB-C Multiport Dock,Accessories,Gujarat,Ahmedabad,Retail Outlet,New,8,4500.0,0.1,3600.0,32400.0,16714.6,15685.4,48.41,Credit Card,Completed
ORD-10266,2026-06-23 20:33:29,CUST-1113,Mechanical Gaming Keyboard,Electronics,Gujarat,Ahmedabad,Direct Sales,Returning,2,6500.0,0.0,0.0,13000.0,7314.87,5685.13,43.73,Credit Card,Completed
ORD-10267,2026-06-23 10:27:26,CUST-1042,Wireless Noise-Canceling Headphones,Electronics,Maharashtra,Pune,Retail Outlet,New,2,12000.0,0.15,3600.0,20400.0,12255.85,8144.15,39.92,UPI,Completed
ORD-10268,2026-06-23 13:57:53,CUST-1208,Wireless Ergonomic Mouse,Accessories,Maharashtra,Nagpur,Distributor,Returning,5,2500.0,0.15,1875.0,10625.0,4877.06,5747.94,54.1,Debit Card,Completed
ORD-10269,2026-06-23 11:42:40,CUST-1153,Wireless Ergonomic Mouse,Accessories,Tamil Nadu,Coimbatore,Online Store,Returning,6,2500.0,0.05,750.0,14250.0,5972.96,8277.04,58.08,Net Banking,Completed
ORD-10270,2026-06-23 13:56:52,CUST-1304,Standing Desk,Furniture,Maharashtra,Mumbai,Online Store,New,1,32000.0,0.25,8000.0,24000.0,21169.43,2830.57,11.79,Debit Card,Completed
ORD-10271,2026-06-23 13:12:06,CUST-1275,Standing Desk,Furniture,Karnataka,Bengaluru,Online Store,New,3,32000.0,0.0,0.0,96000.0,59238.81,36761.19,38.29,Net Banking,Completed
ORD-10272,2026-06-23 16:25:39,CUST-1215,Wireless Noise-Canceling Headphones,Electronics,Gujarat,Surat,Retail Outlet,Returning,4,12000.0,0.15,7200.0,40800.0,23061.41,17738.59,43.48,UPI,Completed
ORD-10273,2026-06-24 16:52:48,CUST-1039,Smart Fitness Watch,Accessories,Tamil Nadu,Coimbatore,Direct Sales,New,6,8500.0,0.2,10200.0,40800.0,27500.28,13299.72,32.6,Net Banking,Completed
ORD-10274,2026-06-24 08:38:33,CUST-1123,Wireless Ergonomic Mouse,Accessories,Tamil Nadu,Coimbatore,Direct Sales,New,6,2500.0,0.15,2250.0,12750.0,6228.12,6521.88,51.15,Credit Card,Completed
ORD-10275,2026-06-24 12:36:46,CUST-1082,Laptop Pro,Electronics,Gujarat,Surat,Online Store,Returning,1,75000.0,0.2,15000.0,60000.0,47568.68,12431.32,20.72,Credit Card,Completed
ORD-10276,2026-06-24 19:48:30,CUST-1307,"4K Monitor 27""",Electronics,Karnataka,Bengaluru,Retail Outlet,New,1,28000.0,0.25,7000.0,21000.0,18012.38,2987.62,14.23,Credit Card,Completed
ORD-10277,2026-06-24 15:01:16,CUST-1114,Laptop Pro,Electronics,Delhi NCR,New Delhi,Direct Sales,Returning,2,75000.0,0.15,22500.0,127500.0,93795.88,33704.12,26.43,Credit Card,Cancelled
ORD-10278,2026-06-24 19:21:14,CUST-1097,Laptop Pro,Electronics,Maharashtra,Pune,Retail Outlet,Returning,4,75000.0,0.15,45000.0,255000.0,190318.3,64681.7,25.37,Debit Card,Completed
ORD-10279,2026-06-24 13:26:04,CUST-1044,Wireless Ergonomic Mouse,Accessories,Maharashtra,Mumbai,Distributor,Returning,7,2500.0,0.15,2625.0,14875.0,6976.18,7898.82,53.1,UPI,Completed
ORD-10280,2026-06-24 08:42:44,CUST-1317,USB-C Multiport Dock,Accessories,Delhi NCR,Gurugram,Distributor,Returning,7,4500.0,0.1,3150.0,28350.0,14376.91,13973.09,49.29,Debit Card,Completed
ORD-10281,2026-06-24 13:50:54,CUST-1046,Standing Desk,Furniture,Maharashtra,Mumbai,Online Store,New,4,32000.0,0.15,19200.0,108800.0,85114.67,23685.33,21.77,Debit Card,Completed
ORD-10282,2026-06-24 12:44:04,CUST-1171,Wireless Noise-Canceling Headphones,Electronics,Karnataka,Bengaluru,Distributor,Returning,3,12000.0,0.0,0.0,36000.0,17720.6,18279.4,50.78,Debit Card,Completed
ORD-10283,2026-06-24 09:57:18,CUST-1150,Ergonomic Office Chair,Furniture,Gujarat,Surat,Direct Sales,New,3,18000.0,0.05,2700.0,51300.0,31221.49,20078.51,39.14,Credit Card,Completed
ORD-10284,2026-06-24 20:23:40,CUST-1210,USB-C Multiport Dock,Accessories,Maharashtra,Mumbai,Retail Outlet,Returning,1,4500.0,0.05,225.0,4275.0,1945.65,2329.35,54.49,Credit Card,Completed
ORD-10285,2026-06-24 16:15:21,CUST-1205,Wireless Noise-Canceling Headphones,Electronics,Maharashtra,Mumbai,Retail Outlet,Returning,3,12000.0,0.05,1800.0,34200.0,18268.25,15931.75,46.58,Credit Card,Completed
ORD-10286,2026-06-24 11:42:28,CUST-1263,Standing Desk,Furniture,Karnataka,Mysuru,Distributor,Returning,3,32000.0,0.15,14400.0,81600.0,59959.79,21640.21,26.52,Debit Card,Completed
ORD-10287,2026-06-24 16:22:59,CUST-1326,Mechanical Gaming Keyboard,Electronics,Tamil Nadu,Coimbatore,Online Store,New,2,6500.0,0.0,0.0,13000.0,7090.11,5909.89,45.46,Credit Card,Completed
ORD-10288,2026-06-24 12:32:43,CUST-1066,Laptop Pro,Electronics,Tamil Nadu,Coimbatore,Direct Sales,Returning,2,75000.0,0.1,15000.0,135000.0,94234.28,40765.72,30.2,UPI,Completed
ORD-10289,2026-06-24 18:15:26,CUST-1101,"4K Monitor 27""",Electronics,Maharashtra,Mumbai,Distributor,Returning,4,28000.0,0.05,5600.0,106400.0,70945.71,35454.29,33.32,UPI,Completed
ORD-10290,2026-06-24 14:59:59,CUST-1115,USB-C Multiport Dock,Accessories,Maharashtra,Nagpur,Distributor,Returning,1,4500.0,0.05,225.0,4275.0,2046.25,2228.75,52.13,Debit Card,Completed
ORD-10291,2026-06-24 12:29:56,CUST-1207,"4K Monitor 27""",Electronics,Gujarat,Vadodara,Distributor,New,1,28000.0,0.0,0.0,28000.0,17872.18,10127.82,36.17,Credit Card,Completed
ORD-10292,2026-06-24 16:56:28,CUST-1232,Mechanical Gaming Keyboard,Electronics,Gujarat,Surat,Retail Outlet,Returning,1,6500.0,0.15,975.0,5525.0,3607.77,1917.23,34.7,UPI,Completed
ORD-10293,2026-06-24 13:19:32,CUST-1040,Ergonomic Office Chair,Furniture,Maharashtra,Nagpur,Online Store,New,4,18000.0,0.1,7200.0,64800.0,41692.47,23107.53,35.66,Debit Card,Completed
ORD-10294,2026-06-24 14:06:21,CUST-1250,Mechanical Gaming Keyboard,Electronics,Gujarat,Vadodara,Distributor,New,2,6500.0,0.0,0.0,13000.0,7089.4,5910.6,45.47,Debit Card,Completed
ORD-10295,2026-06-24 19:11:37,CUST-1344,Mechanical Gaming Keyboard,Electronics,Karnataka,Mysuru,Online Store,New,2,6500.0,0.05,650.0,12350.0,7423.86,4926.14,39.89,UPI,Completed
ORD-10296,2026-06-24 12:31:21,CUST-1325,"4K Monitor 27""",Electronics,Gujarat,Surat,Distributor,Returning,4,28000.0,0.05,5600.0,106400.0,69958.5,36441.5,34.25,Credit Card,Completed
ORD-10297,2026-06-24 14:32:24,CUST-1298,Standing Desk,Furniture,Tamil Nadu,Chennai,Distributor,New,3,32000.0,0.1,9600.0,86400.0,61460.13,24939.87,28.87,Net Banking,Completed
ORD-10298,2026-06-24 17:48:23,CUST-1125,Ergonomic Office Chair,Furniture,Karnataka,Mysuru,Retail Outlet,New,2,18000.0,0.1,3600.0,32400.0,20875.4,11524.6,35.57,Debit Card,Completed
ORD-10299,2026-06-24 19:57:52,CUST-1218,Standing Desk,Furniture,Karnataka,Bengaluru,Online Store,Returning,1,32000.0,0.05,1600.0,30400.0,19753.01,10646.99,35.02,Credit Card,Completed
ORD-10300,2026-06-24 15:53:07,CUST-1294,Ergonomic Office Chair,Furniture,Delhi NCR,Gurugram,Distributor,Returning,2,18000.0,0.15,5400.0,30600.0,20490.03,10109.97,33.04,UPI,Completed
ORD-10301,2026-06-24 20:10:17,CUST-1188,Smart Fitness Watch,Accessories,Gujarat,Surat,Online Store,Returning,4,8500.0,0.2,6800.0,27200.0,17783.28,9416.72,34.62,UPI,Completed
ORD-10302,2026-06-24 17:54:05,CUST-1092,Smart Fitness Watch,Accessories,Maharashtra,Mumbai,Direct Sales,New,7,8500.0,0.2,11900.0,47600.0,30022.32,17577.68,36.93,Credit Card,Completed
ORD-10303,2026-06-24 20:05:25,CUST-1090,Standing Desk,Furniture,Maharashtra,Pune,Retail Outlet,Returning,4,32000.0,0.1,12800.0,115200.0,83803.64,31396.36,27.25,Net Banking,Completed
ORD-10304,2026-06-24 20:56:21,CUST-1192,Smart Fitness Watch,Accessories,Maharashtra,Pune,Online Store,New,3,8500.0,0.05,1275.0,24225.0,13718.03,10506.97,43.37,Credit Card,Cancelled
ORD-10305,2026-06-24 19:17:18,CUST-1141,Standing Desk,Furniture,Gujarat,Vadodara,Direct Sales,Returning,1,32000.0,0.2,6400.0,25600.0,21062.65,4537.35,17.72,Debit Card,Completed
ORD-10306,2026-06-24 09:55:34,CUST-1095,Ultra Smartphone,Electronics,Maharashtra,Mumbai,Retail Outlet,Returning,2,55000.0,0.0,0.0,110000.0,67143.89,42856.11,38.96,Net Banking,Completed
ORD-10307,2026-06-24 12:19:20,CUST-1294,Wireless Ergonomic Mouse,Accessories,Karnataka,Bengaluru,Retail Outlet,Returning,7,2500.0,0.15,2625.0,14875.0,7163.54,7711.46,51.84,Debit Card,Completed
ORD-10308,2026-06-25 17:34:50,CUST-1064,Wireless Noise-Canceling Headphones,Electronics,Tamil Nadu,Coimbatore,Distributor,Returning,3,12000.0,0.05,1800.0,34200.0,17924.16,16275.84,47.59,Debit Card,Completed
ORD-10309,2026-06-25 07:41:58,CUST-1086,Wireless Ergonomic Mouse,Accessories,Maharashtra,Pune,Retail Outlet,Returning,4,2500.0,0.1,1000.0,9000.0,3964.65,5035.35,55.95,UPI,Completed
ORD-10310,2026-06-25 14:46:17,CUST-1201,Wireless Ergonomic Mouse,Accessories,Karnataka,Bengaluru,Retail Outlet,Returning,8,2500.0,0.0,0.0,20000.0,8174.51,11825.49,59.13,Net Banking,Completed
ORD-10311,2026-06-25 13:02:45,CUST-1320,Wireless Ergonomic Mouse,Accessories,Tamil Nadu,Chennai,Distributor,Returning,8,2500.0,0.05,1000.0,19000.0,8105.26,10894.74,57.34,Net Banking,Completed
ORD-10312,2026-06-25 12:35:21,CUST-1123,Laptop Pro,Electronics,Maharashtra,Nagpur,Direct Sales,Returning,4,75000.0,0.1,30000.0,270000.0,198334.55,71665.45,26.54,Credit Card,Completed
ORD-10313,2026-06-25 20:39:18,CUST-1132,Wireless Ergonomic Mouse,Accessories,Delhi NCR,Noida,Retail Outlet,Returning,3,2500.0,0.1,750.0,6750.0,2917.75,3832.25,56.77,Credit Card,Completed
ORD-10314,2026-06-25 20:19:50,CUST-1127,Mechanical Gaming Keyboard,Electronics,Maharashtra,Mumbai,Distributor,Returning,3,6500.0,0.15,2925.0,16575.0,10330.79,6244.21,37.67,UPI,Completed
ORD-10315,2026-06-25 08:33:13,CUST-1311,Ergonomic Office Chair,Furniture,Tamil Nadu,Coimbatore,Direct Sales,New,1,18000.0,0.05,900.0,17100.0,10726.14,6373.86,37.27,Debit Card,Completed
ORD-10316,2026-06-25 16:51:23,CUST-1278,Wireless Ergonomic Mouse,Accessories,Delhi NCR,New Delhi,Direct Sales,New,8,2500.0,0.2,4000.0,16000.0,8130.78,7869.22,49.18,Net Banking,Completed
ORD-10317,2026-06-25 18:36:04,CUST-1149,Wireless Ergonomic Mouse,Accessories,Maharashtra,Mumbai,Retail Outlet,Returning,5,2500.0,0.0,0.0,12500.0,4994.52,7505.48,60.04,Debit Card,Completed
ORD-10318,2026-06-25 17:29:27,CUST-1248,USB-C Multiport Dock,Accessories,Gujarat,Ahmedabad,Retail Outlet,Returning,4,4500.0,0.15,2700.0,15300.0,8420.81,6879.19,44.96,Credit Card,Completed
ORD-10319,2026-06-25 09:32:59,CUST-1030,Wireless Noise-Canceling Headphones,Electronics,Tamil Nadu,Coimbatore,Distributor,New,1,12000.0,0.25,3000.0,9000.0,6200.5,2799.5,31.11,UPI,Completed
ORD-10320,2026-06-25 18:19:13,CUST-1310,USB-C Multiport Dock,Accessories,Tamil Nadu,Coimbatore,Distributor,Returning,7,4500.0,0.1,3150.0,28350.0,14398.54,13951.46,49.21,UPI,Completed
ORD-10321,2026-06-25 20:21:00,CUST-1282,USB-C Multiport Dock,Accessories,Maharashtra,Nagpur,Direct Sales,Returning,8,4500.0,0.2,7200.0,28800.0,16100.19,12699.81,44.1,Credit Card,Completed
ORD-10322,2026-06-25 12:10:58,CUST-1088,Mechanical Gaming Keyboard,Electronics,Maharashtra,Mumbai,Online Store,Returning,1,6500.0,0.1,650.0,5850.0,3578.92,2271.08,38.82,Credit Card,Completed
ORD-10323,2026-06-25 13:24:46,CUST-1184,Ultra Smartphone,Electronics,Delhi NCR,Gurugram,Distributor,New,3,55000.0,0.15,24750.0,140250.0,99321.01,40928.99,29.18,UPI,Completed
ORD-10324,2026-06-25 08:52:54,CUST-1036,Wireless Noise-Canceling Headphones,Electronics,Maharashtra,Nagpur,Online Store,Returning,1,12000.0,0.2,2400.0,9600.0,5861.45,3738.55,38.94,Net Banking,Completed
ORD-10325,2026-06-25 16:40:16,CUST-1002,Wireless Noise-Canceling Headphones,Electronics,Delhi NCR,New Delhi,Distributor,Returning,1,12000.0,0.2,2400.0,9600.0,6052.77,3547.23,36.95,Credit Card,Completed
ORD-10326,2026-06-25 12:12:35,CUST-1162,Standing Desk,Furniture,Gujarat,Surat,Distributor,New,4,32000.0,0.2,25600.0,102400.0,82672.54,19727.46,19.27,Debit Card,Completed
ORD-10327,2026-06-25 16:11:57,CUST-1026,Ergonomic Office Chair,Furniture,Karnataka,Bengaluru,Retail Outlet,Returning,3,18000.0,0.05,2700.0,51300.0,30660.09,20639.91,40.23,UPI,Completed
ORD-10328,2026-06-25 09:40:40,CUST-1083,Smart Fitness Watch,Accessories,Maharashtra,Nagpur,Distributor,Returning,7,8500.0,0.0,0.0,59500.0,31083.88,28416.12,47.76,Credit Card,Completed
ORD-10329,2026-06-25 07:39:50,CUST-1067,Standing Desk,Furniture,Gujarat,Vadodara,Retail Outlet,New,3,32000.0,0.15,14400.0,81600.0,59420.88,22179.12,27.18,Credit Card,Completed
ORD-10330,2026-06-25 08:06:44,CUST-1072,Mechanical Gaming Keyboard,Electronics,Maharashtra,Nagpur,Direct Sales,Returning,1,6500.0,0.15,975.0,5525.0,3704.65,1820.35,32.95,Debit Card,Completed
ORD-10331,2026-06-25 19:27:16,CUST-1059,Ultra Smartphone,Electronics,Maharashtra,Pune,Retail Outlet,Returning,1,55000.0,0.1,5500.0,49500.0,32290.41,17209.59,34.77,UPI,Completed
ORD-10332,2026-06-25 18:50:02,CUST-1171,"4K Monitor 27""",Electronics,Maharashtra,Mumbai,Direct Sales,New,3,28000.0,0.05,4200.0,79800.0,53305.26,26494.74,33.2,Credit Card,Completed
ORD-10333,2026-06-25 10:57:59,CUST-1257,Wireless Ergonomic Mouse,Accessories,Karnataka,Mysuru,Distributor,Returning,2,2500.0,0.1,500.0,4500.0,1965.16,2534.84,56.33,UPI,Cancelled
ORD-10334,2026-06-25 08:30:25,CUST-1270,USB-C Multiport Dock,Accessories,Karnataka,Bengaluru,Direct Sales,New,7,4500.0,0.15,4725.0,26775.0,14582.82,12192.18,45.54,Debit Card,Completed
ORD-10335,2026-06-25 15:43:03,CUST-1149,Mechanical Gaming Keyboard,Electronics,Maharashtra,Mumbai,Direct Sales,Returning,1,6500.0,0.2,1300.0,5200.0,3704.21,1495.79,28.77,Debit Card,Completed
ORD-10336,2026-06-25 21:02:46,CUST-1232,"4K Monitor 27""",Electronics,Karnataka,Bengaluru,Direct Sales,New,3,28000.0,0.1,8400.0,75600.0,51312.19,24287.81,32.13,Net Banking,Completed
ORD-10337,2026-06-25 07:59:38,CUST-1329,Mechanical Gaming Keyboard,Electronics,Gujarat,Vadodara,Distributor,New,3,6500.0,0.2,3900.0,15600.0,11078.93,4521.07,28.98,Credit Card,Completed
ORD-10338,2026-06-25 07:32:17,CUST-1108,Laptop Pro,Electronics,Karnataka,Bengaluru,Retail Outlet,Returning,1,75000.0,0.0,0.0,75000.0,49674.11,25325.89,33.77,Net Banking,Completed
ORD-10339,2026-06-25 13:05:31,CUST-1242,USB-C Multiport Dock,Accessories,Gujarat,Vadodara,Retail Outlet,New,7,4500.0,0.0,0.0,31500.0,14591.78,16908.22,53.68,Debit Card,Completed
ORD-10340,2026-06-25 18:47:27,CUST-1194,Ergonomic Office Chair,Furniture,Maharashtra,Nagpur,Retail Outlet,Returning,3,18000.0,0.1,5400.0,48600.0,31665.59,16934.41,34.84,Debit Card,Completed
ORD-10341,2026-06-25 15:01:07,CUST-1020,Standing Desk,Furniture,Gujarat,Vadodara,Direct Sales,Returning,4,32000.0,0.05,6400.0,121600.0,80520.57,41079.43,33.78,Debit Card,Completed
ORD-10342,2026-06-25 21:08:18,CUST-1068,Mechanical Gaming Keyboard,Electronics,Gujarat,Vadodara,Distributor,New,4,6500.0,0.15,3900.0,22100.0,14627.99,7472.01,33.81,Credit Card,Completed
ORD-10343,2026-06-25 16:01:07,CUST-1006,Laptop Pro,Electronics,Tamil Nadu,Chennai,Distributor,Returning,2,75000.0,0.2,30000.0,120000.0,93812.96,26187.04,21.82,Debit Card,Completed
ORD-10344,2026-06-25 14:43:54,CUST-1281,Mechanical Gaming Keyboard,Electronics,Gujarat,Surat,Distributor,New,3,6500.0,0.15,2925.0,16575.0,11131.25,5443.75,32.84,Net Banking,Completed
ORD-10345,2026-06-25 10:38:06,CUST-1004,Ultra Smartphone,Electronics,Delhi NCR,Noida,Online Store,Returning,2,55000.0,0.2,22000.0,88000.0,63688.4,24311.6,27.63,Credit Card,Completed
ORD-10346,2026-06-25 14:44:37,CUST-1140,Ultra Smartphone,Electronics,Maharashtra,Pune,Distributor,Returning,3,55000.0,0.05,8250.0,156750.0,97488.01,59261.99,37.81,UPI,Completed
ORD-10347,2026-06-26 09:15:28,CUST-1341,USB-C Multiport Dock,Accessories,Karnataka,Bengaluru,Online Store,Returning,8,4500.0,0.1,3600.0,32400.0,15957.68,16442.32,50.75,UPI,Completed
ORD-10348,2026-06-26 07:22:33,CUST-1185,Smart Fitness Watch,Accessories,Gujarat,Ahmedabad,Direct Sales,Returning,6,8500.0,0.0,0.0,51000.0,26541.99,24458.01,47.96,Credit Card,Completed
ORD-10349,2026-06-26 11:29:16,CUST-1026,Laptop Pro,Electronics,Gujarat,Ahmedabad,Retail Outlet,Returning,3,75000.0,0.0,0.0,225000.0,147772.77,77227.23,34.32,Credit Card,Completed
ORD-10350,2026-06-26 17:54:57,CUST-1229,Smart Fitness Watch,Accessories,Maharashtra,Nagpur,Retail Outlet,Returning,1,8500.0,0.2,1700.0,6800.0,4427.27,2372.73,34.89,Credit Card,Completed
ORD-10351,2026-06-26 09:50:05,CUST-1231,Laptop Pro,Electronics,Maharashtra,Nagpur,Direct Sales,Returning,2,75000.0,0.05,7500.0,142500.0,100208.94,42291.06,29.68,Debit Card,Completed
ORD-10352,2026-06-26 07:28:07,CUST-1176,Ergonomic Office Chair,Furniture,Maharashtra,Nagpur,Direct Sales,Returning,3,18000.0,0.1,5400.0,48600.0,30480.91,18119.09,37.28,Credit Card,Completed
ORD-10353,2026-06-26 16:21:52,CUST-1107,Wireless Noise-Canceling Headphones,Electronics,Delhi NCR,Gurugram,Retail Outlet,Returning,3,12000.0,0.0,0.0,36000.0,18594.01,17405.99,48.35,Credit Card,Completed
ORD-10354,2026-06-26 10:18:16,CUST-1171,USB-C Multiport Dock,Accessories,Maharashtra,Mumbai,Direct Sales,Returning,6,4500.0,0.25,6750.0,20250.0,12375.96,7874.04,38.88,UPI,Completed
ORD-10355,2026-06-26 19:28:06,CUST-1024,Standing Desk,Furniture,Tamil Nadu,Coimbatore,Direct Sales,New,2,32000.0,0.2,12800.0,51200.0,41218.51,9981.49,19.5,Credit Card,Completed
ORD-10356,2026-06-26 20:02:58,CUST-1220,Mechanical Gaming Keyboard,Electronics,Karnataka,Mysuru,Distributor,New,2,6500.0,0.05,650.0,12350.0,6896.28,5453.72,44.16,Credit Card,Completed
ORD-10357,2026-06-26 16:29:58,CUST-1110,Ergonomic Office Chair,Furniture,Maharashtra,Pune,Retail Outlet,New,3,18000.0,0.15,8100.0,45900.0,32016.52,13883.48,30.25,Net Banking,Completed
ORD-10358,2026-06-26 17:40:00,CUST-1180,Wireless Ergonomic Mouse,Accessories,Delhi NCR,Gurugram,Distributor,Returning,8,2500.0,0.2,4000.0,16000.0,7787.47,8212.53,51.33,Debit Card,Completed
ORD-10359,2026-06-26 18:42:56,CUST-1069,Wireless Noise-Canceling Headphones,Electronics,Delhi NCR,New Delhi,Retail Outlet,New,2,12000.0,0.15,3600.0,20400.0,12244.94,8155.06,39.98,Credit Card,Completed
ORD-10360,2026-06-26 07:35:20,CUST-1093,Mechanical Gaming Keyboard,Electronics,Tamil Nadu,Coimbatore,Online Store,Returning,2,6500.0,0.05,650.0,12350.0,7149.36,5200.64,42.11,Debit Card,Completed
ORD-10361,2026-06-26 10:00:18,CUST-1155,Ultra Smartphone,Electronics,Maharashtra,Nagpur,Online Store,New,4,55000.0,0.1,22000.0,198000.0,130032.51,67967.49,34.33,Net Banking,Completed
ORD-10362,2026-06-26 07:39:54,CUST-1254,Standing Desk,Furniture,Maharashtra,Nagpur,Retail Outlet,Returning,2,32000.0,0.05,3200.0,60800.0,41411.18,19388.82,31.89,UPI,Completed
ORD-10363,2026-06-26 08:31:49,CUST-1117,Wireless Ergonomic Mouse,Accessories,Tamil Nadu,Chennai,Distributor,Returning,8,2500.0,0.15,3000.0,17000.0,8238.81,8761.19,51.54,Debit Card,Completed
ORD-10364,2026-06-26 16:33:03,CUST-1052,USB-C Multiport Dock,Accessories,Delhi NCR,Gurugram,Online Store,Returning,5,4500.0,0.05,1125.0,21375.0,9922.22,11452.78,53.58,Debit Card,Completed
ORD-10365,2026-06-26 12:06:37,CUST-1319,"4K Monitor 27""",Electronics,Karnataka,Mysuru,Direct Sales,Returning,1,28000.0,0.15,4200.0,23800.0,16672.31,7127.69,29.95,UPI,Completed
ORD-10366,2026-06-26 08:51:07,CUST-1111,Wireless Ergonomic Mouse,Accessories,Maharashtra,Mumbai,Direct Sales,New,1,2500.0,0.2,500.0,2000.0,967.67,1032.33,51.62,Net Banking,Completed
ORD-10367,2026-06-26 14:10:20,CUST-1175,Wireless Ergonomic Mouse,Accessories,Maharashtra,Pune,Retail Outlet,Returning,6,2500.0,0.2,3000.0,12000.0,5938.07,6061.93,50.52,Net Banking,Completed
ORD-10368,2026-06-26 18:11:42,CUST-1166,Ultra Smartphone,Electronics,Karnataka,Mysuru,Online Store,Returning,4,55000.0,0.2,44000.0,176000.0,132358.46,43641.54,24.8,Net Banking,Completed
ORD-10369,2026-06-26 18:50:58,CUST-1233,Wireless Noise-Canceling Headphones,Electronics,Gujarat,Ahmedabad,Direct Sales,Returning,2,12000.0,0.1,2400.0,21600.0,11726.5,9873.5,45.71,Debit Card,Completed
ORD-10370,2026-06-26 20:56:17,CUST-1057,Wireless Noise-Canceling Headphones,Electronics,Maharashtra,Nagpur,Online Store,Returning,4,12000.0,0.0,0.0,48000.0,24937.31,23062.69,48.05,Debit Card,Completed
ORD-10371,2026-06-26 13:55:54,CUST-1173,"4K Monitor 27""",Electronics,Maharashtra,Pune,Online Store,Returning,3,28000.0,0.05,4200.0,79800.0,52125.88,27674.12,34.68,UPI,Completed
ORD-10372,2026-06-26 14:29:32,CUST-1219,"4K Monitor 27""",Electronics,Gujarat,Vadodara,Distributor,New,4,28000.0,0.15,16800.0,95200.0,67459.51,27740.49,29.14,Credit Card,Completed
ORD-10373,2026-06-26 13:35:08,CUST-1306,Smart Fitness Watch,Accessories,Gujarat,Ahmedabad,Distributor,Returning,2,8500.0,0.0,0.0,17000.0,8813.13,8186.87,48.16,Credit Card,Completed
ORD-10374,2026-06-26 16:22:18,CUST-1286,Ergonomic Office Chair,Furniture,Maharashtra,Nagpur,Direct Sales,Returning,3,18000.0,0.0,0.0,54000.0,32148.78,21851.22,40.47,Debit Card,Completed
ORD-10375,2026-06-26 13:11:38,CUST-1290,Laptop Pro,Electronics,Delhi NCR,Noida,Distributor,Returning,2,75000.0,0.0,0.0,150000.0,96662.23,53337.77,35.56,UPI,Completed
ORD-10376,2026-06-26 18:43:10,CUST-1212,Wireless Noise-Canceling Headphones,Electronics,Maharashtra,Mumbai,Retail Outlet,Returning,2,12000.0,0.05,1200.0,22800.0,11756.13,11043.87,48.44,Debit Card,Completed
ORD-10377,2026-06-26 14:46:15,CUST-1344,Wireless Noise-Canceling Headphones,Electronics,Delhi NCR,New Delhi,Online Store,Returning,4,12000.0,0.1,4800.0,43200.0,23800.94,19399.06,44.91,Net Banking,Completed
ORD-10378,2026-06-26 08:30:58,CUST-1095,Ergonomic Office Chair,Furniture,Maharashtra,Nagpur,Direct Sales,New,1,18000.0,0.0,0.0,18000.0,10598.0,7402.0,41.12,Debit Card,Completed
ORD-10379,2026-06-27 07:35:37,CUST-1179,"4K Monitor 27""",Electronics,Karnataka,Bengaluru,Distributor,Returning,2,28000.0,0.1,5600.0,50400.0,35057.14,15342.86,30.44,Credit Card,Completed
ORD-10380,2026-06-27 07:55:37,CUST-1108,Wireless Noise-Canceling Headphones,Electronics,Maharashtra,Nagpur,Direct Sales,Returning,1,12000.0,0.2,2400.0,9600.0,5855.25,3744.75,39.01,UPI,Completed
ORD-10381,2026-06-27 18:03:00,CUST-1268,Ultra Smartphone,Electronics,Delhi NCR,Noida,Direct Sales,New,2,55000.0,0.15,16500.0,93500.0,66598.47,26901.53,28.77,Credit Card,Completed
ORD-10382,2026-06-27 12:32:47,CUST-1278,USB-C Multiport Dock,Accessories,Maharashtra,Nagpur,Direct Sales,Returning,1,4500.0,0.25,1125.0,3375.0,2047.95,1327.05,39.32,Debit Card,Completed
ORD-10383,2026-06-27 21:13:11,CUST-1294,Smart Fitness Watch,Accessories,Maharashtra,Nagpur,Distributor,Returning,7,8500.0,0.05,2975.0,56525.0,31151.58,25373.42,44.89,Debit Card,Completed
ORD-10384,2026-06-27 11:01:58,CUST-1009,Laptop Pro,Electronics,Maharashtra,Nagpur,Online Store,Returning,1,75000.0,0.2,15000.0,60000.0,49260.65,10739.35,17.9,Net Banking,Completed
ORD-10385,2026-06-27 12:29:42,CUST-1127,Mechanical Gaming Keyboard,Electronics,Gujarat,Surat,Online Store,Returning,1,6500.0,0.2,1300.0,5200.0,3551.24,1648.76,31.71,Credit Card,Completed
ORD-10386,2026-06-27 08:03:11,CUST-1302,Laptop Pro,Electronics,Tamil Nadu,Coimbatore,Online Store,New,2,75000.0,0.05,7500.0,142500.0,99387.29,43112.71,30.25,UPI,Completed
ORD-10387,2026-06-27 07:17:01,CUST-1071,Laptop Pro,Electronics,Tamil Nadu,Chennai,Distributor,Returning,2,75000.0,0.05,7500.0,142500.0,95674.77,46825.23,32.86,UPI,Completed
ORD-10388,2026-06-27 14:39:20,CUST-1322,Wireless Ergonomic Mouse,Accessories,Gujarat,Vadodara,Direct Sales,New,6,2500.0,0.15,2250.0,12750.0,5847.93,6902.07,54.13,Net Banking,Completed
ORD-10389,2026-06-27 08:50:23,CUST-1032,Ultra Smartphone,Electronics,Gujarat,Vadodara,Retail Outlet,Returning,1,55000.0,0.05,2750.0,52250.0,33689.71,18560.29,35.52,Debit Card,Completed
ORD-10390,2026-06-27 19:10:37,CUST-1011,Standing Desk,Furniture,Delhi NCR,Gurugram,Distributor,New,1,32000.0,0.2,6400.0,25600.0,20879.5,4720.5,18.44,Debit Card,Completed
ORD-10391,2026-06-27 17:02:24,CUST-1217,USB-C Multiport Dock,Accessories,Tamil Nadu,Chennai,Online Store,New,6,4500.0,0.15,4050.0,22950.0,12556.59,10393.41,45.29,Credit Card,Cancelled
ORD-10392,2026-06-27 14:49:33,CUST-1071,Ultra Smartphone,Electronics,Gujarat,Vadodara,Retail Outlet,Returning,2,55000.0,0.1,11000.0,99000.0,68215.77,30784.23,31.1,Credit Card,Completed
ORD-10393,2026-06-27 12:34:10,CUST-1279,Wireless Ergonomic Mouse,Accessories,Maharashtra,Nagpur,Online Store,Returning,2,2500.0,0.1,500.0,4500.0,2003.84,2496.16,55.47,Debit Card,Completed
ORD-10394,2026-06-27 20:31:03,CUST-1269,Laptop Pro,Electronics,Maharashtra,Mumbai,Online Store,Returning,2,75000.0,0.1,15000.0,135000.0,96275.59,38724.41,28.68,Net Banking,Completed
ORD-10395,2026-06-27 07:53:26,CUST-1008,Laptop Pro,Electronics,Karnataka,Mysuru,Retail Outlet,Returning,1,75000.0,0.1,7500.0,67500.0,49654.75,17845.25,26.44,Net Banking,Completed
ORD-10396,2026-06-27 09:46:53,CUST-1088,Ultra Smartphone,Electronics,Tamil Nadu,Coimbatore,Retail Outlet,Returning,4,55000.0,0.2,44000.0,176000.0,127617.93,48382.07,27.49,Credit Card,Completed
ORD-10397,2026-06-27 10:09:22,CUST-1286,Smart Fitness Watch,Accessories,Maharashtra,Mumbai,Distributor,Returning,4,8500.0,0.0,0.0,34000.0,17038.77,16961.23,49.89,Credit Card,Completed
ORD-10398,2026-06-27 17:46:16,CUST-1272,Ultra Smartphone,Electronics,Karnataka,Mysuru,Direct Sales,Returning,4,55000.0,0.1,22000.0,198000.0,136515.52,61484.48,31.05,Net Banking,Completed
ORD-10399,2026-06-27 08:06:51,CUST-1319,Laptop Pro,Electronics,Tamil Nadu,Chennai,Retail Outlet,New,4,75000.0,0.2,60000.0,240000.0,196037.92,43962.08,18.32,Debit Card,Completed
ORD-10400,2026-06-27 16:16:57,CUST-1189,USB-C Multiport Dock,Accessories,Delhi NCR,Noida,Direct Sales,New,4,4500.0,0.25,4500.0,13500.0,8390.88,5109.12,37.85,Net Banking,Completed
ORD-10401,2026-06-27 15:18:23,CUST-1193,Mechanical Gaming Keyboard,Electronics,Tamil Nadu,Coimbatore,Online Store,New,2,6500.0,0.15,1950.0,11050.0,7026.94,4023.06,36.41,Debit Card,Completed
ORD-10402,2026-06-27 16:53:15,CUST-1086,Standing Desk,Furniture,Maharashtra,Nagpur,Distributor,New,4,32000.0,0.1,12800.0,115200.0,84141.57,31058.43,26.96,Net Banking,Completed
ORD-10403,2026-06-27 08:34:59,CUST-1303,Standing Desk,Furniture,Tamil Nadu,Chennai,Retail Outlet,New,4,32000.0,0.15,19200.0,108800.0,80537.84,28262.16,25.98,Net Banking,Cancelled
ORD-10404,2026-06-27 14:49:56,CUST-1081,Ergonomic Office Chair,Furniture,Karnataka,Bengaluru,Retail Outlet,Returning,2,18000.0,0.05,1800.0,34200.0,20565.73,13634.27,39.87,Debit Card,Completed
ORD-10405,2026-06-27 17:32:18,CUST-1306,USB-C Multiport Dock,Accessories,Maharashtra,Pune,Online Store,Returning,7,4500.0,0.1,3150.0,28350.0,14185.49,14164.51,49.96,Debit Card,Completed
ORD-10406,2026-06-27 14:17:29,CUST-1336,Ergonomic Office Chair,Furniture,Karnataka,Mysuru,Distributor,New,4,18000.0,0.2,14400.0,57600.0,43182.99,14417.01,25.03,Debit Card,Completed
ORD-10407,2026-06-27 10:34:58,CUST-1044,Wireless Noise-Canceling Headphones,Electronics,Karnataka,Mysuru,Distributor,Returning,2,12000.0,0.1,2400.0,21600.0,12226.3,9373.7,43.4,UPI,Completed
ORD-10408,2026-06-27 11:24:08,CUST-1041,Ultra Smartphone,Electronics,Delhi NCR,New Delhi,Direct Sales,New,2,55000.0,0.1,11000.0,99000.0,63510.26,35489.74,35.85,Debit Card,Completed
ORD-10409,2026-06-27 15:22:47,CUST-1175,Laptop Pro,Electronics,Maharashtra,Nagpur,Distributor,Returning,4,75000.0,0.15,45000.0,255000.0,192143.19,62856.81,24.65,UPI,Completed
ORD-10410,2026-06-27 19:28:06,CUST-1312,Wireless Noise-Canceling Headphones,Electronics,Maharashtra,Mumbai,Retail Outlet,Returning,3,12000.0,0.25,9000.0,27000.0,17627.23,9372.77,34.71,Debit Card,Completed
ORD-10411,2026-06-27 15:08:07,CUST-1135,Standing Desk,Furniture,Maharashtra,Nagpur,Distributor,Returning,4,32000.0,0.25,32000.0,96000.0,81328.48,14671.52,15.28,Credit Card,Completed
ORD-10412,2026-06-27 15:07:06,CUST-1013,Laptop Pro,Electronics,Maharashtra,Mumbai,Direct Sales,Returning,4,75000.0,0.1,30000.0,270000.0,199503.27,70496.73,26.11,UPI,Completed
ORD-10413,2026-06-27 13:05:47,CUST-1169,Smart Fitness Watch,Accessories,Delhi NCR,Gurugram,Online Store,New,4,8500.0,0.15,5100.0,28900.0,17535.9,11364.1,39.32,UPI,Completed
ORD-10414,2026-06-27 15:16:07,CUST-1280,Wireless Ergonomic Mouse,Accessories,Delhi NCR,New Delhi,Online Store,New,5,2500.0,0.15,1875.0,10625.0,5198.54,5426.46,51.07,Debit Card,Completed
ORD-10415,2026-06-27 21:09:10,CUST-1120,Mechanical Gaming Keyboard,Electronics,Karnataka,Mysuru,Retail Outlet,Returning,2,6500.0,0.0,0.0,13000.0,7076.36,5923.64,45.57,Credit Card,Completed
ORD-10416,2026-06-28 12:44:40,CUST-1279,Mechanical Gaming Keyboard,Electronics,Delhi NCR,Noida,Distributor,Returning,1,6500.0,0.2,1300.0,5200.0,3686.55,1513.45,29.1,Net Banking,Completed
ORD-10417,2026-06-28 18:41:18,CUST-1288,USB-C Multiport Dock,Accessories,Maharashtra,Mumbai,Online Store,New,8,4500.0,0.0,0.0,36000.0,15585.82,20414.18,56.71,Debit Card,Completed
ORD-10418,2026-06-28 10:03:44,CUST-1155,Standing Desk,Furniture,Maharashtra,Mumbai,Direct Sales,Returning,1,32000.0,0.1,3200.0,28800.0,20728.3,8071.7,28.03,Credit Card,Completed
ORD-10419,2026-06-28 13:15:15,CUST-1005,Ergonomic Office Chair,Furniture,Karnataka,Bengaluru,Online Store,Returning,4,18000.0,0.1,7200.0,64800.0,42421.8,22378.2,34.53,Credit Card,Completed
ORD-10420,2026-06-28 12:53:33,CUST-1015,USB-C Multiport Dock,Accessories,Karnataka,Bengaluru,Distributor,New,6,4500.0,0.15,4050.0,22950.0,12518.19,10431.81,45.45,UPI,Completed
ORD-10421,2026-06-28 11:42:50,CUST-1029,Mechanical Gaming Keyboard,Electronics,Delhi NCR,Gurugram,Direct Sales,New,3,6500.0,0.05,975.0,18525.0,10359.64,8165.36,44.08,UPI,Completed
ORD-10422,2026-06-28 10:35:20,CUST-1132,USB-C Multiport Dock,Accessories,Tamil Nadu,Chennai,Direct Sales,Returning,4,4500.0,0.1,1800.0,16200.0,7864.17,8335.83,51.46,Credit Card,Completed
ORD-10423,2026-06-28 21:01:06,CUST-1190,Standing Desk,Furniture,Gujarat,Ahmedabad,Direct Sales,New,1,32000.0,0.1,3200.0,28800.0,19780.96,9019.04,31.32,Credit Card,Completed
ORD-10424,2026-06-28 16:18:32,CUST-1195,Wireless Ergonomic Mouse,Accessories,Maharashtra,Pune,Distributor,New,3,2500.0,0.1,750.0,6750.0,2906.17,3843.83,56.95,UPI,Completed
ORD-10425,2026-06-28 08:27:07,CUST-1232,Ergonomic Office Chair,Furniture,Maharashtra,Pune,Retail Outlet,Returning,3,18000.0,0.0,0.0,54000.0,31935.17,22064.83,40.86,Debit Card,Completed
ORD-10426,2026-06-28 18:10:27,CUST-1287,USB-C Multiport Dock,Accessories,Gujarat,Surat,Direct Sales,New,4,4500.0,0.25,4500.0,13500.0,8313.98,5186.02,38.41,Credit Card,Completed
ORD-10427,2026-06-28 14:15:12,CUST-1217,Wireless Noise-Canceling Headphones,Electronics,Delhi NCR,New Delhi,Retail Outlet,New,3,12000.0,0.2,7200.0,28800.0,17751.02,11048.98,38.36,Net Banking,Completed
ORD-10428,2026-06-28 18:58:34,CUST-1243,"4K Monitor 27""",Electronics,Gujarat,Vadodara,Distributor,Returning,3,28000.0,0.15,12600.0,71400.0,51578.44,19821.56,27.76,Credit Card,Completed
ORD-10429,2026-06-28 17:10:23,CUST-1225,Smart Fitness Watch,Accessories,Karnataka,Mysuru,Distributor,Returning,1,8500.0,0.2,1700.0,6800.0,4495.59,2304.41,33.89,Credit Card,Completed
ORD-10430,2026-06-28 11:12:01,CUST-1279,Smart Fitness Watch,Accessories,Tamil Nadu,Coimbatore,Online Store,New,2,8500.0,0.25,4250.0,12750.0,8648.91,4101.09,32.17,Debit Card,Completed
ORD-10431,2026-06-28 08:34:23,CUST-1296,Smart Fitness Watch,Accessories,Maharashtra,Pune,Direct Sales,Returning,1,8500.0,0.05,425.0,8075.0,4422.9,3652.1,45.23,Debit Card,Completed
ORD-10432,2026-06-28 08:48:30,CUST-1219,Smart Fitness Watch,Accessories,Gujarat,Ahmedabad,Retail Outlet,Returning,7,8500.0,0.0,0.0,59500.0,29747.46,29752.54,50.0,Credit Card,Completed
ORD-10433,2026-06-28 17:52:48,CUST-1290,Smart Fitness Watch,Accessories,Karnataka,Bengaluru,Online Store,Returning,3,8500.0,0.15,3825.0,21675.0,13670.7,8004.3,36.93,Net Banking,Completed
ORD-10434,2026-06-28 09:35:31,CUST-1034,Ergonomic Office Chair,Furniture,Delhi NCR,New Delhi,Retail Outlet,Returning,1,18000.0,0.1,1800.0,16200.0,10482.34,5717.66,35.29,UPI,Completed
ORD-10435,2026-06-28 12:10:43,CUST-1076,Smart Fitness Watch,Accessories,Delhi NCR,New Delhi,Distributor,Returning,8,8500.0,0.15,10200.0,57800.0,34920.99,22879.01,39.58,UPI,Completed
ORD-10436,2026-06-28 12:36:24,CUST-1099,"4K Monitor 27""",Electronics,Karnataka,Bengaluru,Online Store,Returning,3,28000.0,0.2,16800.0,67200.0,52953.83,14246.17,21.2,UPI,Completed
ORD-10437,2026-06-28 10:40:26,CUST-1188,Wireless Ergonomic Mouse,Accessories,Maharashtra,Nagpur,Retail Outlet,New,5,2500.0,0.05,625.0,11875.0,5000.11,6874.89,57.89,UPI,Completed
ORD-10438,2026-06-28 15:53:29,CUST-1102,"4K Monitor 27""",Electronics,Maharashtra,Mumbai,Distributor,New,1,28000.0,0.05,1400.0,26600.0,17419.64,9180.36,34.51,UPI,Completed
ORD-10439,2026-06-28 09:36:15,CUST-1009,Standing Desk,Furniture,Maharashtra,Pune,Distributor,Returning,4,32000.0,0.05,6400.0,121600.0,80301.31,41298.69,33.96,Net Banking,Completed
ORD-10440,2026-06-28 21:12:20,CUST-1195,Smart Fitness Watch,Accessories,Maharashtra,Nagpur,Direct Sales,Returning,7,8500.0,0.0,0.0,59500.0,31001.81,28498.19,47.9,Debit Card,Completed
ORD-10441,2026-06-28 09:32:55,CUST-1215,Laptop Pro,Electronics,Maharashtra,Pune,Retail Outlet,Returning,3,75000.0,0.1,22500.0,202500.0,145366.66,57133.34,28.21,Debit Card,Completed
ORD-10442,2026-06-28 08:37:20,CUST-1167,USB-C Multiport Dock,Accessories,Maharashtra,Nagpur,Online Store,New,4,4500.0,0.0,0.0,18000.0,8251.7,9748.3,54.16,UPI,Completed
ORD-10443,2026-06-28 18:42:45,CUST-1297,Ultra Smartphone,Electronics,Delhi NCR,New Delhi,Distributor,Returning,3,55000.0,0.15,24750.0,140250.0,99681.79,40568.21,28.93,Net Banking,Completed
ORD-10444,2026-06-28 14:38:46,CUST-1293,Smart Fitness Watch,Accessories,Maharashtra,Mumbai,Direct Sales,Returning,6,8500.0,0.15,7650.0,43350.0,26571.47,16778.53,38.7,UPI,Completed
ORD-10445,2026-06-28 10:28:39,CUST-1266,"4K Monitor 27""",Electronics,Maharashtra,Pune,Online Store,New,4,28000.0,0.0,0.0,112000.0,69539.71,42460.29,37.91,Net Banking,Cancelled
ORD-10446,2026-06-28 15:04:33,CUST-1340,Wireless Noise-Canceling Headphones,Electronics,Karnataka,Bengaluru,Direct Sales,Returning,3,12000.0,0.15,5400.0,30600.0,18689.01,11910.99,38.92,Credit Card,Completed
ORD-10447,2026-06-28 07:22:21,CUST-1180,Wireless Noise-Canceling Headphones,Electronics,Delhi NCR,Noida,Online Store,New,1,12000.0,0.15,1800.0,10200.0,6124.27,4075.73,39.96,Debit Card,Completed
ORD-10448,2026-06-28 10:43:34,CUST-1155,Wireless Ergonomic Mouse,Accessories,Karnataka,Mysuru,Online Store,New,6,2500.0,0.0,0.0,15000.0,6003.0,8997.0,59.98,Net Banking,Completed
ORD-10449,2026-06-28 10:51:31,CUST-1316,Wireless Ergonomic Mouse,Accessories,Delhi NCR,Noida,Distributor,Returning,1,2500.0,0.25,625.0,1875.0,992.15,882.85,47.09,Debit Card,Completed
ORD-10450,2026-06-28 12:54:29,CUST-1017,USB-C Multiport Dock,Accessories,Gujarat,Vadodara,Distributor,New,8,4500.0,0.15,5400.0,30600.0,16773.18,13826.82,45.19,Credit Card,Completed
ORD-10451,2026-06-28 20:45:38,CUST-1187,Standing Desk,Furniture,Delhi NCR,Gurugram,Direct Sales,New,4,32000.0,0.0,0.0,128000.0,81223.38,46776.62,36.54,Debit Card,Completed
ORD-10452,2026-06-28 17:07:43,CUST-1264,Smart Fitness Watch,Accessories,Tamil Nadu,Coimbatore,Retail Outlet,New,6,8500.0,0.2,10200.0,40800.0,26003.17,14796.83,36.27,Credit Card,Completed
ORD-10453,2026-06-28 17:45:49,CUST-1225,Standing Desk,Furniture,Karnataka,Mysuru,Distributor,Returning,1,32000.0,0.05,1600.0,30400.0,20440.64,9959.36,32.76,Credit Card,Completed
ORD-10454,2026-06-28 10:21:31,CUST-1230,Wireless Noise-Canceling Headphones,Electronics,Maharashtra,Nagpur,Distributor,Returning,4,12000.0,0.0,0.0,48000.0,24956.29,23043.71,48.01,Credit Card,Completed
ORD-10455,2026-06-28 16:10:12,CUST-1114,Ultra Smartphone,Electronics,Karnataka,Bengaluru,Direct Sales,Returning,2,55000.0,0.05,5500.0,104500.0,66883.19,37616.81,36.0,Credit Card,Completed
ORD-10456,2026-06-28 21:03:52,CUST-1220,USB-C Multiport Dock,Accessories,Gujarat,Vadodara,Retail Outlet,Returning,7,4500.0,0.0,0.0,31500.0,14533.05,16966.95,53.86,Net Banking,Completed
ORD-10457,2026-06-28 12:44:25,CUST-1216,Ultra Smartphone,Electronics,Gujarat,Vadodara,Distributor,Returning,4,55000.0,0.0,0.0,220000.0,128107.44,91892.56,41.77,Net Banking,Completed
ORD-10458,2026-06-28 09:10:25,CUST-1134,Mechanical Gaming Keyboard,Electronics,Maharashtra,Mumbai,Online Store,Returning,4,6500.0,0.2,5200.0,20800.0,14749.43,6050.57,29.09,Credit Card,Completed
ORD-10459,2026-06-28 19:47:57,CUST-1319,Wireless Ergonomic Mouse,Accessories,Maharashtra,Mumbai,Online Store,Returning,8,2500.0,0.1,2000.0,18000.0,7987.82,10012.18,55.62,Credit Card,Completed
ORD-10460,2026-06-28 10:07:17,CUST-1345,USB-C Multiport Dock,Accessories,Delhi NCR,New Delhi,Retail Outlet,Returning,3,4500.0,0.05,675.0,12825.0,6149.54,6675.46,52.05,Credit Card,Completed
ORD-10461,2026-06-28 21:02:59,CUST-1310,Mechanical Gaming Keyboard,Electronics,Karnataka,Bengaluru,Distributor,Returning,1,6500.0,0.05,325.0,6175.0,3578.87,2596.13,42.04,UPI,Completed
ORD-10462,2026-06-28 18:07:10,CUST-1049,Standing Desk,Furniture,Maharashtra,Pune,Direct Sales,Returning,1,32000.0,0.15,4800.0,27200.0,20542.15,6657.85,24.48,Credit Card,Completed
ORD-10463,2026-06-29 08:29:19,CUST-1215,Wireless Ergonomic Mouse,Accessories,Delhi NCR,Noida,Online Store,Returning,3,2500.0,0.1,750.0,6750.0,3021.01,3728.99,55.24,Net Banking,Completed
ORD-10464,2026-06-29 20:13:59,CUST-1297,Wireless Ergonomic Mouse,Accessories,Gujarat,Ahmedabad,Retail Outlet,Returning,8,2500.0,0.25,5000.0,15000.0,8267.98,6732.02,44.88,Credit Card,Completed
ORD-10465,2026-06-29 17:16:11,CUST-1232,Ultra Smartphone,Electronics,Gujarat,Surat,Online Store,Returning,4,55000.0,0.2,44000.0,176000.0,130801.82,45198.18,25.68,Net Banking,Completed
ORD-10466,2026-06-29 16:03:55,CUST-1297,Mechanical Gaming Keyboard,Electronics,Karnataka,Bengaluru,Direct Sales,Returning,2,6500.0,0.1,1300.0,11700.0,7435.9,4264.1,36.45,Debit Card,Completed
ORD-10467,2026-06-29 07:27:20,CUST-1295,Wireless Noise-Canceling Headphones,Electronics,Maharashtra,Mumbai,Retail Outlet,Returning,3,12000.0,0.05,1800.0,34200.0,17302.8,16897.2,49.41,Net Banking,Completed
ORD-10468,2026-06-29 17:49:48,CUST-1283,Wireless Noise-Canceling Headphones,Electronics,Tamil Nadu,Coimbatore,Online Store,New,4,12000.0,0.2,9600.0,38400.0,23233.98,15166.02,39.49,Debit Card,Completed
ORD-10469,2026-06-29 18:35:37,CUST-1030,Laptop Pro,Electronics,Delhi NCR,Gurugram,Retail Outlet,Returning,1,75000.0,0.1,7500.0,67500.0,46945.84,20554.16,30.45,Net Banking,Completed
ORD-10470,2026-06-29 19:55:10,CUST-1325,Ergonomic Office Chair,Furniture,Maharashtra,Mumbai,Online Store,Returning,2,18000.0,0.15,5400.0,30600.0,21129.75,9470.25,30.95,Debit Card,Completed
ORD-10471,2026-06-29 16:47:00,CUST-1104,Wireless Ergonomic Mouse,Accessories,Karnataka,Mysuru,Online Store,Returning,5,2500.0,0.15,1875.0,10625.0,4805.57,5819.43,54.77,Debit Card,Completed
ORD-10472,2026-06-29 17:26:18,CUST-1333,Smart Fitness Watch,Accessories,Gujarat,Surat,Online Store,New,7,8500.0,0.0,0.0,59500.0,30034.68,29465.32,49.52,Credit Card,Completed
ORD-10473,2026-06-29 17:32:30,CUST-1035,Ultra Smartphone,Electronics,Tamil Nadu,Chennai,Online Store,New,1,55000.0,0.2,11000.0,44000.0,33564.15,10435.85,23.72,UPI,Completed
ORD-10474,2026-06-29 20:44:43,CUST-1254,Wireless Ergonomic Mouse,Accessories,Tamil Nadu,Chennai,Retail Outlet,Returning,8,2500.0,0.2,4000.0,16000.0,8223.05,7776.95,48.61,Debit Card,Completed
ORD-10475,2026-06-29 20:42:20,CUST-1052,Laptop Pro,Electronics,Maharashtra,Pune,Distributor,New,3,75000.0,0.15,33750.0,191250.0,148317.42,42932.58,22.45,Debit Card,Completed
ORD-10476,2026-06-29 16:28:54,CUST-1223,Standing Desk,Furniture,Tamil Nadu,Chennai,Online Store,Returning,4,32000.0,0.05,6400.0,121600.0,84014.06,37585.94,30.91,Net Banking,Completed
ORD-10477,2026-06-29 14:15:27,CUST-1256,Ultra Smartphone,Electronics,Gujarat,Surat,Distributor,Returning,2,55000.0,0.05,5500.0,104500.0,64793.01,39706.99,38.0,Net Banking,Completed
ORD-10478,2026-06-29 12:08:50,CUST-1019,Mechanical Gaming Keyboard,Electronics,Karnataka,Mysuru,Distributor,Returning,3,6500.0,0.0,0.0,19500.0,10858.14,8641.86,44.32,Credit Card,Completed
ORD-10479,2026-06-29 19:28:50,CUST-1116,Standing Desk,Furniture,Maharashtra,Nagpur,Online Store,Returning,1,32000.0,0.1,3200.0,28800.0,20957.46,7842.54,27.23,UPI,Completed
ORD-10480,2026-06-29 11:47:58,CUST-1208,USB-C Multiport Dock,Accessories,Maharashtra,Mumbai,Direct Sales,Returning,6,4500.0,0.0,0.0,27000.0,11788.68,15211.32,56.34,Debit Card,Completed
ORD-10481,2026-06-29 15:06:38,CUST-1141,"4K Monitor 27""",Electronics,Delhi NCR,Gurugram,Retail Outlet,New,2,28000.0,0.1,5600.0,50400.0,34853.18,15546.82,30.85,Net Banking,Completed
ORD-10482,2026-06-29 17:42:19,CUST-1279,Ergonomic Office Chair,Furniture,Maharashtra,Mumbai,Online Store,Returning,2,18000.0,0.05,1800.0,34200.0,20665.88,13534.12,39.57,Net Banking,Completed
ORD-10483,2026-06-29 08:43:25,CUST-1094,Standing Desk,Furniture,Tamil Nadu,Coimbatore,Distributor,Returning,4,32000.0,0.1,12800.0,115200.0,79056.29,36143.71,31.37,Credit Card,Completed
ORD-10484,2026-06-29 16:55:52,CUST-1300,Ergonomic Office Chair,Furniture,Maharashtra,Nagpur,Direct Sales,New,2,18000.0,0.05,1800.0,34200.0,21504.64,12695.36,37.12,UPI,Completed
ORD-10485,2026-06-29 08:33:20,CUST-1044,Standing Desk,Furniture,Maharashtra,Mumbai,Retail Outlet,Returning,1,32000.0,0.15,4800.0,27200.0,19907.35,7292.65,26.81,Credit Card,Completed
ORD-10486,2026-06-29 17:30:42,CUST-1033,Standing Desk,Furniture,Karnataka,Mysuru,Retail Outlet,Returning,4,32000.0,0.2,25600.0,102400.0,81076.3,21323.7,20.82,Credit Card,Completed
ORD-10487,2026-06-29 11:02:48,CUST-1285,Wireless Ergonomic Mouse,Accessories,Karnataka,Mysuru,Retail Outlet,New,8,2500.0,0.2,4000.0,16000.0,8089.52,7910.48,49.44,Credit Card,Completed
ORD-10488,2026-06-29 19:29:10,CUST-1020,"4K Monitor 27""",Electronics,Gujarat,Ahmedabad,Online Store,Returning,2,28000.0,0.25,14000.0,42000.0,34508.89,7491.11,17.84,UPI,Completed
ORD-10489,2026-06-29 16:47:26,CUST-1175,"4K Monitor 27""",Electronics,Maharashtra,Mumbai,Distributor,Returning,1,28000.0,0.25,7000.0,21000.0,16870.78,4129.22,19.66,Debit Card,Completed
ORD-10490,2026-06-29 11:42:43,CUST-1114,Standing Desk,Furniture,Maharashtra,Nagpur,Online Store,New,2,32000.0,0.1,6400.0,57600.0,42193.22,15406.78,26.75,UPI,Completed
ORD-10491,2026-06-29 16:22:51,CUST-1022,Wireless Noise-Canceling Headphones,Electronics,Karnataka,Bengaluru,Online Store,Returning,3,12000.0,0.2,7200.0,28800.0,18179.82,10620.18,36.88,Debit Card,Completed
ORD-10492,2026-06-29 08:44:44,CUST-1201,Mechanical Gaming Keyboard,Electronics,Maharashtra,Nagpur,Online Store,Returning,4,6500.0,0.2,5200.0,20800.0,14027.92,6772.08,32.56,Credit Card,Completed
ORD-10493,2026-06-29 11:27:39,CUST-1344,Wireless Ergonomic Mouse,Accessories,Karnataka,Bengaluru,Retail Outlet,Returning,4,2500.0,0.05,500.0,9500.0,4122.14,5377.86,56.61,Debit Card,Completed
ORD-10494,2026-06-29 17:48:32,CUST-1113,"4K Monitor 27""",Electronics,Maharashtra,Mumbai,Retail Outlet,Returning,2,28000.0,0.15,8400.0,47600.0,33589.41,14010.59,29.43,Net Banking,Completed
ORD-10495,2026-06-29 11:03:36,CUST-1189,"4K Monitor 27""",Electronics,Delhi NCR,Noida,Distributor,Returning,3,28000.0,0.25,21000.0,63000.0,51470.51,11529.49,18.3,Net Banking,Completed
ORD-10496,2026-06-29 09:31:04,CUST-1143,Smart Fitness Watch,Accessories,Maharashtra,Mumbai,Retail Outlet,Returning,5,8500.0,0.2,8500.0,34000.0,22938.55,11061.45,32.53,Debit Card,Completed
ORD-10497,2026-06-29 19:53:49,CUST-1040,"4K Monitor 27""",Electronics,Maharashtra,Mumbai,Retail Outlet,Returning,1,28000.0,0.25,7000.0,21000.0,17074.38,3925.62,18.69,Net Banking,Completed
ORD-10498,2026-06-29 11:15:43,CUST-1317,Smart Fitness Watch,Accessories,Maharashtra,Pune,Retail Outlet,New,8,8500.0,0.1,6800.0,61200.0,36299.31,24900.69,40.69,Net Banking,Completed
ORD-10499,2026-06-29 13:52:12,CUST-1024,Smart Fitness Watch,Accessories,Gujarat,Vadodara,Distributor,Returning,6,8500.0,0.0,0.0,51000.0,26334.1,24665.9,48.36,Credit Card,Completed
ORD-10500,2026-06-29 09:12:12,CUST-1229,"4K Monitor 27""",Electronics,Karnataka,Mysuru,Distributor,Returning,4,28000.0,0.2,22400.0,89600.0,70558.54,19041.46,21.25,UPI,Cancelled
ORD-10501,2026-06-29 20:12:57,CUST-1257,Wireless Noise-Canceling Headphones,Electronics,Maharashtra,Pune,Direct Sales,Returning,3,12000.0,0.05,1800.0,34200.0,18174.53,16025.47,46.86,UPI,Completed
ORD-10502,2026-06-29 07:42:09,CUST-1287,Wireless Noise-Canceling Headphones,Electronics,Maharashtra,Pune,Retail Outlet,Returning,1,12000.0,0.2,2400.0,9600.0,5968.17,3631.83,37.83,Debit Card,Completed
ORD-10503,2026-06-30 16:32:44,CUST-1011,Laptop Pro,Electronics,Maharashtra,Nagpur,Online Store,Returning,4,75000.0,0.1,30000.0,270000.0,198953.16,71046.84,26.31,UPI,Completed
ORD-10504,2026-06-30 07:51:34,CUST-1201,Smart Fitness Watch,Accessories,Maharashtra,Nagpur,Direct Sales,Returning,1,8500.0,0.0,0.0,8500.0,4250.2,4249.8,50.0,Credit Card,Completed
ORD-10505,2026-06-30 14:25:32,CUST-1105,Laptop Pro,Electronics,Karnataka,Mysuru,Retail Outlet,Returning,4,75000.0,0.2,60000.0,240000.0,199911.32,40088.68,16.7,Credit Card,Completed
ORD-10506,2026-06-30 08:39:32,CUST-1296,Ultra Smartphone,Electronics,Gujarat,Vadodara,Online Store,New,3,55000.0,0.05,8250.0,156750.0,98075.78,58674.22,37.43,UPI,Completed
ORD-10507,2026-06-30 08:29:46,CUST-1105,Ergonomic Office Chair,Furniture,Maharashtra,Nagpur,Direct Sales,Returning,2,18000.0,0.1,3600.0,32400.0,21624.38,10775.62,33.26,Net Banking,Completed
ORD-10508,2026-06-30 17:30:50,CUST-1057,Ultra Smartphone,Electronics,Maharashtra,Mumbai,Online Store,Returning,3,55000.0,0.1,16500.0,148500.0,98404.42,50095.58,33.73,Net Banking,Completed
ORD-10509,2026-06-30 07:17:48,CUST-1284,USB-C Multiport Dock,Accessories,Maharashtra,Pune,Online Store,Returning,5,4500.0,0.15,3375.0,19125.0,9881.12,9243.88,48.33,Net Banking,Completed
ORD-10510,2026-06-30 16:06:41,CUST-1133,Ultra Smartphone,Electronics,Gujarat,Surat,Distributor,New,2,55000.0,0.25,27500.0,82500.0,67062.05,15437.95,18.71,Debit Card,Completed
ORD-10511,2026-06-30 11:01:50,CUST-1160,Ergonomic Office Chair,Furniture,Maharashtra,Nagpur,Online Store,Returning,1,18000.0,0.1,1800.0,16200.0,10131.55,6068.45,37.46,UPI,Completed
ORD-10512,2026-06-30 20:19:58,CUST-1305,USB-C Multiport Dock,Accessories,Maharashtra,Mumbai,Direct Sales,New,7,4500.0,0.25,7875.0,23625.0,14475.55,9149.45,38.73,Debit Card,Completed
ORD-10513,2026-06-30 08:56:02,CUST-1241,"4K Monitor 27""",Electronics,Karnataka,Bengaluru,Retail Outlet,New,1,28000.0,0.25,7000.0,21000.0,17173.41,3826.59,18.22,Net Banking,Completed
ORD-10514,2026-06-30 11:23:49,CUST-1161,Standing Desk,Furniture,Gujarat,Ahmedabad,Distributor,Returning,4,32000.0,0.25,32000.0,96000.0,79710.48,16289.52,16.97,Credit Card,Completed
ORD-10515,2026-06-30 13:39:45,CUST-1276,Wireless Ergonomic Mouse,Accessories,Delhi NCR,Gurugram,Online Store,New,1,2500.0,0.1,250.0,2250.0,1020.14,1229.86,54.66,Credit Card,Completed
ORD-10516,2026-06-30 08:21:20,CUST-1196,Smart Fitness Watch,Accessories,Delhi NCR,New Delhi,Retail Outlet,New,1,8500.0,0.15,1275.0,7225.0,4254.12,2970.88,41.12,UPI,Completed
ORD-10517,2026-06-30 21:03:28,CUST-1129,Wireless Ergonomic Mouse,Accessories,Maharashtra,Mumbai,Retail Outlet,Returning,8,2500.0,0.2,4000.0,16000.0,8199.14,7800.86,48.76,Debit Card,Completed
ORD-10518,2026-06-30 08:45:50,CUST-1102,USB-C Multiport Dock,Accessories,Karnataka,Bengaluru,Retail Outlet,Returning,8,4500.0,0.0,0.0,36000.0,15899.78,20100.22,55.83,Credit Card,Completed
ORD-10519,2026-06-30 15:26:12,CUST-1310,Ultra Smartphone,Electronics,Maharashtra,Mumbai,Direct Sales,Returning,4,55000.0,0.15,33000.0,187000.0,127937.54,59062.46,31.58,UPI,Completed
ORD-10520,2026-06-30 12:07:59,CUST-1329,"4K Monitor 27""",Electronics,Delhi NCR,Gurugram,Online Store,New,1,28000.0,0.05,1400.0,26600.0,17309.57,9290.43,34.93,UPI,Completed
ORD-10521,2026-06-30 08:09:36,CUST-1337,Wireless Ergonomic Mouse,Accessories,Karnataka,Mysuru,Retail Outlet,Returning,1,2500.0,0.0,0.0,2500.0,1010.8,1489.2,59.57,Debit Card,Completed
ORD-10522,2026-06-30 08:14:30,CUST-1126,Ultra Smartphone,Electronics,Maharashtra,Nagpur,Online Store,New,4,55000.0,0.2,44000.0,176000.0,131784.11,44215.89,25.12,Debit Card,Completed
ORD-10523,2026-06-30 16:10:09,CUST-1294,Standing Desk,Furniture,Maharashtra,Pune,Distributor,Returning,2,32000.0,0.1,6400.0,57600.0,40800.69,16799.31,29.17,Net Banking,Completed
ORD-10524,2026-06-30 09:28:04,CUST-1147,Standing Desk,Furniture,Maharashtra,Mumbai,Retail Outlet,Returning,4,32000.0,0.2,25600.0,102400.0,79730.14,22669.86,22.14,Debit Card,Completed
ORD-10525,2026-06-30 09:56:48,CUST-1032,Mechanical Gaming Keyboard,Electronics,Maharashtra,Nagpur,Distributor,Returning,2,6500.0,0.0,0.0,13000.0,7278.59,5721.41,44.01,UPI,Completed
ORD-10526,2026-06-30 18:41:43,CUST-1239,"4K Monitor 27""",Electronics,Maharashtra,Nagpur,Distributor,Returning,3,28000.0,0.1,8400.0,75600.0,53415.5,22184.5,29.34,Debit Card,Completed
ORD-10527,2026-06-30 12:07:19,CUST-1105,Smart Fitness Watch,Accessories,Gujarat,Ahmedabad,Retail Outlet,Returning,6,8500.0,0.2,10200.0,40800.0,26708.22,14091.78,34.54,UPI,Completed
ORD-10528,2026-06-30 11:08:52,CUST-1275,Ergonomic Office Chair,Furniture,Tamil Nadu,Coimbatore,Direct Sales,Returning,2,18000.0,0.0,0.0,36000.0,21656.44,14343.56,39.84,Net Banking,Completed
ORD-10529,2026-06-30 15:33:29,CUST-1106,Ultra Smartphone,Electronics,Karnataka,Mysuru,Distributor,Returning,1,55000.0,0.2,11000.0,44000.0,32336.66,11663.34,26.51,Debit Card,Completed
ORD-10530,2026-06-30 16:09:13,CUST-1322,"4K Monitor 27""",Electronics,Karnataka,Bengaluru,Online Store,Returning,2,28000.0,0.15,8400.0,47600.0,33537.38,14062.62,29.54,Debit Card,Completed
ORD-10531,2026-06-30 19:46:36,CUST-1053,Mechanical Gaming Keyboard,Electronics,Karnataka,Mysuru,Distributor,Returning,3,6500.0,0.05,975.0,18525.0,10946.07,7578.93,40.91,UPI,Completed
ORD-10532,2026-06-30 17:44:14,CUST-1051,Smart Fitness Watch,Accessories,Tamil Nadu,Chennai,Retail Outlet,New,1,8500.0,0.2,1700.0,6800.0,4586.63,2213.37,32.55,Debit Card,Completed
ORD-10533,2026-07-01 12:24:15,CUST-1185,Ultra Smartphone,Electronics,Karnataka,Bengaluru,Direct Sales,Returning,3,55000.0,0.15,24750.0,140250.0,95578.21,44671.79,31.85,Credit Card,Completed
ORD-10534,2026-07-01 12:05:29,CUST-1317,Mechanical Gaming Keyboard,Electronics,Delhi NCR,Gurugram,Direct Sales,New,1,6500.0,0.25,1625.0,4875.0,3466.2,1408.8,28.9,Net Banking,Completed
ORD-10535,2026-07-01 09:33:36,CUST-1251,"4K Monitor 27""",Electronics,Maharashtra,Nagpur,Online Store,Returning,3,28000.0,0.1,8400.0,75600.0,50608.18,24991.82,33.06,UPI,Completed
ORD-10536,2026-07-01 16:13:02,CUST-1196,USB-C Multiport Dock,Accessories,Maharashtra,Pune,Distributor,Returning,8,4500.0,0.25,9000.0,27000.0,16805.65,10194.35,37.76,Net Banking,Completed
ORD-10537,2026-07-01 20:25:11,CUST-1107,Wireless Ergonomic Mouse,Accessories,Tamil Nadu,Coimbatore,Direct Sales,New,4,2500.0,0.2,2000.0,8000.0,4036.06,3963.94,49.55,Net Banking,Completed
ORD-10538,2026-07-01 17:49:41,CUST-1253,"4K Monitor 27""",Electronics,Maharashtra,Pune,Direct Sales,New,4,28000.0,0.2,22400.0,89600.0,70351.88,19248.12,21.48,Net Banking,Completed
ORD-10539,2026-07-01 18:00:40,CUST-1240,Standing Desk,Furniture,Maharashtra,Pune,Direct Sales,New,4,32000.0,0.15,19200.0,108800.0,80563.04,28236.96,25.95,Credit Card,Completed
ORD-10540,2026-07-01 08:26:45,CUST-1008,USB-C Multiport Dock,Accessories,Maharashtra,Mumbai,Direct Sales,New,8,4500.0,0.25,9000.0,27000.0,15881.86,11118.14,41.18,Credit Card,Completed
ORD-10541,2026-07-01 12:44:28,CUST-1160,Ultra Smartphone,Electronics,Delhi NCR,New Delhi,Retail Outlet,Returning,4,55000.0,0.05,11000.0,209000.0,136231.48,72768.52,34.82,Net Banking,Completed
ORD-10542,2026-07-01 10:59:10,CUST-1153,Smart Fitness Watch,Accessories,Karnataka,Mysuru,Online Store,Returning,5,8500.0,0.2,8500.0,34000.0,22252.61,11747.39,34.55,Debit Card,Completed
ORD-10543,2026-07-01 16:41:14,CUST-1087,"4K Monitor 27""",Electronics,Karnataka,Bengaluru,Direct Sales,New,1,28000.0,0.0,0.0,28000.0,16807.0,11193.0,39.98,Net Banking,Completed
ORD-10544,2026-07-01 12:50:34,CUST-1248,Ultra Smartphone,Electronics,Maharashtra,Pune,Distributor,Returning,3,55000.0,0.1,16500.0,148500.0,102651.21,45848.79,30.87,Net Banking,Completed
ORD-10545,2026-07-01 09:49:30,CUST-1328,Standing Desk,Furniture,Maharashtra,Mumbai,Online Store,New,3,32000.0,0.05,4800.0,91200.0,59995.16,31204.84,34.22,Debit Card,Completed
ORD-10546,2026-07-01 11:12:40,CUST-1284,Wireless Noise-Canceling Headphones,Electronics,Gujarat,Ahmedabad,Direct Sales,New,4,12000.0,0.2,9600.0,38400.0,23851.46,14548.54,37.89,Net Banking,Completed
ORD-10547,2026-07-01 19:34:22,CUST-1229,Ergonomic Office Chair,Furniture,Maharashtra,Nagpur,Retail Outlet,New,2,18000.0,0.15,5400.0,30600.0,21504.91,9095.09,29.72,Credit Card,Completed
ORD-10548,2026-07-01 07:48:51,CUST-1137,Wireless Noise-Canceling Headphones,Electronics,Gujarat,Ahmedabad,Online Store,New,2,12000.0,0.15,3600.0,20400.0,12425.62,7974.38,39.09,Net Banking,Completed
ORD-10549,2026-07-01 12:52:59,CUST-1106,Ergonomic Office Chair,Furniture,Delhi NCR,Noida,Direct Sales,Returning,3,18000.0,0.2,10800.0,43200.0,30796.32,12403.68,28.71,Credit Card,Completed
ORD-10550,2026-07-01 08:26:41,CUST-1139,Laptop Pro,Electronics,Maharashtra,Mumbai,Direct Sales,Returning,3,75000.0,0.05,11250.0,213750.0,140685.53,73064.47,34.18,Net Banking,Completed
ORD-10551,2026-07-01 16:51:13,CUST-1139,Smart Fitness Watch,Accessories,Tamil Nadu,Chennai,Retail Outlet,New,3,8500.0,0.1,2550.0,22950.0,13537.95,9412.05,41.01,Net Banking,Completed
ORD-10552,2026-07-01 14:52:31,CUST-1236,"4K Monitor 27""",Electronics,Maharashtra,Mumbai,Retail Outlet,Returning,2,28000.0,0.0,0.0,56000.0,35471.88,20528.12,36.66,UPI,Completed
ORD-10553,2026-07-01 17:19:43,CUST-1257,Ergonomic Office Chair,Furniture,Maharashtra,Nagpur,Direct Sales,Returning,3,18000.0,0.0,0.0,54000.0,32176.53,21823.47,40.41,UPI,Completed
ORD-10554,2026-07-01 15:58:04,CUST-1110,Standing Desk,Furniture,Maharashtra,Mumbai,Online Store,Returning,1,32000.0,0.05,1600.0,30400.0,20560.88,9839.12,32.37,Credit Card,Completed
ORD-10555,2026-07-01 07:40:00,CUST-1045,USB-C Multiport Dock,Accessories,Gujarat,Vadodara,Retail Outlet,New,6,4500.0,0.15,4050.0,22950.0,11853.12,11096.88,48.35,Debit Card,Completed
ORD-10556,2026-07-01 09:37:40,CUST-1103,USB-C Multiport Dock,Accessories,Maharashtra,Mumbai,Direct Sales,Returning,6,4500.0,0.05,1350.0,25650.0,12502.35,13147.65,51.26,UPI,Completed
ORD-10557,2026-07-01 12:10:29,CUST-1131,Standing Desk,Furniture,Delhi NCR,Gurugram,Retail Outlet,Returning,2,32000.0,0.05,3200.0,60800.0,39503.89,21296.11,35.03,UPI,Completed
ORD-10558,2026-07-01 18:01:05,CUST-1336,"4K Monitor 27""",Electronics,Karnataka,Bengaluru,Distributor,Returning,4,28000.0,0.0,0.0,112000.0,68019.29,43980.71,39.27,UPI,Completed
ORD-10559,2026-07-01 13:55:02,CUST-1216,Wireless Noise-Canceling Headphones,Electronics,Gujarat,Vadodara,Retail Outlet,New,1,12000.0,0.15,1800.0,10200.0,6013.66,4186.34,41.04,Credit Card,Completed
ORD-10560,2026-07-01 20:29:06,CUST-1258,Standing Desk,Furniture,Tamil Nadu,Coimbatore,Distributor,Returning,3,32000.0,0.05,4800.0,91200.0,60094.66,31105.34,34.11,UPI,Completed
ORD-10561,2026-07-01 12:08:15,CUST-1210,Ultra Smartphone,Electronics,Tamil Nadu,Chennai,Retail Outlet,New,2,55000.0,0.05,5500.0,104500.0,64518.3,39981.7,38.26,Net Banking,Completed
ORD-10562,2026-07-01 07:37:16,CUST-1215,Laptop Pro,Electronics,Maharashtra,Nagpur,Distributor,New,2,75000.0,0.15,22500.0,127500.0,100119.16,27380.84,21.48,Net Banking,Completed
ORD-10563,2026-07-01 19:16:36,CUST-1322,Wireless Ergonomic Mouse,Accessories,Maharashtra,Pune,Retail Outlet,Returning,4,2500.0,0.1,1000.0,9000.0,3994.59,5005.41,55.62,UPI,Completed
ORD-10564,2026-07-01 14:26:55,CUST-1220,Mechanical Gaming Keyboard,Electronics,Maharashtra,Pune,Direct Sales,New,3,6500.0,0.0,0.0,19500.0,10643.09,8856.91,45.42,Debit Card,Completed
ORD-10565,2026-07-01 08:32:08,CUST-1006,Smart Fitness Watch,Accessories,Delhi NCR,Gurugram,Direct Sales,Returning,1,8500.0,0.1,850.0,7650.0,4281.8,3368.2,44.03,Credit Card,Completed
ORD-10566,2026-07-02 13:52:36,CUST-1269,Mechanical Gaming Keyboard,Electronics,Maharashtra,Pune,Retail Outlet,New,1,6500.0,0.05,325.0,6175.0,3448.54,2726.46,44.15,Debit Card,Completed
ORD-10567,2026-07-02 20:52:41,CUST-1022,Standing Desk,Furniture,Delhi NCR,Gurugram,Online Store,Returning,2,32000.0,0.2,12800.0,51200.0,42486.09,8713.91,17.02,Credit Card,Completed
ORD-10568,2026-07-02 11:56:53,CUST-1196,Ultra Smartphone,Electronics,Delhi NCR,Noida,Online Store,New,2,55000.0,0.25,27500.0,82500.0,64094.92,18405.08,22.31,Debit Card,Completed
ORD-10569,2026-07-02 16:45:35,CUST-1252,Laptop Pro,Electronics,Maharashtra,Mumbai,Online Store,Returning,3,75000.0,0.15,33750.0,191250.0,147443.57,43806.43,22.91,UPI,Completed
ORD-10570,2026-07-02 14:13:47,CUST-1125,"4K Monitor 27""",Electronics,Maharashtra,Mumbai,Distributor,Returning,3,28000.0,0.1,8400.0,75600.0,52072.58,23527.42,31.12,Debit Card,Completed
ORD-10571,2026-07-02 18:02:40,CUST-1124,USB-C Multiport Dock,Accessories,Tamil Nadu,Chennai,Retail Outlet,New,6,4500.0,0.1,2700.0,24300.0,11803.91,12496.09,51.42,UPI,Completed
ORD-10572,2026-07-02 10:33:38,CUST-1304,Wireless Ergonomic Mouse,Accessories,Maharashtra,Nagpur,Direct Sales,Returning,7,2500.0,0.05,875.0,16625.0,6885.87,9739.13,58.58,UPI,Completed
ORD-10573,2026-07-02 10:27:20,CUST-1168,Standing Desk,Furniture,Karnataka,Mysuru,Retail Outlet,New,3,32000.0,0.1,9600.0,86400.0,61405.62,24994.38,28.93,Debit Card,Completed
ORD-10574,2026-07-02 14:27:50,CUST-1249,Laptop Pro,Electronics,Maharashtra,Nagpur,Distributor,Returning,2,75000.0,0.05,7500.0,142500.0,95267.27,47232.73,33.15,Credit Card,Completed
ORD-10575,2026-07-02 14:59:09,CUST-1317,Smart Fitness Watch,Accessories,Gujarat,Surat,Distributor,Returning,6,8500.0,0.1,5100.0,45900.0,27518.65,18381.35,40.05,UPI,Completed
ORD-10576,2026-07-02 13:24:40,CUST-1277,Wireless Ergonomic Mouse,Accessories,Karnataka,Bengaluru,Retail Outlet,New,5,2500.0,0.2,2500.0,10000.0,5000.0,5000.0,50.0,Debit Card,Completed
ORD-10577,2026-07-02 17:15:01,CUST-1182,Wireless Ergonomic Mouse,Accessories,Karnataka,Bengaluru,Retail Outlet,Returning,7,2500.0,0.15,2625.0,14875.0,7055.06,7819.94,52.57,Debit Card,Cancelled
ORD-10578,2026-07-02 11:34:27,CUST-1250,Wireless Ergonomic Mouse,Accessories,Gujarat,Surat,Retail Outlet,Returning,1,2500.0,0.2,500.0,2000.0,1013.41,986.59,49.33,Net Banking,Completed
ORD-10579,2026-07-02 13:59:20,CUST-1056,Laptop Pro,Electronics,Maharashtra,Pune,Retail Outlet,New,4,75000.0,0.1,30000.0,270000.0,196145.59,73854.41,27.35,Debit Card,Completed
ORD-10580,2026-07-02 12:20:13,CUST-1262,Mechanical Gaming Keyboard,Electronics,Tamil Nadu,Chennai,Distributor,Returning,2,6500.0,0.2,2600.0,10400.0,7102.76,3297.24,31.7,Debit Card,Completed
ORD-10581,2026-07-02 13:08:51,CUST-1063,Ultra Smartphone,Electronics,Maharashtra,Nagpur,Retail Outlet,New,1,55000.0,0.1,5500.0,49500.0,33114.51,16385.49,33.1,Credit Card,Completed
ORD-10582,2026-07-02 09:01:08,CUST-1010,Wireless Noise-Canceling Headphones,Electronics,Tamil Nadu,Chennai,Online Store,New,1,12000.0,0.15,1800.0,10200.0,5988.52,4211.48,41.29,Net Banking,Completed
ORD-10583,2026-07-02 10:54:05,CUST-1005,Smart Fitness Watch,Accessories,Karnataka,Mysuru,Retail Outlet,New,4,8500.0,0.25,8500.0,25500.0,17521.18,7978.82,31.29,UPI,Completed
ORD-10584,2026-07-02 12:07:41,CUST-1219,Wireless Ergonomic Mouse,Accessories,Maharashtra,Mumbai,Direct Sales,New,1,2500.0,0.15,375.0,2125.0,1037.28,1087.72,51.19,Credit Card,Completed
ORD-10585,2026-07-02 11:13:05,CUST-1235,"4K Monitor 27""",Electronics,Maharashtra,Nagpur,Distributor,New,1,28000.0,0.2,5600.0,22400.0,17393.06,5006.94,22.35,UPI,Completed
ORD-10586,2026-07-02 10:46:07,CUST-1117,Mechanical Gaming Keyboard,Electronics,Karnataka,Bengaluru,Online Store,Returning,1,6500.0,0.2,1300.0,5200.0,3680.71,1519.29,29.22,UPI,Completed
ORD-10587,2026-07-02 15:11:57,CUST-1118,Wireless Noise-Canceling Headphones,Electronics,Maharashtra,Nagpur,Retail Outlet,New,4,12000.0,0.2,9600.0,38400.0,24765.97,13634.03,35.51,Credit Card,Completed
ORD-10588,2026-07-02 11:40:48,CUST-1249,Mechanical Gaming Keyboard,Electronics,Maharashtra,Nagpur,Retail Outlet,New,3,6500.0,0.2,3900.0,15600.0,10981.45,4618.55,29.61,Credit Card,Completed
ORD-10589,2026-07-02 11:55:08,CUST-1241,USB-C Multiport Dock,Accessories,Tamil Nadu,Coimbatore,Online Store,Returning,7,4500.0,0.0,0.0,31500.0,13670.32,17829.68,56.6,Credit Card,Completed
ORD-10590,2026-07-02 15:43:18,CUST-1007,Mechanical Gaming Keyboard,Electronics,Tamil Nadu,Chennai,Direct Sales,Returning,1,6500.0,0.15,975.0,5525.0,3457.73,2067.27,37.42,Debit Card,Completed
ORD-10591,2026-07-02 20:26:19,CUST-1164,Smart Fitness Watch,Accessories,Gujarat,Ahmedabad,Online Store,Returning,2,8500.0,0.1,1700.0,15300.0,8606.82,6693.18,43.75,Net Banking,Completed
ORD-10592,2026-07-02 15:27:36,CUST-1071,Laptop Pro,Electronics,Karnataka,Mysuru,Retail Outlet,Returning,3,75000.0,0.2,45000.0,180000.0,147271.16,32728.84,18.18,UPI,Completed
ORD-10593,2026-07-02 09:26:11,CUST-1280,"4K Monitor 27""",Electronics,Maharashtra,Mumbai,Retail Outlet,New,3,28000.0,0.15,12600.0,71400.0,51226.75,20173.25,28.25,Debit Card,Cancelled
ORD-10594,2026-07-02 19:18:12,CUST-1009,Wireless Ergonomic Mouse,Accessories,Karnataka,Bengaluru,Direct Sales,Returning,2,2500.0,0.0,0.0,5000.0,2016.98,2983.02,59.66,Debit Card,Completed
ORD-10595,2026-07-02 10:29:13,CUST-1208,Smart Fitness Watch,Accessories,Maharashtra,Mumbai,Retail Outlet,Returning,1,8500.0,0.15,1275.0,7225.0,4534.86,2690.14,37.23,Debit Card,Completed
ORD-10596,2026-07-02 09:03:51,CUST-1341,Standing Desk,Furniture,Gujarat,Surat,Retail Outlet,New,4,32000.0,0.05,6400.0,121600.0,82207.9,39392.1,32.39,Debit Card,Completed
ORD-10597,2026-07-02 15:57:19,CUST-1252,Wireless Ergonomic Mouse,Accessories,Tamil Nadu,Coimbatore,Direct Sales,New,8,2500.0,0.25,5000.0,15000.0,7709.72,7290.28,48.6,Credit Card,Completed
ORD-10598,2026-07-03 15:31:58,CUST-1135,Mechanical Gaming Keyboard,Electronics,Delhi NCR,Gurugram,Online Store,New,4,6500.0,0.2,5200.0,20800.0,14826.74,5973.26,28.72,UPI,Completed
ORD-10599,2026-07-03 09:23:15,CUST-1150,"4K Monitor 27""",Electronics,Karnataka,Bengaluru,Direct Sales,Returning,4,28000.0,0.0,0.0,112000.0,71844.05,40155.95,35.85,Credit Card,Completed
ORD-10600,2026-07-03 16:04:32,CUST-1170,Laptop Pro,Electronics,Maharashtra,Nagpur,Online Store,New,3,75000.0,0.0,0.0,225000.0,147942.77,77057.23,34.25,Debit Card,Completed
ORD-10601,2026-07-03 15:20:07,CUST-1194,USB-C Multiport Dock,Accessories,Karnataka,Bengaluru,Direct Sales,Returning,8,4500.0,0.15,5400.0,30600.0,16751.32,13848.68,45.26,Credit Card,Completed
ORD-10602,2026-07-03 16:00:58,CUST-1236,Mechanical Gaming Keyboard,Electronics,Maharashtra,Nagpur,Distributor,Returning,3,6500.0,0.15,2925.0,16575.0,11000.82,5574.18,33.63,Net Banking,Completed
ORD-10603,2026-07-03 12:31:52,CUST-1235,Smart Fitness Watch,Accessories,Karnataka,Bengaluru,Distributor,Returning,8,8500.0,0.1,6800.0,61200.0,36474.63,24725.37,40.4,Credit Card,Completed
ORD-10604,2026-07-03 10:28:08,CUST-1071,USB-C Multiport Dock,Accessories,Maharashtra,Nagpur,Direct Sales,Returning,8,4500.0,0.0,0.0,36000.0,15846.34,20153.66,55.98,Debit Card,Cancelled
ORD-10605,2026-07-03 16:11:09,CUST-1243,USB-C Multiport Dock,Accessories,Tamil Nadu,Coimbatore,Distributor,New,2,4500.0,0.2,1800.0,7200.0,4020.05,3179.95,44.17,Net Banking,Completed
ORD-10606,2026-07-03 11:15:58,CUST-1039,Standing Desk,Furniture,Karnataka,Mysuru,Retail Outlet,Returning,2,32000.0,0.05,3200.0,60800.0,40031.71,20768.29,34.16,Credit Card,Completed
ORD-10607,2026-07-03 21:06:59,CUST-1094,Smart Fitness Watch,Accessories,Delhi NCR,New Delhi,Retail Outlet,Returning,5,8500.0,0.25,10625.0,31875.0,22643.81,9231.19,28.96,UPI,Completed
ORD-10608,2026-07-03 08:43:32,CUST-1280,USB-C Multiport Dock,Accessories,Karnataka,Bengaluru,Online Store,Returning,1,4500.0,0.05,225.0,4275.0,1988.79,2286.21,53.48,Net Banking,Completed
ORD-10609,2026-07-03 14:25:31,CUST-1296,USB-C Multiport Dock,Accessories,Tamil Nadu,Coimbatore,Online Store,New,5,4500.0,0.1,2250.0,20250.0,10286.35,9963.65,49.2,UPI,Completed
ORD-10610,2026-07-03 13:04:27,CUST-1177,Wireless Noise-Canceling Headphones,Electronics,Delhi NCR,Gurugram,Retail Outlet,Returning,2,12000.0,0.1,2400.0,21600.0,12335.75,9264.25,42.89,Net Banking,Completed
ORD-10611,2026-07-03 13:41:14,CUST-1263,Standing Desk,Furniture,Delhi NCR,New Delhi,Direct Sales,Returning,2,32000.0,0.05,3200.0,60800.0,42062.68,18737.32,30.82,Net Banking,Completed
ORD-10612,2026-07-03 11:37:33,CUST-1139,Standing Desk,Furniture,Maharashtra,Mumbai,Direct Sales,Returning,4,32000.0,0.2,25600.0,102400.0,80041.37,22358.63,21.83,Net Banking,Completed
ORD-10613,2026-07-03 12:55:21,CUST-1334,Mechanical Gaming Keyboard,Electronics,Karnataka,Bengaluru,Retail Outlet,New,1,6500.0,0.0,0.0,6500.0,3465.55,3034.45,46.68,Net Banking,Completed
ORD-10614,2026-07-03 14:24:33,CUST-1103,Laptop Pro,Electronics,Karnataka,Bengaluru,Online Store,Returning,1,75000.0,0.15,11250.0,63750.0,48256.21,15493.79,24.3,UPI,Completed
ORD-10615,2026-07-03 18:50:09,CUST-1141,Ergonomic Office Chair,Furniture,Karnataka,Mysuru,Distributor,Returning,2,18000.0,0.15,5400.0,30600.0,20795.61,9804.39,32.04,Net Banking,Completed
ORD-10616,2026-07-03 17:20:26,CUST-1120,Wireless Noise-Canceling Headphones,Electronics,Delhi NCR,Gurugram,Retail Outlet,Returning,4,12000.0,0.05,2400.0,45600.0,23256.47,22343.53,49.0,Debit Card,Completed
ORD-10617,2026-07-03 14:53:05,CUST-1158,Ultra Smartphone,Electronics,Karnataka,Bengaluru,Distributor,Returning,4,55000.0,0.2,44000.0,176000.0,137243.72,38756.28,22.02,Credit Card,Completed
ORD-10618,2026-07-03 12:03:20,CUST-1202,Smart Fitness Watch,Accessories,Maharashtra,Pune,Direct Sales,Returning,1,8500.0,0.2,1700.0,6800.0,4586.11,2213.89,32.56,Credit Card,Completed
ORD-10619,2026-07-03 19:33:40,CUST-1112,Wireless Ergonomic Mouse,Accessories,Delhi NCR,New Delhi,Direct Sales,New,3,2500.0,0.05,375.0,7125.0,3019.03,4105.97,57.63,UPI,Completed
ORD-10620,2026-07-03 13:56:08,CUST-1020,"4K Monitor 27""",Electronics,Karnataka,Mysuru,Online Store,Returning,2,28000.0,0.2,11200.0,44800.0,34055.86,10744.14,23.98,Net Banking,Completed
ORD-10621,2026-07-03 16:34:05,CUST-1282,Wireless Noise-Canceling Headphones,Electronics,Maharashtra,Nagpur,Online Store,New,4,12000.0,0.2,9600.0,38400.0,23723.97,14676.03,38.22,Credit Card,Completed
ORD-10622,2026-07-03 07:53:32,CUST-1250,Smart Fitness Watch,Accessories,Maharashtra,Nagpur,Online Store,New,4,8500.0,0.15,5100.0,28900.0,18167.21,10732.79,37.14,UPI,Completed
ORD-10623,2026-07-03 14:21:59,CUST-1312,Wireless Ergonomic Mouse,Accessories,Gujarat,Ahmedabad,Distributor,New,3,2500.0,0.15,1125.0,6375.0,3037.69,3337.31,52.35,Debit Card,Completed
ORD-10624,2026-07-03 17:23:29,CUST-1241,Ultra Smartphone,Electronics,Maharashtra,Nagpur,Distributor,Returning,4,55000.0,0.2,44000.0,176000.0,133932.45,42067.55,23.9,UPI,Completed
ORD-10625,2026-07-03 18:40:47,CUST-1086,USB-C Multiport Dock,Accessories,Karnataka,Mysuru,Online Store,New,1,4500.0,0.1,450.0,4050.0,1988.97,2061.03,50.89,Credit Card,Completed
ORD-10626,2026-07-03 21:10:23,CUST-1191,Laptop Pro,Electronics,Karnataka,Bengaluru,Distributor,Returning,3,75000.0,0.15,33750.0,191250.0,146160.59,45089.41,23.58,UPI,Completed
ORD-10627,2026-07-03 21:04:12,CUST-1244,Ergonomic Office Chair,Furniture,Gujarat,Surat,Direct Sales,New,1,18000.0,0.05,900.0,17100.0,10330.85,6769.15,39.59,Debit Card,Completed
ORD-10628,2026-07-03 17:53:43,CUST-1308,USB-C Multiport Dock,Accessories,Maharashtra,Pune,Distributor,Returning,7,4500.0,0.1,3150.0,28350.0,13692.98,14657.02,51.7,Net Banking,Completed
ORD-10629,2026-07-03 15:23:50,CUST-1324,Ergonomic Office Chair,Furniture,Maharashtra,Nagpur,Direct Sales,Returning,2,18000.0,0.2,7200.0,28800.0,20055.99,8744.01,30.36,Credit Card,Completed
ORD-10630,2026-07-03 20:26:54,CUST-1150,Smart Fitness Watch,Accessories,Maharashtra,Nagpur,Distributor,Returning,4,8500.0,0.0,0.0,34000.0,17460.16,16539.84,48.65,Net Banking,Completed
ORD-10631,2026-07-03 09:38:22,CUST-1135,Wireless Ergonomic Mouse,Accessories,Delhi NCR,Gurugram,Online Store,Returning,8,2500.0,0.05,1000.0,19000.0,7870.23,11129.77,58.58,Debit Card,Completed
ORD-10632,2026-07-03 12:31:11,CUST-1225,Laptop Pro,Electronics,Karnataka,Mysuru,Retail Outlet,Returning,2,75000.0,0.0,0.0,150000.0,95267.51,54732.49,36.49,Net Banking,Completed
ORD-10633,2026-07-03 17:09:53,CUST-1016,Mechanical Gaming Keyboard,Electronics,Gujarat,Surat,Direct Sales,New,2,6500.0,0.1,1300.0,11700.0,7142.6,4557.4,38.95,Debit Card,Completed
ORD-10634,2026-07-03 19:27:09,CUST-1034,"4K Monitor 27""",Electronics,Delhi NCR,Gurugram,Distributor,Returning,4,28000.0,0.2,22400.0,89600.0,67010.9,22589.1,25.21,Net Banking,Completed
ORD-10635,2026-07-03 07:52:52,CUST-1066,Ergonomic Office Chair,Furniture,Karnataka,Mysuru,Online Store,Returning,2,18000.0,0.05,1800.0,34200.0,21131.6,13068.4,38.21,Net Banking,Completed
ORD-10636,2026-07-03 14:38:00,CUST-1138,Smart Fitness Watch,Accessories,Karnataka,Bengaluru,Online Store,New,6,8500.0,0.05,2550.0,48450.0,27253.15,21196.85,43.75,UPI,Completed
ORD-10637,2026-07-03 08:44:55,CUST-1212,Standing Desk,Furniture,Tamil Nadu,Coimbatore,Retail Outlet,Returning,4,32000.0,0.2,25600.0,102400.0,83836.47,18563.53,18.13,Credit Card,Completed
ORD-10638,2026-07-04 20:02:21,CUST-1033,Ultra Smartphone,Electronics,Maharashtra,Nagpur,Online Store,New,1,55000.0,0.05,2750.0,52250.0,33476.94,18773.06,35.93,Credit Card,Completed
ORD-10639,2026-07-04 10:23:50,CUST-1349,Wireless Noise-Canceling Headphones,Electronics,Maharashtra,Pune,Retail Outlet,Returning,1,12000.0,0.05,600.0,11400.0,6176.31,5223.69,45.82,UPI,Completed
ORD-10640,2026-07-04 08:17:05,CUST-1229,Laptop Pro,Electronics,Delhi NCR,Noida,Distributor,Returning,1,75000.0,0.15,11250.0,63750.0,49412.27,14337.73,22.49,Debit Card,Completed
ORD-10641,2026-07-04 08:30:45,CUST-1015,Laptop Pro,Electronics,Maharashtra,Pune,Direct Sales,New,3,75000.0,0.0,0.0,225000.0,146431.37,78568.63,34.92,Credit Card,Completed
ORD-10642,2026-07-04 07:50:52,CUST-1229,Standing Desk,Furniture,Maharashtra,Pune,Online Store,New,3,32000.0,0.05,4800.0,91200.0,61396.74,29803.26,32.68,Net Banking,Completed
ORD-10643,2026-07-04 19:49:18,CUST-1211,USB-C Multiport Dock,Accessories,Tamil Nadu,Chennai,Direct Sales,Returning,8,4500.0,0.0,0.0,36000.0,15640.34,20359.66,56.55,Debit Card,Completed
ORD-10644,2026-07-04 14:21:55,CUST-1304,Wireless Ergonomic Mouse,Accessories,Maharashtra,Nagpur,Online Store,Returning,4,2500.0,0.25,2500.0,7500.0,3855.4,3644.6,48.59,UPI,Completed
ORD-10645,2026-07-04 09:02:30,CUST-1322,Standing Desk,Furniture,Gujarat,Surat,Distributor,Returning,2,32000.0,0.1,6400.0,57600.0,42383.99,15216.01,26.42,Debit Card,Completed
ORD-10646,2026-07-04 11:02:40,CUST-1235,Wireless Noise-Canceling Headphones,Electronics,Maharashtra,Mumbai,Retail Outlet,Returning,1,12000.0,0.2,2400.0,9600.0,6166.93,3433.07,35.76,UPI,Completed
ORD-10647,2026-07-04 19:30:59,CUST-1109,Ergonomic Office Chair,Furniture,Gujarat,Vadodara,Direct Sales,New,3,18000.0,0.1,5400.0,48600.0,30249.87,18350.13,37.76,UPI,Completed
ORD-10648,2026-07-04 15:12:20,CUST-1028,Ultra Smartphone,Electronics,Maharashtra,Pune,Online Store,Returning,3,55000.0,0.0,0.0,165000.0,96601.03,68398.97,41.45,UPI,Completed
ORD-10649,2026-07-04 18:14:15,CUST-1270,Wireless Ergonomic Mouse,Accessories,Gujarat,Surat,Online Store,Returning,6,2500.0,0.15,2250.0,12750.0,6010.16,6739.84,52.86,Credit Card,Completed
ORD-10650,2026-07-04 14:09:05,CUST-1294,"4K Monitor 27""",Electronics,Delhi NCR,Gurugram,Online Store,Returning,2,28000.0,0.05,2800.0,53200.0,34160.24,19039.76,35.79,Credit Card,Completed
ORD-10651,2026-07-04 07:15:48,CUST-1194,Mechanical Gaming Keyboard,Electronics,Delhi NCR,Noida,Online Store,Returning,4,6500.0,0.25,6500.0,19500.0,14230.43,5269.57,27.02,Debit Card,Completed
ORD-10652,2026-07-04 07:16:47,CUST-1294,Ultra Smartphone,Electronics,Karnataka,Mysuru,Distributor,Returning,1,55000.0,0.1,5500.0,49500.0,34103.93,15396.07,31.1,Credit Card,Completed
ORD-10653,2026-07-04 13:47:26,CUST-1057,Wireless Ergonomic Mouse,Accessories,Karnataka,Bengaluru,Online Store,New,2,2500.0,0.25,1250.0,3750.0,2031.24,1718.76,45.83,UPI,Completed
ORD-10654,2026-07-04 15:46:08,CUST-1275,Ergonomic Office Chair,Furniture,Maharashtra,Mumbai,Direct Sales,New,3,18000.0,0.15,8100.0,45900.0,30884.89,15015.11,32.71,Net Banking,Completed
ORD-10655,2026-07-04 17:20:27,CUST-1006,Mechanical Gaming Keyboard,Electronics,Delhi NCR,New Delhi,Direct Sales,New,2,6500.0,0.0,0.0,13000.0,6953.0,6047.0,46.52,Debit Card,Completed
ORD-10656,2026-07-04 15:12:46,CUST-1062,Laptop Pro,Electronics,Maharashtra,Mumbai,Retail Outlet,Returning,3,75000.0,0.1,22500.0,202500.0,149138.86,53361.14,26.35,Net Banking,Completed
ORD-10657,2026-07-04 10:39:26,CUST-1089,USB-C Multiport Dock,Accessories,Maharashtra,Nagpur,Online Store,New,1,4500.0,0.0,0.0,4500.0,2084.31,2415.69,53.68,Net Banking,Completed
ORD-10658,2026-07-04 10:04:03,CUST-1182,Wireless Noise-Canceling Headphones,Electronics,Gujarat,Ahmedabad,Online Store,Returning,1,12000.0,0.0,0.0,12000.0,6147.84,5852.16,48.77,UPI,Cancelled
ORD-10659,2026-07-04 13:42:08,CUST-1141,Smart Fitness Watch,Accessories,Maharashtra,Pune,Retail Outlet,Returning,8,8500.0,0.05,3400.0,64600.0,34438.27,30161.73,46.69,UPI,Completed
ORD-10660,2026-07-04 16:03:08,CUST-1275,"4K Monitor 27""",Electronics,Gujarat,Vadodara,Online Store,Returning,4,28000.0,0.1,11200.0,100800.0,71724.41,29075.59,28.84,Net Banking,Completed
ORD-10661,2026-07-04 19:18:09,CUST-1123,Mechanical Gaming Keyboard,Electronics,Gujarat,Vadodara,Retail Outlet,Returning,1,6500.0,0.05,325.0,6175.0,3636.05,2538.95,41.12,Credit Card,Completed
ORD-10662,2026-07-04 09:04:46,CUST-1247,Laptop Pro,Electronics,Delhi NCR,New Delhi,Retail Outlet,Returning,2,75000.0,0.1,15000.0,135000.0,93910.77,41089.23,30.44,Debit Card,Completed
ORD-10663,2026-07-04 18:19:11,CUST-1161,Laptop Pro,Electronics,Karnataka,Mysuru,Distributor,Returning,3,75000.0,0.05,11250.0,213750.0,149097.8,64652.2,30.25,Debit Card,Completed
ORD-10664,2026-07-04 15:18:39,CUST-1129,Ultra Smartphone,Electronics,Delhi NCR,Gurugram,Distributor,Returning,1,55000.0,0.2,11000.0,44000.0,33539.52,10460.48,23.77,Debit Card,Completed
ORD-10665,2026-07-04 21:06:52,CUST-1220,"4K Monitor 27""",Electronics,Gujarat,Surat,Direct Sales,Returning,4,28000.0,0.15,16800.0,95200.0,68035.58,27164.42,28.53,UPI,Completed
ORD-10666,2026-07-04 14:23:49,CUST-1091,Mechanical Gaming Keyboard,Electronics,Karnataka,Mysuru,Retail Outlet,New,3,6500.0,0.1,1950.0,17550.0,10296.85,7253.15,41.33,UPI,Completed
ORD-10667,2026-07-04 19:14:53,CUST-1181,Ultra Smartphone,Electronics,Delhi NCR,Noida,Online Store,Returning,2,55000.0,0.0,0.0,110000.0,65726.5,44273.5,40.25,Debit Card,Completed
ORD-10668,2026-07-04 12:50:04,CUST-1343,Standing Desk,Furniture,Maharashtra,Pune,Retail Outlet,Returning,2,32000.0,0.1,6400.0,57600.0,40066.72,17533.28,30.44,UPI,Completed
ORD-10669,2026-07-04 16:26:58,CUST-1327,USB-C Multiport Dock,Accessories,Karnataka,Mysuru,Distributor,New,4,4500.0,0.1,1800.0,16200.0,8233.01,7966.99,49.18,Credit Card,Completed
ORD-10670,2026-07-04 20:34:14,CUST-1019,"4K Monitor 27""",Electronics,Maharashtra,Mumbai,Online Store,Returning,3,28000.0,0.15,12600.0,71400.0,50774.63,20625.37,28.89,Debit Card,Completed
ORD-10671,2026-07-04 12:24:43,CUST-1237,USB-C Multiport Dock,Accessories,Maharashtra,Mumbai,Online Store,Returning,4,4500.0,0.2,3600.0,14400.0,7999.88,6400.12,44.45,Net Banking,Completed
ORD-10672,2026-07-04 13:19:02,CUST-1110,Ergonomic Office Chair,Furniture,Maharashtra,Mumbai,Direct Sales,New,4,18000.0,0.05,3600.0,68400.0,42021.16,26378.84,38.57,Debit Card,Completed
ORD-10673,2026-07-05 14:43:59,CUST-1138,"4K Monitor 27""",Electronics,Tamil Nadu,Chennai,Distributor,New,2,28000.0,0.0,0.0,56000.0,34443.22,21556.78,38.49,Credit Card,Completed
ORD-10674,2026-07-05 08:39:09,CUST-1240,USB-C Multiport Dock,Accessories,Gujarat,Ahmedabad,Direct Sales,Returning,4,4500.0,0.1,1800.0,16200.0,8130.82,8069.18,49.81,Debit Card,Completed
ORD-10675,2026-07-05 16:55:14,CUST-1319,Mechanical Gaming Keyboard,Electronics,Maharashtra,Pune,Distributor,Returning,1,6500.0,0.2,1300.0,5200.0,3516.72,1683.28,32.37,Debit Card,Cancelled
ORD-10676,2026-07-05 18:02:44,CUST-1328,Wireless Ergonomic Mouse,Accessories,Gujarat,Ahmedabad,Distributor,Returning,1,2500.0,0.0,0.0,2500.0,1026.71,1473.29,58.93,Credit Card,Completed
ORD-10677,2026-07-05 09:02:37,CUST-1218,Mechanical Gaming Keyboard,Electronics,Karnataka,Bengaluru,Retail Outlet,New,2,6500.0,0.1,1300.0,11700.0,7087.3,4612.7,39.42,UPI,Completed
ORD-10678,2026-07-05 09:49:55,CUST-1068,Mechanical Gaming Keyboard,Electronics,Gujarat,Vadodara,Retail Outlet,Returning,4,6500.0,0.25,6500.0,19500.0,13744.58,5755.42,29.51,Credit Card,Completed
ORD-10679,2026-07-05 17:22:29,CUST-1168,Smart Fitness Watch,Accessories,Gujarat,Ahmedabad,Retail Outlet,New,6,8500.0,0.25,12750.0,38250.0,25665.23,12584.77,32.9,Credit Card,Completed
ORD-10680,2026-07-05 15:29:29,CUST-1055,Smart Fitness Watch,Accessories,Karnataka,Mysuru,Online Store,Returning,6,8500.0,0.0,0.0,51000.0,26323.65,24676.35,48.38,Credit Card,Completed
ORD-10681,2026-07-05 16:42:55,CUST-1004,"4K Monitor 27""",Electronics,Tamil Nadu,Chennai,Direct Sales,Returning,4,28000.0,0.1,11200.0,100800.0,71651.28,29148.72,28.92,Net Banking,Completed
ORD-10682,2026-07-05 21:13:03,CUST-1057,Mechanical Gaming Keyboard,Electronics,Maharashtra,Nagpur,Distributor,Returning,1,6500.0,0.05,325.0,6175.0,3625.06,2549.94,41.29,Credit Card,Completed
ORD-10683,2026-07-05 21:05:04,CUST-1301,USB-C Multiport Dock,Accessories,Maharashtra,Mumbai,Retail Outlet,Returning,7,4500.0,0.1,3150.0,28350.0,14077.88,14272.12,50.34,Debit Card,Completed
ORD-10684,2026-07-05 08:49:20,CUST-1283,Laptop Pro,Electronics,Gujarat,Vadodara,Online Store,New,3,75000.0,0.0,0.0,225000.0,150266.19,74733.81,33.22,Debit Card,Completed
ORD-10685,2026-07-05 20:11:53,CUST-1248,Wireless Noise-Canceling Headphones,Electronics,Delhi NCR,New Delhi,Online Store,Returning,2,12000.0,0.05,1200.0,22800.0,11935.67,10864.33,47.65,Net Banking,Completed
ORD-10686,2026-07-05 19:50:30,CUST-1162,"4K Monitor 27""",Electronics,Maharashtra,Nagpur,Retail Outlet,Returning,2,28000.0,0.05,2800.0,53200.0,35349.09,17850.91,33.55,UPI,Completed
ORD-10687,2026-07-05 18:21:13,CUST-1061,Wireless Noise-Canceling Headphones,Electronics,Karnataka,Mysuru,Online Store,Returning,1,12000.0,0.1,1200.0,10800.0,5766.07,5033.93,46.61,UPI,Completed
ORD-10688,2026-07-05 10:54:04,CUST-1280,USB-C Multiport Dock,Accessories,Maharashtra,Nagpur,Distributor,Returning,2,4500.0,0.15,1350.0,7650.0,4018.57,3631.43,47.47,UPI,Completed
ORD-10689,2026-07-05 18:12:54,CUST-1148,Smart Fitness Watch,Accessories,Karnataka,Bengaluru,Distributor,Returning,6,8500.0,0.05,2550.0,48450.0,25654.85,22795.15,47.05,UPI,Completed
ORD-10690,2026-07-05 08:22:26,CUST-1232,Ergonomic Office Chair,Furniture,Gujarat,Ahmedabad,Distributor,Returning,1,18000.0,0.1,1800.0,16200.0,10491.5,5708.5,35.24,Credit Card,Completed
ORD-10691,2026-07-05 07:29:37,CUST-1198,Laptop Pro,Electronics,Karnataka,Mysuru,Retail Outlet,New,4,75000.0,0.1,30000.0,270000.0,189811.74,80188.26,29.7,Debit Card,Completed
ORD-10692,2026-07-05 17:58:42,CUST-1103,Laptop Pro,Electronics,Maharashtra,Mumbai,Retail Outlet,New,1,75000.0,0.05,3750.0,71250.0,50291.47,20958.53,29.42,Debit Card,Completed
ORD-10693,2026-07-05 19:52:37,CUST-1186,USB-C Multiport Dock,Accessories,Maharashtra,Mumbai,Distributor,New,7,4500.0,0.0,0.0,31500.0,13777.07,17722.93,56.26,Debit Card,Completed
ORD-10694,2026-07-05 10:44:50,CUST-1333,Ergonomic Office Chair,Furniture,Gujarat,Surat,Distributor,New,3,18000.0,0.2,10800.0,43200.0,31826.52,11373.48,26.33,Debit Card,Cancelled
ORD-10695,2026-07-05 10:42:13,CUST-1252,Ergonomic Office Chair,Furniture,Karnataka,Bengaluru,Online Store,Returning,3,18000.0,0.15,8100.0,45900.0,31695.61,14204.39,30.95,Credit Card,Completed
ORD-10696,2026-07-05 10:58:16,CUST-1106,Standing Desk,Furniture,Maharashtra,Mumbai,Distributor,Returning,3,32000.0,0.05,4800.0,91200.0,62246.53,28953.47,31.75,Net Banking,Completed
ORD-10697,2026-07-05 07:28:53,CUST-1332,USB-C Multiport Dock,Accessories,Karnataka,Mysuru,Retail Outlet,Returning,8,4500.0,0.2,7200.0,28800.0,15555.4,13244.6,45.99,Debit Card,Completed
ORD-10698,2026-07-05 10:48:20,CUST-1267,Wireless Noise-Canceling Headphones,Electronics,Gujarat,Vadodara,Direct Sales,New,1,12000.0,0.15,1800.0,10200.0,6000.21,4199.79,41.17,Credit Card,Completed
ORD-10699,2026-07-05 09:19:29,CUST-1244,Mechanical Gaming Keyboard,Electronics,Delhi NCR,Gurugram,Retail Outlet,Returning,4,6500.0,0.0,0.0,26000.0,13846.28,12153.72,46.75,Debit Card,Completed
ORD-10700,2026-07-05 10:40:43,CUST-1312,Standing Desk,Furniture,Maharashtra,Pune,Retail Outlet,Returning,1,32000.0,0.1,3200.0,28800.0,19968.75,8831.25,30.66,Debit Card,Completed
ORD-10701,2026-07-05 09:50:13,CUST-1296,Ultra Smartphone,Electronics,Karnataka,Bengaluru,Distributor,Returning,3,55000.0,0.05,8250.0,156750.0,98005.3,58744.7,37.48,Net Banking,Completed
ORD-10702,2026-07-05 20:38:31,CUST-1259,Ultra Smartphone,Electronics,Delhi NCR,Gurugram,Online Store,Returning,4,55000.0,0.0,0.0,220000.0,132312.27,87687.73,39.86,Debit Card,Completed
ORD-10703,2026-07-05 18:59:05,CUST-1338,Wireless Noise-Canceling Headphones,Electronics,Gujarat,Vadodara,Direct Sales,Returning,2,12000.0,0.0,0.0,24000.0,12470.11,11529.89,48.04,UPI,Completed
ORD-10704,2026-07-05 19:59:25,CUST-1297,"4K Monitor 27""",Electronics,Karnataka,Mysuru,Online Store,Returning,1,28000.0,0.15,4200.0,23800.0,16769.57,7030.43,29.54,UPI,Completed
ORD-10705,2026-07-05 18:30:49,CUST-1047,USB-C Multiport Dock,Accessories,Maharashtra,Pune,Retail Outlet,Returning,7,4500.0,0.0,0.0,31500.0,14474.66,17025.34,54.05,Credit Card,Completed
ORD-10706,2026-07-05 17:14:10,CUST-1236,Mechanical Gaming Keyboard,Electronics,Gujarat,Ahmedabad,Retail Outlet,Returning,2,6500.0,0.05,650.0,12350.0,7078.17,5271.83,42.69,Credit Card,Completed
ORD-10707,2026-07-05 17:07:29,CUST-1058,Ergonomic Office Chair,Furniture,Maharashtra,Mumbai,Retail Outlet,Returning,1,18000.0,0.25,4500.0,13500.0,10289.15,3210.85,23.78,UPI,Completed
ORD-10708,2026-07-05 17:01:38,CUST-1219,Laptop Pro,Electronics,Karnataka,Bengaluru,Distributor,Returning,2,75000.0,0.0,0.0,150000.0,99035.55,50964.45,33.98,Debit Card,Completed
ORD-10709,2026-07-05 17:53:50,CUST-1276,Wireless Noise-Canceling Headphones,Electronics,Maharashtra,Nagpur,Retail Outlet,Returning,4,12000.0,0.05,2400.0,45600.0,24871.02,20728.98,45.46,Net Banking,Completed
ORD-10710,2026-07-05 13:12:05,CUST-1210,Mechanical Gaming Keyboard,Electronics,Karnataka,Mysuru,Retail Outlet,Returning,3,6500.0,0.2,3900.0,15600.0,10844.2,4755.8,30.49,Net Banking,Completed
ORD-10711,2026-07-05 17:21:41,CUST-1099,Ultra Smartphone,Electronics,Maharashtra,Pune,Online Store,Returning,2,55000.0,0.1,11000.0,99000.0,67942.36,31057.64,31.37,UPI,Completed
ORD-10712,2026-07-05 14:33:09,CUST-1122,Ultra Smartphone,Electronics,Gujarat,Vadodara,Online Store,New,1,55000.0,0.1,5500.0,49500.0,32649.61,16850.39,34.04,UPI,Completed
ORD-10713,2026-07-05 10:07:54,CUST-1320,Wireless Noise-Canceling Headphones,Electronics,Gujarat,Vadodara,Retail Outlet,New,1,12000.0,0.15,1800.0,10200.0,5765.26,4434.74,43.48,UPI,Completed
ORD-10714,2026-07-05 09:57:25,CUST-1309,Laptop Pro,Electronics,Karnataka,Mysuru,Direct Sales,Returning,3,75000.0,0.05,11250.0,213750.0,141097.54,72652.46,33.99,UPI,Completed
ORD-10715,2026-07-05 18:03:08,CUST-1065,Wireless Noise-Canceling Headphones,Electronics,Gujarat,Surat,Direct Sales,Returning,2,12000.0,0.2,4800.0,19200.0,12134.53,7065.47,36.8,Net Banking,Completed
ORD-10716,2026-07-06 21:06:41,CUST-1135,Standing Desk,Furniture,Tamil Nadu,Coimbatore,Direct Sales,Returning,2,32000.0,0.1,6400.0,57600.0,39557.17,18042.83,31.32,Credit Card,Completed
ORD-10717,2026-07-06 16:52:09,CUST-1117,Laptop Pro,Electronics,Maharashtra,Nagpur,Distributor,Returning,3,75000.0,0.2,45000.0,180000.0,149015.89,30984.11,17.21,Debit Card,Completed
ORD-10718,2026-07-06 17:02:43,CUST-1088,Wireless Ergonomic Mouse,Accessories,Karnataka,Bengaluru,Retail Outlet,New,1,2500.0,0.0,0.0,2500.0,1018.03,1481.97,59.28,Debit Card,Completed
ORD-10719,2026-07-06 17:48:30,CUST-1091,Ultra Smartphone,Electronics,Maharashtra,Nagpur,Direct Sales,Returning,2,55000.0,0.25,27500.0,82500.0,68117.32,14382.68,17.43,Credit Card,Completed
ORD-10720,2026-07-06 16:37:09,CUST-1311,Standing Desk,Furniture,Maharashtra,Pune,Retail Outlet,Returning,3,32000.0,0.15,14400.0,81600.0,63659.29,17940.71,21.99,Net Banking,Completed
ORD-10721,2026-07-06 09:30:07,CUST-1246,Ergonomic Office Chair,Furniture,Karnataka,Bengaluru,Direct Sales,New,4,18000.0,0.05,3600.0,68400.0,42298.04,26101.96,38.16,Debit Card,Completed
ORD-10722,2026-07-06 09:51:32,CUST-1058,"4K Monitor 27""",Electronics,Maharashtra,Mumbai,Retail Outlet,Returning,3,28000.0,0.2,16800.0,67200.0,53437.0,13763.0,20.48,Net Banking,Completed
ORD-10723,2026-07-06 16:48:04,CUST-1165,Ergonomic Office Chair,Furniture,Delhi NCR,Noida,Distributor,Returning,2,18000.0,0.15,5400.0,30600.0,21335.63,9264.37,30.28,Debit Card,Completed
ORD-10724,2026-07-06 15:40:06,CUST-1241,Laptop Pro,Electronics,Maharashtra,Nagpur,Online Store,New,1,75000.0,0.2,15000.0,60000.0,49499.12,10500.88,17.5,Credit Card,Completed
ORD-10725,2026-07-06 14:04:13,CUST-1182,USB-C Multiport Dock,Accessories,Delhi NCR,Noida,Retail Outlet,Returning,3,4500.0,0.15,2025.0,11475.0,6286.39,5188.61,45.22,Credit Card,Completed
ORD-10726,2026-07-06 13:33:09,CUST-1250,Smart Fitness Watch,Accessories,Delhi NCR,Gurugram,Distributor,Returning,5,8500.0,0.2,8500.0,34000.0,21659.06,12340.94,36.3,Debit Card,Completed
ORD-10727,2026-07-06 19:27:12,CUST-1309,"4K Monitor 27""",Electronics,Gujarat,Vadodara,Online Store,Returning,2,28000.0,0.1,5600.0,50400.0,33675.77,16724.23,33.18,Credit Card,Completed
ORD-10728,2026-07-06 07:44:52,CUST-1009,"4K Monitor 27""",Electronics,Delhi NCR,New Delhi,Direct Sales,New,4,28000.0,0.15,16800.0,95200.0,68666.7,26533.3,27.87,Net Banking,Completed
ORD-10729,2026-07-06 19:07:12,CUST-1250,Wireless Ergonomic Mouse,Accessories,Tamil Nadu,Chennai,Retail Outlet,Returning,1,2500.0,0.1,250.0,2250.0,1026.61,1223.39,54.37,Net Banking,Completed
ORD-10730,2026-07-06 13:35:05,CUST-1074,Laptop Pro,Electronics,Gujarat,Surat,Online Store,Returning,3,75000.0,0.2,45000.0,180000.0,146446.86,33553.14,18.64,Debit Card,Completed
ORD-10731,2026-07-06 12:14:11,CUST-1267,Smart Fitness Watch,Accessories,Karnataka,Bengaluru,Distributor,New,8,8500.0,0.0,0.0,68000.0,36455.57,31544.43,46.39,Debit Card,Completed
ORD-10732,2026-07-06 17:15:32,CUST-1079,Smart Fitness Watch,Accessories,Tamil Nadu,Chennai,Distributor,Returning,8,8500.0,0.15,10200.0,57800.0,34081.33,23718.67,41.04,Credit Card,Completed
ORD-10733,2026-07-06 20:57:01,CUST-1094,Standing Desk,Furniture,Delhi NCR,New Delhi,Retail Outlet,New,4,32000.0,0.2,25600.0,102400.0,79001.68,23398.32,22.85,Net Banking,Cancelled
ORD-10734,2026-07-06 16:02:04,CUST-1008,Laptop Pro,Electronics,Maharashtra,Pune,Distributor,New,2,75000.0,0.2,30000.0,120000.0,99462.26,20537.74,17.11,Credit Card,Completed
ORD-10735,2026-07-06 12:11:20,CUST-1290,Laptop Pro,Electronics,Delhi NCR,Noida,Online Store,Returning,2,75000.0,0.15,22500.0,127500.0,100187.75,27312.25,21.42,Net Banking,Completed
ORD-10736,2026-07-06 09:20:30,CUST-1207,Wireless Ergonomic Mouse,Accessories,Maharashtra,Mumbai,Distributor,Returning,3,2500.0,0.0,0.0,7500.0,2981.88,4518.12,60.24,UPI,Completed
ORD-10737,2026-07-06 13:10:42,CUST-1042,Standing Desk,Furniture,Maharashtra,Nagpur,Distributor,Returning,4,32000.0,0.2,25600.0,102400.0,83751.23,18648.77,18.21,Credit Card,Completed
ORD-10738,2026-07-06 15:03:01,CUST-1083,"4K Monitor 27""",Electronics,Gujarat,Ahmedabad,Direct Sales,Returning,2,28000.0,0.15,8400.0,47600.0,34037.19,13562.81,28.49,UPI,Completed
ORD-10739,2026-07-06 07:28:27,CUST-1301,"4K Monitor 27""",Electronics,Karnataka,Bengaluru,Retail Outlet,New,4,28000.0,0.05,5600.0,106400.0,69764.96,36635.04,34.43,Debit Card,Completed
ORD-10740,2026-07-06 14:28:54,CUST-1316,Wireless Noise-Canceling Headphones,Electronics,Delhi NCR,Noida,Direct Sales,New,2,12000.0,0.2,4800.0,19200.0,11688.72,7511.28,39.12,Net Banking,Completed
ORD-10741,2026-07-06 09:33:07,CUST-1321,Ultra Smartphone,Electronics,Maharashtra,Pune,Retail Outlet,Returning,3,55000.0,0.2,33000.0,132000.0,101069.12,30930.88,23.43,Credit Card,Completed
ORD-10742,2026-07-06 16:52:50,CUST-1107,Wireless Noise-Canceling Headphones,Electronics,Maharashtra,Mumbai,Direct Sales,Returning,2,12000.0,0.0,0.0,24000.0,11676.18,12323.82,51.35,Net Banking,Completed
ORD-10743,2026-07-06 13:26:52,CUST-1291,Laptop Pro,Electronics,Tamil Nadu,Coimbatore,Distributor,New,2,75000.0,0.2,30000.0,120000.0,99580.97,20419.03,17.02,Net Banking,Completed
ORD-10744,2026-07-06 15:02:17,CUST-1066,Standing Desk,Furniture,Delhi NCR,Gurugram,Retail Outlet,Returning,3,32000.0,0.1,9600.0,86400.0,63629.49,22770.51,26.35,Net Banking,Completed
ORD-10745,2026-07-06 16:22:20,CUST-1329,Ergonomic Office Chair,Furniture,Maharashtra,Pune,Retail Outlet,Returning,4,18000.0,0.05,3600.0,68400.0,42778.24,25621.76,37.46,Debit Card,Completed
ORD-10746,2026-07-06 20:25:01,CUST-1067,"4K Monitor 27""",Electronics,Maharashtra,Pune,Retail Outlet,Returning,4,28000.0,0.15,16800.0,95200.0,69137.59,26062.41,27.38,Debit Card,Completed
ORD-10747,2026-07-06 18:21:51,CUST-1038,Wireless Noise-Canceling Headphones,Electronics,Karnataka,Mysuru,Distributor,New,1,12000.0,0.05,600.0,11400.0,5801.5,5598.5,49.11,Debit Card,Completed
ORD-10748,2026-07-06 10:57:14,CUST-1337,Mechanical Gaming Keyboard,Electronics,Gujarat,Ahmedabad,Distributor,New,2,6500.0,0.2,2600.0,10400.0,7348.08,3051.92,29.35,Credit Card,Completed
ORD-10749,2026-07-06 08:20:21,CUST-1254,Mechanical Gaming Keyboard,Electronics,Karnataka,Bengaluru,Retail Outlet,Returning,3,6500.0,0.1,1950.0,17550.0,10575.98,6974.02,39.74,UPI,Completed
ORD-10750,2026-07-06 07:56:59,CUST-1213,Wireless Noise-Canceling Headphones,Electronics,Karnataka,Mysuru,Distributor,Returning,1,12000.0,0.05,600.0,11400.0,6002.44,5397.56,47.35,Credit Card,Completed
ORD-10751,2026-07-06 20:28:43,CUST-1139,Standing Desk,Furniture,Delhi NCR,Gurugram,Distributor,New,3,32000.0,0.1,9600.0,86400.0,60471.91,25928.09,30.01,Net Banking,Completed
ORD-10752,2026-07-06 20:50:01,CUST-1345,Mechanical Gaming Keyboard,Electronics,Tamil Nadu,Coimbatore,Direct Sales,New,4,6500.0,0.15,3900.0,22100.0,14765.26,7334.74,33.19,Debit Card,Completed
ORD-10753,2026-07-06 20:10:23,CUST-1253,Ergonomic Office Chair,Furniture,Maharashtra,Mumbai,Retail Outlet,Returning,4,18000.0,0.0,0.0,72000.0,41058.81,30941.19,42.97,UPI,Completed
ORD-10754,2026-07-06 15:27:00,CUST-1111,Mechanical Gaming Keyboard,Electronics,Gujarat,Surat,Retail Outlet,Returning,3,6500.0,0.0,0.0,19500.0,10891.2,8608.8,44.15,Debit Card,Completed
ORD-10755,2026-07-06 07:53:39,CUST-1030,Ultra Smartphone,Electronics,Delhi NCR,Gurugram,Online Store,New,2,55000.0,0.05,5500.0,104500.0,64518.01,39981.99,38.26,Net Banking,Completed
ORD-10756,2026-07-06 18:02:53,CUST-1122,Laptop Pro,Electronics,Gujarat,Vadodara,Online Store,New,4,75000.0,0.05,15000.0,285000.0,200807.85,84192.15,29.54,Net Banking,Completed
ORD-10757,2026-07-06 16:08:45,CUST-1065,Ultra Smartphone,Electronics,Gujarat,Vadodara,Retail Outlet,Returning,2,55000.0,0.0,0.0,110000.0,63899.85,46100.15,41.91,Credit Card,Completed
ORD-10758,2026-07-06 20:24:04,CUST-1175,Mechanical Gaming Keyboard,Electronics,Gujarat,Surat,Direct Sales,Returning,1,6500.0,0.05,325.0,6175.0,3622.3,2552.7,41.34,UPI,Completed
ORD-10759,2026-07-06 18:01:47,CUST-1086,Wireless Noise-Canceling Headphones,Electronics,Maharashtra,Mumbai,Direct Sales,New,1,12000.0,0.15,1800.0,10200.0,5962.3,4237.7,41.55,Credit Card,Completed
ORD-10760,2026-07-06 16:03:49,CUST-1211,USB-C Multiport Dock,Accessories,Maharashtra,Mumbai,Distributor,Returning,6,4500.0,0.05,1350.0,25650.0,12143.43,13506.57,52.66,Debit Card,Completed
ORD-10761,2026-07-06 20:59:59,CUST-1113,"4K Monitor 27""",Electronics,Gujarat,Vadodara,Retail Outlet,Returning,3,28000.0,0.0,0.0,84000.0,50096.43,33903.57,40.36,Credit Card,Completed
ORD-10762,2026-07-06 13:46:41,CUST-1287,"4K Monitor 27""",Electronics,Gujarat,Vadodara,Distributor,Returning,3,28000.0,0.2,16800.0,67200.0,51006.44,16193.56,24.1,UPI,Completed
ORD-10763,2026-07-07 21:07:27,CUST-1294,Laptop Pro,Electronics,Maharashtra,Nagpur,Online Store,Returning,1,75000.0,0.15,11250.0,63750.0,49482.85,14267.15,22.38,Debit Card,Completed
ORD-10764,2026-07-07 17:24:28,CUST-1341,Wireless Noise-Canceling Headphones,Electronics,Karnataka,Mysuru,Distributor,New,2,12000.0,0.05,1200.0,22800.0,11840.88,10959.12,48.07,UPI,Completed
ORD-10765,2026-07-07 17:57:18,CUST-1085,Standing Desk,Furniture,Tamil Nadu,Coimbatore,Distributor,Returning,2,32000.0,0.0,0.0,64000.0,39895.03,24104.97,37.66,Credit Card,Completed
ORD-10766,2026-07-07 15:15:30,CUST-1188,Smart Fitness Watch,Accessories,Karnataka,Mysuru,Online Store,Returning,6,8500.0,0.1,5100.0,45900.0,27257.63,18642.37,40.62,Debit Card,Completed
ORD-10767,2026-07-07 08:13:31,CUST-1059,Mechanical Gaming Keyboard,Electronics,Delhi NCR,Gurugram,Direct Sales,Returning,3,6500.0,0.1,1950.0,17550.0,10674.16,6875.84,39.18,UPI,Completed
ORD-10768,2026-07-07 11:05:23,CUST-1210,Laptop Pro,Electronics,Karnataka,Bengaluru,Retail Outlet,Returning,3,75000.0,0.1,22500.0,202500.0,146726.81,55773.19,27.54,Credit Card,Completed
ORD-10769,2026-07-07 10:45:16,CUST-1190,USB-C Multiport Dock,Accessories,Gujarat,Surat,Direct Sales,New,6,4500.0,0.2,5400.0,21600.0,11709.72,9890.28,45.79,Credit Card,Completed
ORD-10770,2026-07-07 16:50:12,CUST-1117,"4K Monitor 27""",Electronics,Maharashtra,Pune,Direct Sales,New,1,28000.0,0.15,4200.0,23800.0,17461.06,6338.94,26.63,Net Banking,Completed
ORD-10771,2026-07-07 07:53:39,CUST-1254,"4K Monitor 27""",Electronics,Delhi NCR,Gurugram,Online Store,New,3,28000.0,0.1,8400.0,75600.0,50350.05,25249.95,33.4,Net Banking,Completed
ORD-10772,2026-07-07 15:42:17,CUST-1103,"4K Monitor 27""",Electronics,Tamil Nadu,Coimbatore,Distributor,Returning,1,28000.0,0.25,7000.0,21000.0,16908.68,4091.32,19.48,Credit Card,Completed
ORD-10773,2026-07-07 12:48:19,CUST-1292,Wireless Ergonomic Mouse,Accessories,Maharashtra,Pune,Direct Sales,Returning,8,2500.0,0.0,0.0,20000.0,8155.85,11844.15,59.22,Credit Card,Completed
ORD-10774,2026-07-07 12:00:13,CUST-1147,Wireless Noise-Canceling Headphones,Electronics,Gujarat,Vadodara,Retail Outlet,Returning,4,12000.0,0.15,7200.0,40800.0,23802.29,16997.71,41.66,Credit Card,Completed
ORD-10775,2026-07-07 17:05:26,CUST-1176,"4K Monitor 27""",Electronics,Delhi NCR,Noida,Distributor,Returning,4,28000.0,0.0,0.0,112000.0,72195.01,39804.99,35.54,Credit Card,Completed
ORD-10776,2026-07-07 20:23:01,CUST-1092,"4K Monitor 27""",Electronics,Gujarat,Vadodara,Online Store,Returning,4,28000.0,0.05,5600.0,106400.0,69765.53,36634.47,34.43,UPI,Completed
ORD-10777,2026-07-07 10:05:38,CUST-1197,Ultra Smartphone,Electronics,Gujarat,Surat,Direct Sales,New,2,55000.0,0.05,5500.0,104500.0,67327.34,37172.66,35.57,UPI,Completed
ORD-10778,2026-07-07 16:08:27,CUST-1253,Wireless Noise-Canceling Headphones,Electronics,Maharashtra,Mumbai,Online Store,Returning,4,12000.0,0.2,9600.0,38400.0,23778.67,14621.33,38.08,Credit Card,Completed
ORD-10779,2026-07-07 10:39:29,CUST-1323,Ultra Smartphone,Electronics,Delhi NCR,Gurugram,Direct Sales,New,4,55000.0,0.05,11000.0,209000.0,130259.55,78740.45,37.67,UPI,Completed
ORD-10780,2026-07-07 16:15:03,CUST-1101,Ultra Smartphone,Electronics,Tamil Nadu,Chennai,Distributor,Returning,2,55000.0,0.05,5500.0,104500.0,64520.48,39979.52,38.26,UPI,Completed
ORD-10781,2026-07-07 16:40:30,CUST-1009,Ergonomic Office Chair,Furniture,Maharashtra,Nagpur,Direct Sales,Returning,2,18000.0,0.1,3600.0,32400.0,20757.8,11642.2,35.93,UPI,Completed
ORD-10782,2026-07-07 16:45:35,CUST-1320,USB-C Multiport Dock,Accessories,Maharashtra,Pune,Distributor,New,3,4500.0,0.15,2025.0,11475.0,6260.05,5214.95,45.45,UPI,Completed
ORD-10783,2026-07-07 19:21:44,CUST-1007,Mechanical Gaming Keyboard,Electronics,Gujarat,Ahmedabad,Retail Outlet,Returning,1,6500.0,0.05,325.0,6175.0,3496.87,2678.13,43.37,Net Banking,Completed
ORD-10784,2026-07-07 14:32:03,CUST-1338,Wireless Noise-Canceling Headphones,Electronics,Karnataka,Mysuru,Direct Sales,Returning,3,12000.0,0.2,7200.0,28800.0,17738.97,11061.03,38.41,UPI,Completed
ORD-10785,2026-07-07 12:33:16,CUST-1048,Smart Fitness Watch,Accessories,Maharashtra,Mumbai,Retail Outlet,Returning,5,8500.0,0.0,0.0,42500.0,22418.9,20081.1,47.25,Net Banking,Completed
ORD-10786,2026-07-07 09:27:52,CUST-1166,Laptop Pro,Electronics,Delhi NCR,Gurugram,Retail Outlet,Returning,2,75000.0,0.15,22500.0,127500.0,96823.38,30676.62,24.06,Debit Card,Completed
ORD-10787,2026-07-07 10:40:25,CUST-1029,Ergonomic Office Chair,Furniture,Karnataka,Bengaluru,Direct Sales,Returning,3,18000.0,0.0,0.0,54000.0,30567.87,23432.13,43.39,Debit Card,Completed
ORD-10788,2026-07-07 10:58:00,CUST-1259,USB-C Multiport Dock,Accessories,Maharashtra,Nagpur,Direct Sales,New,8,4500.0,0.05,1800.0,34200.0,15638.02,18561.98,54.27,Credit Card,Completed
ORD-10789,2026-07-07 17:13:29,CUST-1299,Ultra Smartphone,Electronics,Maharashtra,Nagpur,Online Store,Returning,2,55000.0,0.05,5500.0,104500.0,65222.17,39277.83,37.59,Net Banking,Completed
ORD-10790,2026-07-07 11:07:55,CUST-1293,Wireless Noise-Canceling Headphones,Electronics,Gujarat,Surat,Retail Outlet,New,2,12000.0,0.2,4800.0,19200.0,12448.4,6751.6,35.16,Net Banking,Completed
ORD-10791,2026-07-07 18:19:07,CUST-1344,Standing Desk,Furniture,Karnataka,Bengaluru,Retail Outlet,Returning,1,32000.0,0.15,4800.0,27200.0,19895.43,7304.57,26.86,Credit Card,Completed
ORD-10792,2026-07-07 08:47:54,CUST-1304,Wireless Noise-Canceling Headphones,Electronics,Gujarat,Vadodara,Direct Sales,Returning,3,12000.0,0.1,3600.0,32400.0,17497.36,14902.64,46.0,Debit Card,Completed
ORD-10793,2026-07-07 14:15:08,CUST-1260,Mechanical Gaming Keyboard,Electronics,Karnataka,Mysuru,Retail Outlet,New,4,6500.0,0.1,2600.0,23400.0,14355.34,9044.66,38.65,Credit Card,Cancelled
ORD-10794,2026-07-07 08:10:43,CUST-1196,Wireless Ergonomic Mouse,Accessories,Karnataka,Bengaluru,Retail Outlet,Returning,1,2500.0,0.05,125.0,2375.0,988.46,1386.54,58.38,Net Banking,Completed
ORD-10795,2026-07-07 17:08:19,CUST-1271,USB-C Multiport Dock,Accessories,Gujarat,Surat,Online Store,Returning,6,4500.0,0.1,2700.0,24300.0,12552.99,11747.01,48.34,Net Banking,Completed
ORD-10796,2026-07-07 15:42:50,CUST-1320,Ergonomic Office Chair,Furniture,Maharashtra,Mumbai,Distributor,New,3,18000.0,0.0,0.0,54000.0,31244.42,22755.58,42.14,UPI,Completed
ORD-10797,2026-07-07 18:36:31,CUST-1122,"4K Monitor 27""",Electronics,Gujarat,Surat,Direct Sales,Returning,1,28000.0,0.2,5600.0,22400.0,17983.34,4416.66,19.72,Credit Card,Completed
ORD-10798,2026-07-07 14:02:45,CUST-1252,"4K Monitor 27""",Electronics,Maharashtra,Pune,Direct Sales,Returning,4,28000.0,0.2,22400.0,89600.0,69898.84,19701.16,21.99,Credit Card,Completed
ORD-10799,2026-07-07 14:47:53,CUST-1075,USB-C Multiport Dock,Accessories,Delhi NCR,Noida,Retail Outlet,Returning,8,4500.0,0.15,5400.0,30600.0,16270.03,14329.97,46.83,Net Banking,Completed
ORD-10800,2026-07-07 20:50:19,CUST-1015,Wireless Ergonomic Mouse,Accessories,Delhi NCR,New Delhi,Direct Sales,Returning,2,2500.0,0.1,500.0,4500.0,1971.58,2528.42,56.19,Credit Card,Completed
ORD-10801,2026-07-07 20:30:44,CUST-1169,Ultra Smartphone,Electronics,Maharashtra,Mumbai,Distributor,Returning,4,55000.0,0.0,0.0,220000.0,133366.38,86633.62,39.38,UPI,Completed
ORD-10802,2026-07-07 07:46:59,CUST-1013,Wireless Ergonomic Mouse,Accessories,Gujarat,Ahmedabad,Online Store,Returning,5,2500.0,0.15,1875.0,10625.0,5091.51,5533.49,52.08,Credit Card,Completed
ORD-10803,2026-07-07 16:40:16,CUST-1163,Smart Fitness Watch,Accessories,Karnataka,Bengaluru,Retail Outlet,New,6,8500.0,0.2,10200.0,40800.0,26262.21,14537.79,35.63,UPI,Completed
ORD-10804,2026-07-07 10:38:31,CUST-1033,Mechanical Gaming Keyboard,Electronics,Karnataka,Mysuru,Retail Outlet,Returning,1,6500.0,0.2,1300.0,5200.0,3471.21,1728.79,33.25,Net Banking,Completed
ORD-10805,2026-07-07 09:16:00,CUST-1184,Smart Fitness Watch,Accessories,Maharashtra,Pune,Direct Sales,Returning,3,8500.0,0.0,0.0,25500.0,13146.62,12353.38,48.44,Net Banking,Completed
ORD-10806,2026-07-07 11:01:09,CUST-1099,Ultra Smartphone,Electronics,Karnataka,Mysuru,Retail Outlet,New,4,55000.0,0.05,11000.0,209000.0,128287.36,80712.64,38.62,Net Banking,Completed
ORD-10807,2026-07-07 12:18:29,CUST-1199,"4K Monitor 27""",Electronics,Gujarat,Vadodara,Online Store,Returning,2,28000.0,0.15,8400.0,47600.0,35194.23,12405.77,26.06,UPI,Completed
ORD-10808,2026-07-08 16:01:21,CUST-1138,USB-C Multiport Dock,Accessories,Karnataka,Bengaluru,Distributor,New,4,4500.0,0.15,2700.0,15300.0,7914.58,7385.42,48.27,UPI,Completed
ORD-10809,2026-07-08 07:56:22,CUST-1117,Laptop Pro,Electronics,Gujarat,Vadodara,Retail Outlet,New,3,75000.0,0.0,0.0,225000.0,142628.04,82371.96,36.61,Net Banking,Completed
ORD-10810,2026-07-08 13:07:04,CUST-1041,Ultra Smartphone,Electronics,Delhi NCR,New Delhi,Distributor,New,2,55000.0,0.15,16500.0,93500.0,65593.51,27906.49,29.85,Debit Card,Completed
ORD-10811,2026-07-08 16:50:20,CUST-1334,Standing Desk,Furniture,Delhi NCR,Noida,Online Store,Returning,4,32000.0,0.2,25600.0,102400.0,83441.67,18958.33,18.51,Credit Card,Completed
ORD-10812,2026-07-08 19:27:44,CUST-1299,Wireless Noise-Canceling Headphones,Electronics,Maharashtra,Mumbai,Direct Sales,New,2,12000.0,0.1,2400.0,21600.0,11643.83,9956.17,46.09,Net Banking,Completed
ORD-10813,2026-07-08 12:30:32,CUST-1216,USB-C Multiport Dock,Accessories,Tamil Nadu,Coimbatore,Retail Outlet,New,6,4500.0,0.0,0.0,27000.0,11982.96,15017.04,55.62,Credit Card,Completed
ORD-10814,2026-07-08 17:23:36,CUST-1291,Mechanical Gaming Keyboard,Electronics,Maharashtra,Nagpur,Online Store,New,2,6500.0,0.15,1950.0,11050.0,7413.82,3636.18,32.91,Credit Card,Completed
ORD-10815,2026-07-08 16:12:04,CUST-1240,Ergonomic Office Chair,Furniture,Karnataka,Mysuru,Distributor,Returning,2,18000.0,0.1,3600.0,32400.0,21659.83,10740.17,33.15,Net Banking,Completed
ORD-10816,2026-07-08 15:25:38,CUST-1018,Mechanical Gaming Keyboard,Electronics,Maharashtra,Nagpur,Distributor,New,3,6500.0,0.2,3900.0,15600.0,11143.83,4456.17,28.57,Credit Card,Completed
ORD-10817,2026-07-08 17:03:42,CUST-1150,Wireless Noise-Canceling Headphones,Electronics,Karnataka,Mysuru,Retail Outlet,Returning,1,12000.0,0.25,3000.0,9000.0,5832.55,3167.45,35.19,Credit Card,Completed
ORD-10818,2026-07-08 16:21:44,CUST-1020,Mechanical Gaming Keyboard,Electronics,Gujarat,Ahmedabad,Direct Sales,Returning,1,6500.0,0.05,325.0,6175.0,3492.96,2682.04,43.43,UPI,Completed
ORD-10819,2026-07-08 07:16:53,CUST-1322,Standing Desk,Furniture,Tamil Nadu,Chennai,Direct Sales,New,1,32000.0,0.0,0.0,32000.0,20470.76,11529.24,36.03,Net Banking,Completed
ORD-10820,2026-07-08 11:17:17,CUST-1293,Wireless Ergonomic Mouse,Accessories,Maharashtra,Pune,Distributor,New,6,2500.0,0.1,1500.0,13500.0,5992.83,7507.17,55.61,Debit Card,Completed
ORD-10821,2026-07-08 14:56:32,CUST-1294,Mechanical Gaming Keyboard,Electronics,Gujarat,Surat,Distributor,Returning,3,6500.0,0.2,3900.0,15600.0,11055.58,4544.42,29.13,UPI,Completed
ORD-10822,2026-07-08 07:43:25,CUST-1272,Laptop Pro,Electronics,Karnataka,Bengaluru,Direct Sales,Returning,4,75000.0,0.25,75000.0,225000.0,192449.72,32550.28,14.47,Credit Card,Completed
ORD-10823,2026-07-08 20:57:04,CUST-1321,Wireless Noise-Canceling Headphones,Electronics,Karnataka,Bengaluru,Retail Outlet,Returning,4,12000.0,0.2,9600.0,38400.0,24138.22,14261.78,37.14,Credit Card,Cancelled
ORD-10824,2026-07-08 08:05:57,CUST-1187,Smart Fitness Watch,Accessories,Maharashtra,Nagpur,Retail Outlet,Returning,7,8500.0,0.05,2975.0,56525.0,30317.51,26207.49,46.36,UPI,Completed
ORD-10825,2026-07-08 07:47:22,CUST-1173,USB-C Multiport Dock,Accessories,Tamil Nadu,Chennai,Online Store,Returning,7,4500.0,0.0,0.0,31500.0,14310.53,17189.47,54.57,Credit Card,Completed
ORD-10826,2026-07-08 12:56:43,CUST-1338,Standing Desk,Furniture,Maharashtra,Nagpur,Direct Sales,Returning,2,32000.0,0.05,3200.0,60800.0,42154.8,18645.2,30.67,Debit Card,Completed
ORD-10827,2026-07-08 14:32:06,CUST-1043,"4K Monitor 27""",Electronics,Gujarat,Surat,Retail Outlet,Returning,2,28000.0,0.05,2800.0,53200.0,36037.75,17162.25,32.26,Debit Card,Completed
ORD-10828,2026-07-08 15:03:25,CUST-1239,Wireless Noise-Canceling Headphones,Electronics,Karnataka,Mysuru,Direct Sales,Returning,3,12000.0,0.15,5400.0,30600.0,17298.53,13301.47,43.47,Net Banking,Completed
ORD-10829,2026-07-08 19:26:53,CUST-1011,Ultra Smartphone,Electronics,Karnataka,Bengaluru,Retail Outlet,New,3,55000.0,0.2,33000.0,132000.0,95790.17,36209.83,27.43,Debit Card,Completed
ORD-10830,2026-07-08 15:28:48,CUST-1019,Laptop Pro,Electronics,Maharashtra,Mumbai,Online Store,Returning,4,75000.0,0.05,15000.0,285000.0,198701.28,86298.72,30.28,Debit Card,Completed
ORD-10831,2026-07-08 12:54:02,CUST-1333,Smart Fitness Watch,Accessories,Gujarat,Vadodara,Retail Outlet,Returning,6,8500.0,0.0,0.0,51000.0,27268.35,23731.65,46.53,Credit Card,Completed
ORD-10832,2026-07-08 19:32:46,CUST-1124,Laptop Pro,Electronics,Maharashtra,Mumbai,Direct Sales,Returning,3,75000.0,0.2,45000.0,180000.0,149718.5,30281.5,16.82,Debit Card,Completed
ORD-10833,2026-07-08 08:39:02,CUST-1055,Mechanical Gaming Keyboard,Electronics,Gujarat,Vadodara,Retail Outlet,Returning,2,6500.0,0.1,1300.0,11700.0,7395.58,4304.42,36.79,UPI,Completed
ORD-10834,2026-07-08 17:51:30,CUST-1082,Wireless Noise-Canceling Headphones,Electronics,Gujarat,Ahmedabad,Distributor,Returning,4,12000.0,0.1,4800.0,43200.0,23828.22,19371.78,44.84,UPI,Completed
ORD-10835,2026-07-08 10:46:08,CUST-1107,Wireless Noise-Canceling Headphones,Electronics,Gujarat,Ahmedabad,Retail Outlet,Returning,1,12000.0,0.05,600.0,11400.0,5884.89,5515.11,48.38,Credit Card,Completed
ORD-10836,2026-07-08 15:10:26,CUST-1012,Laptop Pro,Electronics,Maharashtra,Pune,Retail Outlet,Returning,4,75000.0,0.05,15000.0,285000.0,193355.16,91644.84,32.16,Credit Card,Completed
ORD-10837,2026-07-08 13:01:23,CUST-1185,Smart Fitness Watch,Accessories,Karnataka,Mysuru,Online Store,Returning,1,8500.0,0.05,425.0,8075.0,4397.36,3677.64,45.54,Net Banking,Completed
ORD-10838,2026-07-08 16:08:00,CUST-1093,Standing Desk,Furniture,Delhi NCR,New Delhi,Distributor,Returning,4,32000.0,0.15,19200.0,108800.0,79114.75,29685.25,27.28,Credit Card,Completed
ORD-10839,2026-07-08 09:28:05,CUST-1173,Wireless Noise-Canceling Headphones,Electronics,Gujarat,Ahmedabad,Direct Sales,New,2,12000.0,0.0,0.0,24000.0,12056.05,11943.95,49.77,UPI,Completed
ORD-10840,2026-07-08 16:27:10,CUST-1210,Wireless Ergonomic Mouse,Accessories,Maharashtra,Nagpur,Direct Sales,New,1,2500.0,0.0,0.0,2500.0,997.47,1502.53,60.1,Net Banking,Completed
ORD-10841,2026-07-08 09:53:37,CUST-1086,Wireless Ergonomic Mouse,Accessories,Maharashtra,Mumbai,Retail Outlet,Returning,2,2500.0,0.0,0.0,5000.0,2076.35,2923.65,58.47,Net Banking,Completed
ORD-10842,2026-07-08 14:17:51,CUST-1252,"4K Monitor 27""",Electronics,Maharashtra,Nagpur,Retail Outlet,Returning,2,28000.0,0.1,5600.0,50400.0,34957.68,15442.32,30.64,Net Banking,Completed
ORD-10843,2026-07-08 11:18:42,CUST-1309,Standing Desk,Furniture,Maharashtra,Mumbai,Retail Outlet,Returning,4,32000.0,0.0,0.0,128000.0,81995.97,46004.03,35.94,Net Banking,Completed
ORD-10844,2026-07-08 09:32:17,CUST-1023,Standing Desk,Furniture,Karnataka,Bengaluru,Distributor,New,3,32000.0,0.05,4800.0,91200.0,59025.47,32174.53,35.28,Credit Card,Completed
ORD-10845,2026-07-08 13:35:15,CUST-1278,Standing Desk,Furniture,Karnataka,Mysuru,Retail Outlet,Returning,3,32000.0,0.1,9600.0,86400.0,63386.95,23013.05,26.64,Credit Card,Completed
ORD-10846,2026-07-08 09:38:41,CUST-1201,Laptop Pro,Electronics,Delhi NCR,Gurugram,Direct Sales,New,1,75000.0,0.05,3750.0,71250.0,49645.29,21604.71,30.32,Credit Card,Completed
ORD-10847,2026-07-08 14:00:19,CUST-1251,Ultra Smartphone,Electronics,Karnataka,Mysuru,Online Store,New,3,55000.0,0.05,8250.0,156750.0,97851.91,58898.09,37.57,Debit Card,Cancelled
ORD-10848,2026-07-08 08:29:16,CUST-1169,Standing Desk,Furniture,Tamil Nadu,Coimbatore,Distributor,Returning,4,32000.0,0.1,12800.0,115200.0,83240.19,31959.81,27.74,Credit Card,Cancelled
ORD-10849,2026-07-09 11:34:28,CUST-1139,"4K Monitor 27""",Electronics,Karnataka,Bengaluru,Direct Sales,Returning,3,28000.0,0.0,0.0,84000.0,52509.09,31490.91,37.49,Credit Card,Completed
ORD-10850,2026-07-09 12:12:05,CUST-1053,Standing Desk,Furniture,Karnataka,Bengaluru,Distributor,New,3,32000.0,0.15,14400.0,81600.0,63430.84,18169.16,22.27,UPI,Completed
ORD-10851,2026-07-09 07:55:08,CUST-1083,Wireless Ergonomic Mouse,Accessories,Maharashtra,Nagpur,Direct Sales,New,4,2500.0,0.05,500.0,9500.0,3919.29,5580.71,58.74,Net Banking,Cancelled
ORD-10852,2026-07-09 12:35:57,CUST-1016,Ergonomic Office Chair,Furniture,Maharashtra,Pune,Retail Outlet,New,4,18000.0,0.0,0.0,72000.0,40621.97,31378.03,43.58,Net Banking,Completed
ORD-10853,2026-07-09 09:21:02,CUST-1044,Wireless Noise-Canceling Headphones,Electronics,Maharashtra,Pune,Distributor,New,1,12000.0,0.2,2400.0,9600.0,6062.16,3537.84,36.85,UPI,Completed
ORD-10854,2026-07-09 11:44:28,CUST-1307,Smart Fitness Watch,Accessories,Delhi NCR,New Delhi,Retail Outlet,New,4,8500.0,0.0,0.0,34000.0,18263.59,15736.41,46.28,UPI,Completed
ORD-10855,2026-07-09 15:32:42,CUST-1329,Ultra Smartphone,Electronics,Maharashtra,Mumbai,Distributor,New,4,55000.0,0.1,22000.0,198000.0,132556.31,65443.69,33.05,Net Banking,Completed
ORD-10856,2026-07-09 15:53:43,CUST-1178,Laptop Pro,Electronics,Maharashtra,Nagpur,Distributor,New,4,75000.0,0.05,15000.0,285000.0,191611.35,93388.65,32.77,Credit Card,Completed
ORD-10857,2026-07-09 12:49:02,CUST-1195,Ultra Smartphone,Electronics,Gujarat,Vadodara,Distributor,Returning,2,55000.0,0.2,22000.0,88000.0,65588.4,22411.6,25.47,Credit Card,Completed
ORD-10858,2026-07-09 16:14:26,CUST-1195,Standing Desk,Furniture,Karnataka,Mysuru,Distributor,Returning,2,32000.0,0.15,9600.0,54400.0,39662.07,14737.93,27.09,Credit Card,Completed
ORD-10859,2026-07-09 17:13:30,CUST-1294,"4K Monitor 27""",Electronics,Maharashtra,Nagpur,Retail Outlet,Returning,3,28000.0,0.2,16800.0,67200.0,52616.14,14583.86,21.7,Net Banking,Completed
ORD-10860,2026-07-09 08:21:26,CUST-1111,Wireless Noise-Canceling Headphones,Electronics,Tamil Nadu,Chennai,Online Store,Returning,1,12000.0,0.05,600.0,11400.0,5895.62,5504.38,48.28,UPI,Completed
ORD-10861,2026-07-09 17:16:20,CUST-1099,Wireless Ergonomic Mouse,Accessories,Gujarat,Ahmedabad,Direct Sales,Returning,4,2500.0,0.05,500.0,9500.0,4013.53,5486.47,57.75,Debit Card,Completed
ORD-10862,2026-07-09 19:17:06,CUST-1090,Laptop Pro,Electronics,Maharashtra,Nagpur,Retail Outlet,Returning,1,75000.0,0.0,0.0,75000.0,49360.88,25639.12,34.19,Credit Card,Completed
ORD-10863,2026-07-09 10:11:41,CUST-1234,Smart Fitness Watch,Accessories,Delhi NCR,Noida,Online Store,New,4,8500.0,0.2,6800.0,27200.0,18273.28,8926.72,32.82,UPI,Completed
ORD-10864,2026-07-09 18:52:31,CUST-1048,USB-C Multiport Dock,Accessories,Karnataka,Mysuru,Direct Sales,Returning,3,4500.0,0.15,2025.0,11475.0,6204.16,5270.84,45.93,Debit Card,Completed
ORD-10865,2026-07-09 12:21:18,CUST-1111,Ultra Smartphone,Electronics,Karnataka,Bengaluru,Direct Sales,New,2,55000.0,0.25,27500.0,82500.0,66995.11,15504.89,18.79,Net Banking,Completed
ORD-10866,2026-07-09 10:05:18,CUST-1185,Laptop Pro,Electronics,Tamil Nadu,Chennai,Direct Sales,Returning,2,75000.0,0.1,15000.0,135000.0,94388.87,40611.13,30.08,UPI,Completed
ORD-10867,2026-07-09 09:13:17,CUST-1108,Ultra Smartphone,Electronics,Gujarat,Surat,Direct Sales,Returning,1,55000.0,0.0,0.0,55000.0,34209.75,20790.25,37.8,Net Banking,Completed
ORD-10868,2026-07-09 12:51:53,CUST-1122,Mechanical Gaming Keyboard,Electronics,Maharashtra,Nagpur,Retail Outlet,Returning,4,6500.0,0.1,2600.0,23400.0,14403.02,8996.98,38.45,UPI,Completed
ORD-10869,2026-07-09 08:40:46,CUST-1103,Mechanical Gaming Keyboard,Electronics,Maharashtra,Mumbai,Distributor,Returning,1,6500.0,0.05,325.0,6175.0,3535.37,2639.63,42.75,Debit Card,Completed
ORD-10870,2026-07-09 07:15:37,CUST-1040,Standing Desk,Furniture,Delhi NCR,Gurugram,Online Store,Returning,2,32000.0,0.1,6400.0,57600.0,41096.02,16503.98,28.65,Credit Card,Completed
ORD-10871,2026-07-09 16:13:01,CUST-1315,Smart Fitness Watch,Accessories,Karnataka,Bengaluru,Retail Outlet,New,6,8500.0,0.25,12750.0,38250.0,25890.86,12359.14,32.31,UPI,Completed
ORD-10872,2026-07-09 16:08:07,CUST-1092,Ultra Smartphone,Electronics,Maharashtra,Mumbai,Retail Outlet,Returning,1,55000.0,0.25,13750.0,41250.0,33905.92,7344.08,17.8,Net Banking,Completed
ORD-10873,2026-07-09 19:30:58,CUST-1022,USB-C Multiport Dock,Accessories,Gujarat,Ahmedabad,Direct Sales,Returning,5,4500.0,0.0,0.0,22500.0,10436.22,12063.78,53.62,Net Banking,Completed
ORD-10874,2026-07-09 16:23:30,CUST-1131,Wireless Noise-Canceling Headphones,Electronics,Tamil Nadu,Coimbatore,Retail Outlet,Returning,4,12000.0,0.05,2400.0,45600.0,24798.69,20801.31,45.62,Debit Card,Completed
ORD-10875,2026-07-09 12:13:13,CUST-1097,Wireless Ergonomic Mouse,Accessories,Maharashtra,Nagpur,Retail Outlet,New,3,2500.0,0.0,0.0,7500.0,2956.79,4543.21,60.58,Net Banking,Completed
ORD-10876,2026-07-09 14:02:16,CUST-1276,"4K Monitor 27""",Electronics,Maharashtra,Nagpur,Direct Sales,Returning,4,28000.0,0.1,11200.0,100800.0,69175.21,31624.79,31.37,Debit Card,Completed
ORD-10877,2026-07-09 11:21:46,CUST-1050,Ergonomic Office Chair,Furniture,Gujarat,Ahmedabad,Online Store,Returning,2,18000.0,0.0,0.0,36000.0,20844.18,15155.82,42.1,UPI,Completed
ORD-10878,2026-07-09 15:50:17,CUST-1093,Smart Fitness Watch,Accessories,Gujarat,Vadodara,Retail Outlet,Returning,5,8500.0,0.05,2125.0,40375.0,22149.86,18225.14,45.14,UPI,Completed
ORD-10879,2026-07-09 07:33:35,CUST-1070,Mechanical Gaming Keyboard,Electronics,Maharashtra,Pune,Retail Outlet,Returning,4,6500.0,0.05,1300.0,24700.0,14754.15,9945.85,40.27,UPI,Completed
ORD-10880,2026-07-09 07:32:01,CUST-1104,Laptop Pro,Electronics,Maharashtra,Pune,Retail Outlet,Returning,2,75000.0,0.2,30000.0,120000.0,95661.13,24338.87,20.28,Debit Card,Completed
ORD-10881,2026-07-09 19:12:22,CUST-1189,USB-C Multiport Dock,Accessories,Maharashtra,Mumbai,Distributor,Returning,1,4500.0,0.05,225.0,4275.0,2063.04,2211.96,51.74,UPI,Completed
ORD-10882,2026-07-09 19:52:03,CUST-1344,Wireless Ergonomic Mouse,Accessories,Delhi NCR,Noida,Direct Sales,Returning,7,2500.0,0.1,1750.0,15750.0,6969.3,8780.7,55.75,Debit Card,Completed
ORD-10883,2026-07-09 20:25:40,CUST-1201,Wireless Noise-Canceling Headphones,Electronics,Tamil Nadu,Chennai,Retail Outlet,Returning,4,12000.0,0.15,7200.0,40800.0,24751.82,16048.18,39.33,UPI,Completed
ORD-10884,2026-07-09 09:20:32,CUST-1215,"4K Monitor 27""",Electronics,Tamil Nadu,Coimbatore,Direct Sales,Returning,1,28000.0,0.15,4200.0,23800.0,16866.7,6933.3,29.13,Net Banking,Completed
ORD-10885,2026-07-09 12:33:42,CUST-1050,Ultra Smartphone,Electronics,Delhi NCR,New Delhi,Distributor,Returning,3,55000.0,0.15,24750.0,140250.0,102650.37,37599.63,26.81,Net Banking,Completed
ORD-10886,2026-07-09 15:43:31,CUST-1156,Mechanical Gaming Keyboard,Electronics,Maharashtra,Pune,Retail Outlet,Returning,4,6500.0,0.1,2600.0,23400.0,14442.86,8957.14,38.28,UPI,Completed
ORD-10887,2026-07-09 14:47:08,CUST-1065,Wireless Noise-Canceling Headphones,Electronics,Karnataka,Bengaluru,Online Store,New,1,12000.0,0.05,600.0,11400.0,5867.23,5532.77,48.53,Net Banking,Completed
ORD-10888,2026-07-09 15:51:39,CUST-1093,USB-C Multiport Dock,Accessories,Gujarat,Surat,Distributor,New,3,4500.0,0.1,1350.0,12150.0,5989.32,6160.68,50.71,UPI,Completed
ORD-10889,2026-07-09 07:19:38,CUST-1294,Smart Fitness Watch,Accessories,Delhi NCR,Noida,Online Store,New,2,8500.0,0.2,3400.0,13600.0,8934.47,4665.53,34.31,UPI,Completed
ORD-10890,2026-07-09 14:31:09,CUST-1254,Ergonomic Office Chair,Furniture,Gujarat,Vadodara,Direct Sales,New,2,18000.0,0.1,3600.0,32400.0,20654.43,11745.57,36.25,UPI,Completed
ORD-10891,2026-07-09 09:30:40,CUST-1056,Wireless Ergonomic Mouse,Accessories,Maharashtra,Mumbai,Online Store,Returning,1,2500.0,0.1,250.0,2250.0,1004.68,1245.32,55.35,UPI,Completed
ORD-10892,2026-07-09 15:32:06,CUST-1051,Ultra Smartphone,Electronics,Karnataka,Mysuru,Online Store,Returning,4,55000.0,0.15,33000.0,187000.0,131182.32,55817.68,29.85,Credit Card,Completed
ORD-10893,2026-07-09 11:16:57,CUST-1069,Ultra Smartphone,Electronics,Maharashtra,Pune,Retail Outlet,Returning,4,55000.0,0.05,11000.0,209000.0,136287.39,72712.61,34.79,Credit Card,Completed
ORD-10894,2026-07-09 12:01:28,CUST-1322,Laptop Pro,Electronics,Maharashtra,Pune,Retail Outlet,New,4,75000.0,0.2,60000.0,240000.0,192145.62,47854.38,19.94,Credit Card,Completed
ORD-10895,2026-07-09 13:46:57,CUST-1073,USB-C Multiport Dock,Accessories,Maharashtra,Nagpur,Online Store,New,5,4500.0,0.25,5625.0,16875.0,10318.6,6556.4,38.85,Net Banking,Completed
ORD-10896,2026-07-09 19:12:34,CUST-1255,Ultra Smartphone,Electronics,Karnataka,Mysuru,Retail Outlet,Returning,4,55000.0,0.0,0.0,220000.0,132074.16,87925.84,39.97,Net Banking,Completed
ORD-10897,2026-07-09 09:53:16,CUST-1002,Smart Fitness Watch,Accessories,Maharashtra,Pune,Online Store,New,1,8500.0,0.2,1700.0,6800.0,4275.22,2524.78,37.13,UPI,Completed
ORD-10898,2026-07-10 19:14:17,CUST-1220,Ultra Smartphone,Electronics,Gujarat,Vadodara,Direct Sales,Returning,1,55000.0,0.2,11000.0,44000.0,33904.48,10095.52,22.94,Credit Card,Completed
ORD-10899,2026-07-10 19:01:11,CUST-1126,Wireless Noise-Canceling Headphones,Electronics,Maharashtra,Nagpur,Retail Outlet,Returning,2,12000.0,0.05,1200.0,22800.0,12263.63,10536.37,46.21,UPI,Completed
ORD-10900,2026-07-10 09:02:14,CUST-1341,Mechanical Gaming Keyboard,Electronics,Maharashtra,Nagpur,Retail Outlet,Returning,3,6500.0,0.0,0.0,19500.0,10512.24,8987.76,46.09,Debit Card,Completed
ORD-10901,2026-07-10 08:27:54,CUST-1199,Standing Desk,Furniture,Gujarat,Surat,Distributor,New,1,32000.0,0.1,3200.0,28800.0,20108.71,8691.29,30.18,Net Banking,Completed
ORD-10902,2026-07-10 19:12:28,CUST-1235,Wireless Noise-Canceling Headphones,Electronics,Maharashtra,Mumbai,Distributor,Returning,4,12000.0,0.1,4800.0,43200.0,23546.94,19653.06,45.49,Net Banking,Completed
ORD-10903,2026-07-10 20:54:02,CUST-1090,Mechanical Gaming Keyboard,Electronics,Maharashtra,Pune,Online Store,New,1,6500.0,0.2,1300.0,5200.0,3687.79,1512.21,29.08,Net Banking,Completed
ORD-10904,2026-07-10 10:37:00,CUST-1225,Ergonomic Office Chair,Furniture,Gujarat,Surat,Online Store,Returning,1,18000.0,0.1,1800.0,16200.0,10750.49,5449.51,33.64,UPI,Completed
ORD-10905,2026-07-10 12:38:44,CUST-1051,Ergonomic Office Chair,Furniture,Gujarat,Ahmedabad,Retail Outlet,New,4,18000.0,0.05,3600.0,68400.0,43050.7,25349.3,37.06,Debit Card,Completed
ORD-10906,2026-07-10 11:19:17,CUST-1240,Mechanical Gaming Keyboard,Electronics,Karnataka,Bengaluru,Direct Sales,Returning,4,6500.0,0.1,2600.0,23400.0,14803.48,8596.52,36.74,Credit Card,Completed
ORD-10907,2026-07-10 13:39:37,CUST-1301,"4K Monitor 27""",Electronics,Delhi NCR,New Delhi,Retail Outlet,New,2,28000.0,0.2,11200.0,44800.0,36090.54,8709.46,19.44,Credit Card,Completed
ORD-10908,2026-07-10 18:50:04,CUST-1056,Wireless Noise-Canceling Headphones,Electronics,Maharashtra,Pune,Online Store,Returning,3,12000.0,0.05,1800.0,34200.0,17335.38,16864.62,49.31,Credit Card,Completed
ORD-10909,2026-07-10 08:31:15,CUST-1004,Standing Desk,Furniture,Maharashtra,Nagpur,Online Store,New,3,32000.0,0.25,24000.0,72000.0,62866.05,9133.95,12.69,Net Banking,Completed
ORD-10910,2026-07-10 10:14:45,CUST-1243,Wireless Ergonomic Mouse,Accessories,Gujarat,Ahmedabad,Distributor,New,6,2500.0,0.05,750.0,14250.0,6114.33,8135.67,57.09,Net Banking,Completed
ORD-10911,2026-07-10 15:06:15,CUST-1179,Smart Fitness Watch,Accessories,Gujarat,Ahmedabad,Online Store,Returning,7,8500.0,0.05,2975.0,56525.0,30879.63,25645.37,45.37,Credit Card,Completed
ORD-10912,2026-07-10 09:46:56,CUST-1148,Mechanical Gaming Keyboard,Electronics,Maharashtra,Pune,Direct Sales,New,2,6500.0,0.1,1300.0,11700.0,7271.09,4428.91,37.85,Net Banking,Completed
ORD-10913,2026-07-10 09:16:33,CUST-1060,Wireless Noise-Canceling Headphones,Electronics,Delhi NCR,Gurugram,Direct Sales,Returning,1,12000.0,0.25,3000.0,9000.0,6073.63,2926.37,32.52,Credit Card,Completed
ORD-10914,2026-07-10 21:06:53,CUST-1246,Wireless Ergonomic Mouse,Accessories,Tamil Nadu,Coimbatore,Online Store,Returning,5,2500.0,0.15,1875.0,10625.0,4947.51,5677.49,53.44,Credit Card,Completed
ORD-10915,2026-07-10 10:12:39,CUST-1136,Ultra Smartphone,Electronics,Delhi NCR,Noida,Distributor,New,3,55000.0,0.2,33000.0,132000.0,100599.8,31400.2,23.79,Net Banking,Completed
ORD-10916,2026-07-10 16:55:56,CUST-1008,Smart Fitness Watch,Accessories,Maharashtra,Pune,Direct Sales,Returning,1,8500.0,0.0,0.0,8500.0,4537.85,3962.15,46.61,Credit Card,Completed
ORD-10917,2026-07-10 17:51:42,CUST-1063,Wireless Ergonomic Mouse,Accessories,Delhi NCR,Noida,Distributor,Returning,1,2500.0,0.1,250.0,2250.0,1031.06,1218.94,54.18,Debit Card,Completed
ORD-10918,2026-07-10 10:23:53,CUST-1220,"4K Monitor 27""",Electronics,Maharashtra,Nagpur,Retail Outlet,New,1,28000.0,0.15,4200.0,23800.0,17177.72,6622.28,27.82,UPI,Completed
ORD-10919,2026-07-10 09:39:33,CUST-1254,Wireless Ergonomic Mouse,Accessories,Maharashtra,Nagpur,Distributor,Returning,2,2500.0,0.2,1000.0,4000.0,1926.49,2073.51,51.84,Debit Card,Completed
ORD-10920,2026-07-10 13:03:48,CUST-1217,Wireless Noise-Canceling Headphones,Electronics,Gujarat,Surat,Retail Outlet,New,4,12000.0,0.05,2400.0,45600.0,23711.31,21888.69,48.0,Credit Card,Completed
ORD-10921,2026-07-10 20:10:13,CUST-1041,Wireless Ergonomic Mouse,Accessories,Tamil Nadu,Coimbatore,Distributor,Returning,1,2500.0,0.1,250.0,2250.0,1016.58,1233.42,54.82,Net Banking,Completed
ORD-10922,2026-07-10 16:41:22,CUST-1198,Wireless Ergonomic Mouse,Accessories,Gujarat,Vadodara,Distributor,Returning,4,2500.0,0.25,2500.0,7500.0,3887.65,3612.35,48.16,Credit Card,Completed
ORD-10923,2026-07-10 10:27:14,CUST-1019,USB-C Multiport Dock,Accessories,Maharashtra,Mumbai,Retail Outlet,Returning,3,4500.0,0.2,2700.0,10800.0,6032.78,4767.22,44.14,UPI,Completed
ORD-10924,2026-07-10 21:12:22,CUST-1001,USB-C Multiport Dock,Accessories,Maharashtra,Nagpur,Retail Outlet,New,7,4500.0,0.2,6300.0,25200.0,14017.84,11182.16,44.37,Net Banking,Completed
ORD-10925,2026-07-10 14:48:41,CUST-1265,Wireless Ergonomic Mouse,Accessories,Gujarat,Surat,Retail Outlet,Returning,4,2500.0,0.15,1500.0,8500.0,3987.38,4512.62,53.09,UPI,Completed
ORD-10926,2026-07-10 16:22:04,CUST-1106,Mechanical Gaming Keyboard,Electronics,Gujarat,Vadodara,Distributor,Returning,1,6500.0,0.15,975.0,5525.0,3634.53,1890.47,34.22,Credit Card,Completed
ORD-10927,2026-07-10 18:38:47,CUST-1277,Smart Fitness Watch,Accessories,Tamil Nadu,Coimbatore,Direct Sales,New,2,8500.0,0.0,0.0,17000.0,8511.37,8488.63,49.93,Credit Card,Completed
ORD-10928,2026-07-10 12:01:38,CUST-1210,"4K Monitor 27""",Electronics,Maharashtra,Nagpur,Distributor,Returning,2,28000.0,0.05,2800.0,53200.0,35427.31,17772.69,33.41,UPI,Completed
ORD-10929,2026-07-10 07:27:22,CUST-1063,Ultra Smartphone,Electronics,Tamil Nadu,Chennai,Online Store,Returning,1,55000.0,0.0,0.0,55000.0,33100.85,21899.15,39.82,Debit Card,Completed
ORD-10930,2026-07-10 10:02:53,CUST-1134,Ultra Smartphone,Electronics,Maharashtra,Pune,Retail Outlet,Returning,3,55000.0,0.1,16500.0,148500.0,99379.44,49120.56,33.08,UPI,Completed
ORD-10931,2026-07-10 17:18:05,CUST-1262,Standing Desk,Furniture,Maharashtra,Nagpur,Distributor,New,3,32000.0,0.0,0.0,96000.0,60369.87,35630.13,37.11,Debit Card,Completed
ORD-10932,2026-07-10 14:39:33,CUST-1270,Smart Fitness Watch,Accessories,Maharashtra,Nagpur,Online Store,New,1,8500.0,0.25,2125.0,6375.0,4475.62,1899.38,29.79,Debit Card,Completed
ORD-10933,2026-07-10 18:02:55,CUST-1110,Wireless Noise-Canceling Headphones,Electronics,Gujarat,Ahmedabad,Direct Sales,Returning,3,12000.0,0.2,7200.0,28800.0,17323.33,11476.67,39.85,Net Banking,Completed
ORD-10934,2026-07-10 07:57:37,CUST-1206,Mechanical Gaming Keyboard,Electronics,Gujarat,Vadodara,Online Store,Returning,2,6500.0,0.15,1950.0,11050.0,7410.78,3639.22,32.93,Credit Card,Completed
ORD-10935,2026-07-10 13:43:00,CUST-1240,Wireless Noise-Canceling Headphones,Electronics,Gujarat,Surat,Retail Outlet,Returning,2,12000.0,0.0,0.0,24000.0,12432.46,11567.54,48.2,Debit Card,Completed
ORD-10936,2026-07-10 08:56:29,CUST-1271,"4K Monitor 27""",Electronics,Delhi NCR,Gurugram,Direct Sales,Returning,2,28000.0,0.25,14000.0,42000.0,34232.36,7767.64,18.49,Debit Card,Completed
ORD-10937,2026-07-10 12:29:01,CUST-1127,Smart Fitness Watch,Accessories,Maharashtra,Nagpur,Direct Sales,Returning,7,8500.0,0.2,11900.0,47600.0,30879.07,16720.93,35.13,UPI,Completed
ORD-10938,2026-07-11 07:50:49,CUST-1168,Wireless Ergonomic Mouse,Accessories,Karnataka,Bengaluru,Online Store,Returning,6,2500.0,0.05,750.0,14250.0,5985.34,8264.66,58.0,Debit Card,Completed
ORD-10939,2026-07-11 18:27:52,CUST-1115,Standing Desk,Furniture,Maharashtra,Mumbai,Online Store,Returning,3,32000.0,0.2,19200.0,76800.0,62486.11,14313.89,18.64,Credit Card,Completed
ORD-10940,2026-07-11 10:47:32,CUST-1050,Smart Fitness Watch,Accessories,Maharashtra,Pune,Distributor,Returning,5,8500.0,0.05,2125.0,40375.0,22638.1,17736.9,43.93,Credit Card,Completed
ORD-10941,2026-07-11 07:25:19,CUST-1092,Wireless Ergonomic Mouse,Accessories,Karnataka,Mysuru,Direct Sales,Returning,4,2500.0,0.2,2000.0,8000.0,3910.19,4089.81,51.12,Credit Card,Completed
ORD-10942,2026-07-11 17:09:51,CUST-1121,Ultra Smartphone,Electronics,Gujarat,Vadodara,Online Store,Returning,1,55000.0,0.25,13750.0,41250.0,34024.83,7225.17,17.52,Net Banking,Completed
ORD-10943,2026-07-11 09:03:51,CUST-1137,Standing Desk,Furniture,Maharashtra,Mumbai,Online Store,New,3,32000.0,0.0,0.0,96000.0,63003.92,32996.08,34.37,Debit Card,Completed
ORD-10944,2026-07-11 15:44:51,CUST-1313,Ergonomic Office Chair,Furniture,Maharashtra,Mumbai,Online Store,Returning,1,18000.0,0.05,900.0,17100.0,10084.47,7015.53,41.03,Credit Card,Completed
ORD-10945,2026-07-11 19:49:20,CUST-1103,"4K Monitor 27""",Electronics,Delhi NCR,Noida,Distributor,Returning,2,28000.0,0.15,8400.0,47600.0,35627.15,11972.85,25.15,Credit Card,Completed
ORD-10946,2026-07-11 16:53:58,CUST-1323,USB-C Multiport Dock,Accessories,Gujarat,Ahmedabad,Retail Outlet,New,6,4500.0,0.25,6750.0,20250.0,12585.93,7664.07,37.85,UPI,Completed
ORD-10947,2026-07-11 12:13:14,CUST-1059,Ergonomic Office Chair,Furniture,Karnataka,Bengaluru,Direct Sales,New,4,18000.0,0.15,10800.0,61200.0,43317.2,17882.8,29.22,Debit Card,Completed
ORD-10948,2026-07-11 19:28:59,CUST-1143,Wireless Noise-Canceling Headphones,Electronics,Karnataka,Bengaluru,Distributor,New,2,12000.0,0.05,1200.0,22800.0,11749.17,11050.83,48.47,Net Banking,Completed
ORD-10949,2026-07-11 19:51:07,CUST-1179,Laptop Pro,Electronics,Karnataka,Bengaluru,Retail Outlet,Returning,3,75000.0,0.0,0.0,225000.0,149714.62,75285.38,33.46,UPI,Completed
ORD-10950,2026-07-11 09:47:26,CUST-1215,Ergonomic Office Chair,Furniture,Gujarat,Vadodara,Online Store,New,1,18000.0,0.15,2700.0,15300.0,10409.29,4890.71,31.97,Debit Card,Completed
ORD-10951,2026-07-11 20:28:41,CUST-1161,Smart Fitness Watch,Accessories,Gujarat,Surat,Distributor,Returning,1,8500.0,0.1,850.0,7650.0,4372.17,3277.83,42.85,Net Banking,Completed
ORD-10952,2026-07-11 19:08:25,CUST-1189,Wireless Noise-Canceling Headphones,Electronics,Maharashtra,Mumbai,Direct Sales,New,3,12000.0,0.1,3600.0,32400.0,17682.65,14717.35,45.42,Debit Card,Completed
ORD-10953,2026-07-11 14:36:10,CUST-1340,Ultra Smartphone,Electronics,Maharashtra,Nagpur,Distributor,Returning,4,55000.0,0.05,11000.0,209000.0,134127.5,74872.5,35.82,Credit Card,Completed
ORD-10954,2026-07-11 10:03:19,CUST-1239,Mechanical Gaming Keyboard,Electronics,Delhi NCR,New Delhi,Distributor,New,4,6500.0,0.1,2600.0,23400.0,13940.6,9459.4,40.42,UPI,Completed
ORD-10955,2026-07-11 16:33:41,CUST-1161,Ultra Smartphone,Electronics,Tamil Nadu,Coimbatore,Online Store,New,2,55000.0,0.0,0.0,110000.0,64303.2,45696.8,41.54,UPI,Completed
ORD-10956,2026-07-11 18:37:41,CUST-1006,Laptop Pro,Electronics,Karnataka,Mysuru,Retail Outlet,New,2,75000.0,0.25,37500.0,112500.0,98089.31,14410.69,12.81,Credit Card,Completed
ORD-10957,2026-07-11 11:51:38,CUST-1107,USB-C Multiport Dock,Accessories,Maharashtra,Mumbai,Direct Sales,Returning,5,4500.0,0.05,1125.0,21375.0,10232.75,11142.25,52.13,Credit Card,Completed
ORD-10958,2026-07-11 19:47:52,CUST-1011,Smart Fitness Watch,Accessories,Maharashtra,Nagpur,Retail Outlet,Returning,8,8500.0,0.05,3400.0,64600.0,35775.11,28824.89,44.62,Net Banking,Completed
ORD-10959,2026-07-11 13:51:42,CUST-1082,"4K Monitor 27""",Electronics,Maharashtra,Mumbai,Direct Sales,New,2,28000.0,0.2,11200.0,44800.0,34581.42,10218.58,22.81,Credit Card,Completed
ORD-10960,2026-07-11 14:14:40,CUST-1040,Laptop Pro,Electronics,Maharashtra,Nagpur,Direct Sales,Returning,2,75000.0,0.25,37500.0,112500.0,99466.99,13033.01,11.58,UPI,Completed
ORD-10961,2026-07-11 09:29:43,CUST-1065,Smart Fitness Watch,Accessories,Gujarat,Surat,Retail Outlet,New,1,8500.0,0.2,1700.0,6800.0,4354.95,2445.05,35.96,Debit Card,Completed
ORD-10962,2026-07-11 08:50:00,CUST-1104,Ultra Smartphone,Electronics,Delhi NCR,Noida,Retail Outlet,Returning,3,55000.0,0.05,8250.0,156750.0,98076.74,58673.26,37.43,Net Banking,Completed
ORD-10963,2026-07-11 13:49:42,CUST-1207,Wireless Ergonomic Mouse,Accessories,Maharashtra,Nagpur,Direct Sales,Returning,5,2500.0,0.05,625.0,11875.0,5096.18,6778.82,57.08,Credit Card,Completed
ORD-10964,2026-07-11 11:04:13,CUST-1112,Ergonomic Office Chair,Furniture,Gujarat,Ahmedabad,Online Store,New,1,18000.0,0.1,1800.0,16200.0,10383.07,5816.93,35.91,Net Banking,Completed
ORD-10965,2026-07-11 20:54:39,CUST-1080,Laptop Pro,Electronics,Gujarat,Surat,Distributor,Returning,2,75000.0,0.2,30000.0,120000.0,99872.37,20127.63,16.77,Credit Card,Completed
ORD-10966,2026-07-11 13:15:44,CUST-1260,Wireless Noise-Canceling Headphones,Electronics,Maharashtra,Pune,Retail Outlet,Returning,1,12000.0,0.05,600.0,11400.0,6080.55,5319.45,46.66,Debit Card,Completed
ORD-10967,2026-07-11 13:14:34,CUST-1247,"4K Monitor 27""",Electronics,Maharashtra,Nagpur,Distributor,Returning,4,28000.0,0.05,5600.0,106400.0,69865.78,36534.22,34.34,Credit Card,Completed
ORD-10968,2026-07-11 21:13:57,CUST-1286,Smart Fitness Watch,Accessories,Tamil Nadu,Coimbatore,Direct Sales,New,7,8500.0,0.1,5950.0,53550.0,31751.13,21798.87,40.71,UPI,Completed
ORD-10969,2026-07-11 08:32:03,CUST-1088,"4K Monitor 27""",Electronics,Gujarat,Surat,Direct Sales,New,1,28000.0,0.15,4200.0,23800.0,17304.81,6495.19,27.29,Net Banking,Completed
ORD-10970,2026-07-11 09:22:54,CUST-1319,Mechanical Gaming Keyboard,Electronics,Karnataka,Bengaluru,Retail Outlet,Returning,4,6500.0,0.1,2600.0,23400.0,14851.83,8548.17,36.53,Credit Card,Completed
ORD-10971,2026-07-11 20:04:18,CUST-1020,Ergonomic Office Chair,Furniture,Karnataka,Mysuru,Direct Sales,Returning,1,18000.0,0.1,1800.0,16200.0,10491.84,5708.16,35.24,Net Banking,Completed
ORD-10972,2026-07-11 15:35:59,CUST-1228,Smart Fitness Watch,Accessories,Karnataka,Bengaluru,Distributor,New,1,8500.0,0.1,850.0,7650.0,4265.42,3384.58,44.24,Credit Card,Completed
ORD-10973,2026-07-11 17:04:10,CUST-1066,USB-C Multiport Dock,Accessories,Gujarat,Ahmedabad,Direct Sales,New,7,4500.0,0.2,6300.0,25200.0,13694.95,11505.05,45.65,Credit Card,Completed
ORD-10974,2026-07-11 21:03:58,CUST-1312,Smart Fitness Watch,Accessories,Karnataka,Mysuru,Distributor,Returning,4,8500.0,0.05,1700.0,32300.0,17705.53,14594.47,45.18,Net Banking,Completed
ORD-10975,2026-07-11 08:04:01,CUST-1006,Laptop Pro,Electronics,Karnataka,Mysuru,Direct Sales,Returning,1,75000.0,0.25,18750.0,56250.0,47297.58,8952.42,15.92,Net Banking,Completed
ORD-10976,2026-07-11 15:10:35,CUST-1304,Laptop Pro,Electronics,Gujarat,Vadodara,Direct Sales,New,1,75000.0,0.0,0.0,75000.0,47690.9,27309.1,36.41,Debit Card,Completed
ORD-10977,2026-07-11 09:35:25,CUST-1233,Wireless Noise-Canceling Headphones,Electronics,Karnataka,Bengaluru,Retail Outlet,Returning,3,12000.0,0.15,5400.0,30600.0,18629.02,11970.98,39.12,Net Banking,Completed
ORD-10978,2026-07-11 21:01:25,CUST-1178,Laptop Pro,Electronics,Gujarat,Ahmedabad,Direct Sales,Returning,4,75000.0,0.15,45000.0,255000.0,201301.51,53698.49,21.06,Credit Card,Completed
ORD-10979,2026-07-11 07:57:09,CUST-1115,Wireless Noise-Canceling Headphones,Electronics,Maharashtra,Pune,Distributor,Returning,2,12000.0,0.05,1200.0,22800.0,11718.05,11081.95,48.61,Debit Card,Cancelled
ORD-10980,2026-07-11 15:45:48,CUST-1219,"4K Monitor 27""",Electronics,Gujarat,Ahmedabad,Distributor,Returning,2,28000.0,0.1,5600.0,50400.0,33929.49,16470.51,32.68,Credit Card,Completed
ORD-10981,2026-07-11 11:45:50,CUST-1147,Mechanical Gaming Keyboard,Electronics,Maharashtra,Pune,Distributor,New,2,6500.0,0.0,0.0,13000.0,7250.06,5749.94,44.23,Net Banking,Completed
ORD-10982,2026-07-11 10:22:02,CUST-1166,USB-C Multiport Dock,Accessories,Karnataka,Mysuru,Direct Sales,Returning,1,4500.0,0.15,675.0,3825.0,2042.81,1782.19,46.59,Debit Card,Completed
ORD-10983,2026-07-11 17:38:41,CUST-1263,Wireless Ergonomic Mouse,Accessories,Karnataka,Bengaluru,Online Store,Returning,4,2500.0,0.2,2000.0,8000.0,4151.78,3848.22,48.1,Net Banking,Completed
ORD-10984,2026-07-11 18:51:51,CUST-1012,Mechanical Gaming Keyboard,Electronics,Gujarat,Surat,Distributor,New,1,6500.0,0.0,0.0,6500.0,3529.74,2970.26,45.7,Debit Card,Completed
ORD-10985,2026-07-11 09:50:14,CUST-1013,Wireless Noise-Canceling Headphones,Electronics,Tamil Nadu,Chennai,Retail Outlet,Returning,1,12000.0,0.2,2400.0,9600.0,5927.12,3672.88,38.26,Net Banking,Completed
ORD-10986,2026-07-12 11:38:58,CUST-1006,"4K Monitor 27""",Electronics,Maharashtra,Pune,Direct Sales,New,4,28000.0,0.1,11200.0,100800.0,71541.09,29258.91,29.03,UPI,Completed
ORD-10987,2026-07-12 16:40:39,CUST-1247,Ergonomic Office Chair,Furniture,Karnataka,Bengaluru,Distributor,Returning,4,18000.0,0.2,14400.0,57600.0,43392.86,14207.14,24.67,Debit Card,Completed
ORD-10988,2026-07-12 18:24:07,CUST-1019,USB-C Multiport Dock,Accessories,Tamil Nadu,Coimbatore,Direct Sales,New,4,4500.0,0.15,2700.0,15300.0,8271.68,7028.32,45.94,Net Banking,Completed
ORD-10989,2026-07-12 20:49:38,CUST-1255,Wireless Ergonomic Mouse,Accessories,Karnataka,Mysuru,Retail Outlet,New,7,2500.0,0.1,1750.0,15750.0,6855.62,8894.38,56.47,UPI,Completed
ORD-10990,2026-07-12 19:44:18,CUST-1283,Smart Fitness Watch,Accessories,Gujarat,Vadodara,Retail Outlet,Returning,4,8500.0,0.25,8500.0,25500.0,17386.01,8113.99,31.82,UPI,Completed
ORD-10991,2026-07-12 11:14:48,CUST-1184,Smart Fitness Watch,Accessories,Karnataka,Mysuru,Distributor,Returning,7,8500.0,0.15,8925.0,50575.0,30353.47,20221.53,39.98,Credit Card,Cancelled
ORD-10992,2026-07-12 13:14:48,CUST-1312,USB-C Multiport Dock,Accessories,Karnataka,Bengaluru,Distributor,Returning,4,4500.0,0.25,4500.0,13500.0,7816.11,5683.89,42.1,Debit Card,Completed
ORD-10993,2026-07-12 20:47:19,CUST-1179,Smart Fitness Watch,Accessories,Maharashtra,Pune,Retail Outlet,Returning,1,8500.0,0.2,1700.0,6800.0,4472.37,2327.63,34.23,Debit Card,Completed
ORD-10994,2026-07-12 11:56:53,CUST-1066,Laptop Pro,Electronics,Tamil Nadu,Chennai,Online Store,Returning,3,75000.0,0.05,11250.0,213750.0,148239.39,65510.61,30.65,UPI,Completed
ORD-10995,2026-07-12 17:34:53,CUST-1212,Smart Fitness Watch,Accessories,Gujarat,Ahmedabad,Retail Outlet,New,5,8500.0,0.2,8500.0,34000.0,22332.41,11667.59,34.32,Net Banking,Completed
ORD-10996,2026-07-12 20:35:17,CUST-1226,Ergonomic Office Chair,Furniture,Tamil Nadu,Chennai,Retail Outlet,Returning,1,18000.0,0.2,3600.0,14400.0,10287.18,4112.82,28.56,Credit Card,Completed
ORD-10997,2026-07-12 15:31:11,CUST-1143,Wireless Ergonomic Mouse,Accessories,Gujarat,Vadodara,Retail Outlet,Returning,6,2500.0,0.1,1500.0,13500.0,6010.54,7489.46,55.48,UPI,Completed
ORD-10998,2026-07-12 19:29:41,CUST-1078,Laptop Pro,Electronics,Tamil Nadu,Coimbatore,Distributor,Returning,1,75000.0,0.0,0.0,75000.0,49081.9,25918.1,34.56,Debit Card,Completed
ORD-10999,2026-07-12 12:38:04,CUST-1188,Mechanical Gaming Keyboard,Electronics,Karnataka,Bengaluru,Online Store,New,1,6500.0,0.2,1300.0,5200.0,3706.88,1493.12,28.71,Net Banking,Completed
ORD-11000,2026-07-12 12:17:24,CUST-1111,"4K Monitor 27""",Electronics,Maharashtra,Nagpur,Online Store,Returning,2,28000.0,0.25,14000.0,42000.0,33948.29,8051.71,19.17,UPI,Completed
ORD-11001,2026-07-12 18:07:39,CUST-1132,"4K Monitor 27""",Electronics,Maharashtra,Pune,Distributor,Returning,2,28000.0,0.05,2800.0,53200.0,35212.67,17987.33,33.81,Net Banking,Completed
ORD-11002,2026-07-12 14:26:06,CUST-1052,Wireless Ergonomic Mouse,Accessories,Maharashtra,Pune,Distributor,Returning,7,2500.0,0.2,3500.0,14000.0,7029.38,6970.62,49.79,Net Banking,Completed
ORD-11003,2026-07-12 16:41:53,CUST-1318,Smart Fitness Watch,Accessories,Gujarat,Surat,Online Store,New,3,8500.0,0.15,3825.0,21675.0,13193.32,8481.68,39.13,Net Banking,Completed
ORD-11004,2026-07-12 19:13:03,CUST-1053,"4K Monitor 27""",Electronics,Maharashtra,Mumbai,Direct Sales,Returning,4,28000.0,0.0,0.0,112000.0,67753.61,44246.39,39.51,Debit Card,Completed
ORD-11005,2026-07-12 10:02:44,CUST-1170,Ergonomic Office Chair,Furniture,Tamil Nadu,Chennai,Retail Outlet,Returning,1,18000.0,0.05,900.0,17100.0,10065.89,7034.11,41.14,Net Banking,Completed
ORD-11006,2026-07-12 18:56:18,CUST-1081,Standing Desk,Furniture,Karnataka,Mysuru,Direct Sales,Returning,4,32000.0,0.2,25600.0,102400.0,81461.27,20938.73,20.45,Debit Card,Cancelled
ORD-11007,2026-07-12 13:15:14,CUST-1156,"4K Monitor 27""",Electronics,Delhi NCR,Noida,Distributor,New,3,28000.0,0.2,16800.0,67200.0,53506.75,13693.25,20.38,Debit Card,Completed
ORD-11008,2026-07-12 15:32:21,CUST-1312,Smart Fitness Watch,Accessories,Maharashtra,Pune,Retail Outlet,New,1,8500.0,0.2,1700.0,6800.0,4398.46,2401.54,35.32,Net Banking,Completed
ORD-11009,2026-07-12 20:58:30,CUST-1006,Ergonomic Office Chair,Furniture,Delhi NCR,New Delhi,Online Store,Returning,2,18000.0,0.1,3600.0,32400.0,20516.35,11883.65,36.68,Net Banking,Completed
ORD-11010,2026-07-12 20:14:26,CUST-1335,"4K Monitor 27""",Electronics,Gujarat,Surat,Retail Outlet,Returning,2,28000.0,0.2,11200.0,44800.0,34324.34,10475.66,23.38,UPI,Completed
ORD-11011,2026-07-12 15:38:13,CUST-1182,"4K Monitor 27""",Electronics,Maharashtra,Nagpur,Online Store,New,1,28000.0,0.0,0.0,28000.0,17046.32,10953.68,39.12,Debit Card,Completed
ORD-11012,2026-07-12 14:26:17,CUST-1331,Mechanical Gaming Keyboard,Electronics,Gujarat,Vadodara,Retail Outlet,New,3,6500.0,0.05,975.0,18525.0,10467.66,8057.34,43.49,Credit Card,Completed
ORD-11013,2026-07-12 20:15:22,CUST-1003,Ergonomic Office Chair,Furniture,Maharashtra,Pune,Direct Sales,Returning,3,18000.0,0.2,10800.0,43200.0,30195.12,13004.88,30.1,UPI,Completed
ORD-11014,2026-07-12 11:44:31,CUST-1255,Standing Desk,Furniture,Maharashtra,Mumbai,Online Store,Returning,1,32000.0,0.2,6400.0,25600.0,20258.83,5341.17,20.86,Debit Card,Completed
ORD-11015,2026-07-12 19:00:47,CUST-1106,Ergonomic Office Chair,Furniture,Gujarat,Vadodara,Retail Outlet,Returning,2,18000.0,0.2,7200.0,28800.0,20990.58,7809.42,27.12,Credit Card,Completed
ORD-11016,2026-07-12 10:37:46,CUST-1271,Wireless Ergonomic Mouse,Accessories,Tamil Nadu,Coimbatore,Distributor,Returning,4,2500.0,0.05,500.0,9500.0,3911.02,5588.98,58.83,Credit Card,Completed
ORD-11017,2026-07-12 16:54:32,CUST-1026,Ergonomic Office Chair,Furniture,Gujarat,Surat,Direct Sales,New,3,18000.0,0.1,5400.0,48600.0,32224.7,16375.3,33.69,UPI,Completed
ORD-11018,2026-07-12 16:14:33,CUST-1311,Ergonomic Office Chair,Furniture,Maharashtra,Nagpur,Distributor,New,1,18000.0,0.25,4500.0,13500.0,10293.03,3206.97,23.76,Credit Card,Completed
ORD-11019,2026-07-12 18:16:11,CUST-1270,Standing Desk,Furniture,Tamil Nadu,Coimbatore,Distributor,Returning,4,32000.0,0.15,19200.0,108800.0,80540.22,28259.78,25.97,Net Banking,Completed
ORD-11020,2026-07-12 07:33:46,CUST-1064,Laptop Pro,Electronics,Maharashtra,Nagpur,Online Store,Returning,4,75000.0,0.1,30000.0,270000.0,198955.68,71044.32,26.31,Net Banking,Completed
ORD-11021,2026-07-12 12:47:48,CUST-1174,Standing Desk,Furniture,Tamil Nadu,Chennai,Distributor,Returning,2,32000.0,0.25,16000.0,48000.0,41748.09,6251.91,13.02,Credit Card,Completed
ORD-11022,2026-07-12 19:01:34,CUST-1341,Mechanical Gaming Keyboard,Electronics,Gujarat,Vadodara,Retail Outlet,Returning,2,6500.0,0.15,1950.0,11050.0,7132.82,3917.18,35.45,Credit Card,Completed
ORD-11023,2026-07-12 09:07:01,CUST-1296,Standing Desk,Furniture,Karnataka,Mysuru,Online Store,New,4,32000.0,0.15,19200.0,108800.0,81168.87,27631.13,25.4,Net Banking,Completed
ORD-11024,2026-07-13 10:54:58,CUST-1292,Standing Desk,Furniture,Maharashtra,Mumbai,Online Store,New,4,32000.0,0.05,6400.0,121600.0,85152.91,36447.09,29.97,UPI,Completed
ORD-11025,2026-07-13 10:07:43,CUST-1006,Wireless Ergonomic Mouse,Accessories,Maharashtra,Mumbai,Online Store,Returning,6,2500.0,0.0,0.0,15000.0,5917.43,9082.57,60.55,Credit Card,Completed
ORD-11026,2026-07-13 19:28:51,CUST-1026,Laptop Pro,Electronics,Tamil Nadu,Coimbatore,Direct Sales,New,2,75000.0,0.15,22500.0,127500.0,97064.79,30435.21,23.87,Net Banking,Completed
ORD-11027,2026-07-13 14:25:56,CUST-1327,Ergonomic Office Chair,Furniture,Gujarat,Surat,Retail Outlet,New,4,18000.0,0.15,10800.0,61200.0,41428.87,19771.13,32.31,Credit Card,Completed
ORD-11028,2026-07-13 07:49:10,CUST-1265,Ergonomic Office Chair,Furniture,Delhi NCR,New Delhi,Direct Sales,Returning,4,18000.0,0.2,14400.0,57600.0,40341.28,17258.72,29.96,Debit Card,Completed
ORD-11029,2026-07-13 15:45:49,CUST-1058,Laptop Pro,Electronics,Karnataka,Mysuru,Online Store,Returning,1,75000.0,0.2,15000.0,60000.0,49607.22,10392.78,17.32,Credit Card,Completed
ORD-11030,2026-07-13 09:00:59,CUST-1077,Ergonomic Office Chair,Furniture,Gujarat,Surat,Distributor,Returning,4,18000.0,0.05,3600.0,68400.0,40832.84,27567.16,40.3,Debit Card,Completed
ORD-11031,2026-07-13 15:01:33,CUST-1097,"4K Monitor 27""",Electronics,Maharashtra,Pune,Direct Sales,New,4,28000.0,0.2,22400.0,89600.0,70891.51,18708.49,20.88,Credit Card,Completed
ORD-11032,2026-07-13 20:14:44,CUST-1033,Wireless Noise-Canceling Headphones,Electronics,Gujarat,Ahmedabad,Direct Sales,New,2,12000.0,0.2,4800.0,19200.0,12441.42,6758.58,35.2,Credit Card,Completed
ORD-11033,2026-07-13 12:48:37,CUST-1155,USB-C Multiport Dock,Accessories,Maharashtra,Nagpur,Online Store,Returning,4,4500.0,0.0,0.0,18000.0,7985.42,10014.58,55.64,UPI,Completed
ORD-11034,2026-07-13 15:08:15,CUST-1172,USB-C Multiport Dock,Accessories,Tamil Nadu,Chennai,Online Store,Returning,3,4500.0,0.1,1350.0,12150.0,6127.33,6022.67,49.57,Debit Card,Completed
ORD-11035,2026-07-13 20:50:59,CUST-1347,Mechanical Gaming Keyboard,Electronics,Maharashtra,Mumbai,Online Store,Returning,3,6500.0,0.1,1950.0,17550.0,10324.57,7225.43,41.17,Credit Card,Completed
ORD-11036,2026-07-13 21:09:14,CUST-1217,USB-C Multiport Dock,Accessories,Maharashtra,Mumbai,Online Store,Returning,2,4500.0,0.15,1350.0,7650.0,4183.44,3466.56,45.31,Credit Card,Completed
ORD-11037,2026-07-13 17:02:05,CUST-1312,Standing Desk,Furniture,Delhi NCR,New Delhi,Distributor,New,2,32000.0,0.25,16000.0,48000.0,42376.06,5623.94,11.72,Net Banking,Completed
ORD-11038,2026-07-13 20:36:26,CUST-1208,Wireless Ergonomic Mouse,Accessories,Gujarat,Vadodara,Direct Sales,Returning,3,2500.0,0.15,1125.0,6375.0,2998.25,3376.75,52.97,Credit Card,Completed
ORD-11039,2026-07-13 20:17:54,CUST-1041,Mechanical Gaming Keyboard,Electronics,Gujarat,Ahmedabad,Distributor,New,3,6500.0,0.15,2925.0,16575.0,10464.44,6110.56,36.87,Net Banking,Completed
ORD-11040,2026-07-13 12:10:21,CUST-1006,USB-C Multiport Dock,Accessories,Tamil Nadu,Chennai,Online Store,Returning,8,4500.0,0.15,5400.0,30600.0,16128.41,14471.59,47.29,UPI,Completed
ORD-11041,2026-07-13 11:52:47,CUST-1261,"4K Monitor 27""",Electronics,Maharashtra,Pune,Online Store,Returning,3,28000.0,0.2,16800.0,67200.0,51746.8,15453.2,23.0,Net Banking,Completed
ORD-11042,2026-07-13 20:58:26,CUST-1027,Wireless Ergonomic Mouse,Accessories,Maharashtra,Pune,Online Store,Returning,5,2500.0,0.15,1875.0,10625.0,4971.53,5653.47,53.21,Debit Card,Completed
ORD-11043,2026-07-13 11:30:38,CUST-1191,Ultra Smartphone,Electronics,Delhi NCR,Gurugram,Direct Sales,Returning,3,55000.0,0.25,41250.0,123750.0,97983.93,25766.07,20.82,Debit Card,Completed
ORD-11044,2026-07-13 19:54:48,CUST-1078,Standing Desk,Furniture,Tamil Nadu,Coimbatore,Retail Outlet,New,3,32000.0,0.0,0.0,96000.0,61826.07,34173.93,35.6,Credit Card,Cancelled
ORD-11045,2026-07-13 18:54:43,CUST-1348,Ergonomic Office Chair,Furniture,Tamil Nadu,Chennai,Retail Outlet,Returning,4,18000.0,0.0,0.0,72000.0,42039.96,29960.04,41.61,UPI,Completed
ORD-11046,2026-07-13 19:32:52,CUST-1299,Standing Desk,Furniture,Karnataka,Bengaluru,Retail Outlet,Returning,1,32000.0,0.0,0.0,32000.0,20979.4,11020.6,34.44,Net Banking,Completed
ORD-11047,2026-07-13 19:41:40,CUST-1024,Wireless Noise-Canceling Headphones,Electronics,Gujarat,Ahmedabad,Online Store,Returning,1,12000.0,0.0,0.0,12000.0,5988.01,6011.99,50.1,Debit Card,Completed
ORD-11048,2026-07-13 11:33:00,CUST-1015,Wireless Noise-Canceling Headphones,Electronics,Tamil Nadu,Coimbatore,Distributor,Returning,1,12000.0,0.15,1800.0,10200.0,5779.05,4420.95,43.34,UPI,Completed
ORD-11049,2026-07-13 11:28:19,CUST-1149,Laptop Pro,Electronics,Gujarat,Vadodara,Distributor,Returning,2,75000.0,0.15,22500.0,127500.0,99399.69,28100.31,22.04,Credit Card,Completed
ORD-11050,2026-07-13 17:18:19,CUST-1268,Ultra Smartphone,Electronics,Maharashtra,Nagpur,Direct Sales,New,1,55000.0,0.1,5500.0,49500.0,32118.48,17381.52,35.11,UPI,Completed
ORD-11051,2026-07-13 15:09:21,CUST-1324,Smart Fitness Watch,Accessories,Karnataka,Mysuru,Retail Outlet,Returning,8,8500.0,0.1,6800.0,61200.0,35469.83,25730.17,42.04,Net Banking,Completed
ORD-11052,2026-07-13 17:04:05,CUST-1089,Wireless Ergonomic Mouse,Accessories,Gujarat,Surat,Distributor,New,6,2500.0,0.15,2250.0,12750.0,5985.05,6764.95,53.06,Debit Card,Completed
ORD-11053,2026-07-13 15:29:36,CUST-1346,Wireless Noise-Canceling Headphones,Electronics,Delhi NCR,New Delhi,Retail Outlet,Returning,4,12000.0,0.1,4800.0,43200.0,23188.93,20011.07,46.32,Net Banking,Completed
ORD-11054,2026-07-13 13:53:33,CUST-1050,Laptop Pro,Electronics,Gujarat,Surat,Online Store,New,2,75000.0,0.1,15000.0,135000.0,93632.63,41367.37,30.64,Net Banking,Completed
ORD-11055,2026-07-13 18:47:04,CUST-1024,"4K Monitor 27""",Electronics,Delhi NCR,Noida,Online Store,Returning,2,28000.0,0.2,11200.0,44800.0,34907.01,9892.99,22.08,Net Banking,Completed
ORD-11056,2026-07-13 10:33:37,CUST-1135,USB-C Multiport Dock,Accessories,Maharashtra,Mumbai,Direct Sales,Returning,4,4500.0,0.05,900.0,17100.0,8255.13,8844.87,51.72,Net Banking,Completed
ORD-11057,2026-07-13 08:55:23,CUST-1314,"4K Monitor 27""",Electronics,Maharashtra,Pune,Direct Sales,Returning,2,28000.0,0.15,8400.0,47600.0,35339.35,12260.65,25.76,Debit Card,Completed
ORD-11058,2026-07-13 20:57:38,CUST-1037,Wireless Noise-Canceling Headphones,Electronics,Karnataka,Mysuru,Direct Sales,Returning,2,12000.0,0.2,4800.0,19200.0,12086.67,7113.33,37.05,Net Banking,Completed
ORD-11059,2026-07-13 16:52:54,CUST-1057,Smart Fitness Watch,Accessories,Maharashtra,Nagpur,Distributor,Returning,7,8500.0,0.05,2975.0,56525.0,32093.62,24431.38,43.22,Credit Card,Completed
ORD-11060,2026-07-13 09:16:27,CUST-1183,Smart Fitness Watch,Accessories,Tamil Nadu,Coimbatore,Distributor,New,1,8500.0,0.15,1275.0,7225.0,4505.21,2719.79,37.64,Net Banking,Completed
ORD-11061,2026-07-13 12:22:25,CUST-1132,Mechanical Gaming Keyboard,Electronics,Maharashtra,Pune,Distributor,New,2,6500.0,0.25,3250.0,9750.0,7434.27,2315.73,23.75,Net Banking,Completed
ORD-11062,2026-07-13 08:16:45,CUST-1217,Smart Fitness Watch,Accessories,Gujarat,Ahmedabad,Direct Sales,New,6,8500.0,0.15,7650.0,43350.0,25690.52,17659.48,40.74,UPI,Completed
ORD-11063,2026-07-13 10:35:14,CUST-1259,USB-C Multiport Dock,Accessories,Delhi NCR,New Delhi,Online Store,New,7,4500.0,0.15,4725.0,26775.0,14224.08,12550.92,46.88,Debit Card,Completed
ORD-11064,2026-07-13 12:47:04,CUST-1030,Standing Desk,Furniture,Maharashtra,Mumbai,Retail Outlet,New,1,32000.0,0.2,6400.0,25600.0,20831.45,4768.55,18.63,Net Banking,Completed
ORD-11065,2026-07-13 13:08:26,CUST-1125,"4K Monitor 27""",Electronics,Tamil Nadu,Chennai,Online Store,New,3,28000.0,0.2,16800.0,67200.0,52712.19,14487.81,21.56,Net Banking,Completed
ORD-11066,2026-07-13 13:30:51,CUST-1008,Standing Desk,Furniture,Maharashtra,Nagpur,Retail Outlet,New,2,32000.0,0.0,0.0,64000.0,41843.39,22156.61,34.62,Debit Card,Completed
ORD-11067,2026-07-13 08:22:45,CUST-1187,Standing Desk,Furniture,Delhi NCR,Noida,Retail Outlet,Returning,3,32000.0,0.05,4800.0,91200.0,62561.57,28638.43,31.4,Debit Card,Completed
ORD-11068,2026-07-13 19:29:18,CUST-1347,Wireless Ergonomic Mouse,Accessories,Delhi NCR,New Delhi,Direct Sales,New,2,2500.0,0.1,500.0,4500.0,2076.84,2423.16,53.85,Credit Card,Completed
ORD-11069,2026-07-13 14:56:49,CUST-1246,Wireless Ergonomic Mouse,Accessories,Delhi NCR,Noida,Online Store,New,2,2500.0,0.2,1000.0,4000.0,1959.4,2040.6,51.02,Net Banking,Completed
ORD-11070,2026-07-13 15:08:40,CUST-1314,Laptop Pro,Electronics,Delhi NCR,New Delhi,Online Store,Returning,2,75000.0,0.0,0.0,150000.0,98048.06,51951.94,34.63,Debit Card,Completed
ORD-11071,2026-07-13 14:11:33,CUST-1192,Mechanical Gaming Keyboard,Electronics,Tamil Nadu,Chennai,Retail Outlet,Returning,2,6500.0,0.25,3250.0,9750.0,6986.42,2763.58,28.34,Debit Card,Completed
ORD-11072,2026-07-13 15:48:12,CUST-1289,"4K Monitor 27""",Electronics,Delhi NCR,New Delhi,Distributor,Returning,4,28000.0,0.15,16800.0,95200.0,69756.93,25443.07,26.73,Debit Card,Completed
ORD-11073,2026-07-13 15:58:37,CUST-1082,Ergonomic Office Chair,Furniture,Maharashtra,Nagpur,Online Store,Returning,2,18000.0,0.25,9000.0,27000.0,21163.62,5836.38,21.62,Net Banking,Completed
ORD-11074,2026-07-13 15:06:50,CUST-1295,Standing Desk,Furniture,Maharashtra,Nagpur,Retail Outlet,Returning,1,32000.0,0.05,1600.0,30400.0,19915.77,10484.23,34.49,UPI,Completed
ORD-11075,2026-07-13 12:40:52,CUST-1188,Wireless Noise-Canceling Headphones,Electronics,Maharashtra,Mumbai,Distributor,New,1,12000.0,0.25,3000.0,9000.0,5950.99,3049.01,33.88,Debit Card,Completed
ORD-11076,2026-07-13 15:27:05,CUST-1247,Smart Fitness Watch,Accessories,Karnataka,Mysuru,Distributor,Returning,7,8500.0,0.0,0.0,59500.0,30093.44,29406.56,49.42,UPI,Completed
ORD-11077,2026-07-13 08:28:35,CUST-1068,Ultra Smartphone,Electronics,Delhi NCR,New Delhi,Retail Outlet,Returning,2,55000.0,0.05,5500.0,104500.0,63582.95,40917.05,39.16,Net Banking,Completed
ORD-11078,2026-07-13 20:31:10,CUST-1114,Smart Fitness Watch,Accessories,Delhi NCR,New Delhi,Distributor,Returning,2,8500.0,0.1,1700.0,15300.0,8544.7,6755.3,44.15,Debit Card,Completed
ORD-11079,2026-07-13 13:05:51,CUST-1247,"4K Monitor 27""",Electronics,Maharashtra,Mumbai,Retail Outlet,Returning,1,28000.0,0.0,0.0,28000.0,17755.01,10244.99,36.59,Debit Card,Completed
ORD-11080,2026-07-13 20:34:52,CUST-1175,Mechanical Gaming Keyboard,Electronics,Delhi NCR,Noida,Direct Sales,Returning,2,6500.0,0.05,650.0,12350.0,7327.58,5022.42,40.67,Net Banking,Completed
ORD-11081,2026-07-13 20:37:52,CUST-1249,Laptop Pro,Electronics,Maharashtra,Nagpur,Retail Outlet,New,3,75000.0,0.1,22500.0,202500.0,142328.18,60171.82,29.71,UPI,Completed
ORD-11082,2026-07-14 13:35:45,CUST-1234,Ergonomic Office Chair,Furniture,Tamil Nadu,Chennai,Retail Outlet,Returning,4,18000.0,0.25,18000.0,54000.0,42715.77,11284.23,20.9,Credit Card,Completed
ORD-11083,2026-07-14 12:32:06,CUST-1279,Wireless Ergonomic Mouse,Accessories,Karnataka,Bengaluru,Distributor,Returning,7,2500.0,0.15,2625.0,14875.0,7215.08,7659.92,51.5,Credit Card,Completed
ORD-11084,2026-07-14 15:31:05,CUST-1246,Smart Fitness Watch,Accessories,Karnataka,Bengaluru,Distributor,New,4,8500.0,0.0,0.0,34000.0,17122.93,16877.07,49.64,Debit Card,Completed
ORD-11085,2026-07-14 10:30:54,CUST-1232,Smart Fitness Watch,Accessories,Delhi NCR,Gurugram,Retail Outlet,Returning,1,8500.0,0.2,1700.0,6800.0,4514.36,2285.64,33.61,UPI,Completed
ORD-11086,2026-07-14 18:47:42,CUST-1156,USB-C Multiport Dock,Accessories,Tamil Nadu,Chennai,Retail Outlet,New,8,4500.0,0.25,9000.0,27000.0,16703.01,10296.99,38.14,Debit Card,Completed
ORD-11087,2026-07-14 08:35:05,CUST-1274,Laptop Pro,Electronics,Tamil Nadu,Coimbatore,Distributor,Returning,2,75000.0,0.25,37500.0,112500.0,98450.48,14049.52,12.49,UPI,Completed
ORD-11088,2026-07-14 11:18:40,CUST-1323,USB-C Multiport Dock,Accessories,Maharashtra,Pune,Distributor,New,4,4500.0,0.0,0.0,18000.0,8254.15,9745.85,54.14,Net Banking,Completed
ORD-11089,2026-07-14 19:38:22,CUST-1135,Standing Desk,Furniture,Karnataka,Bengaluru,Retail Outlet,New,1,32000.0,0.0,0.0,32000.0,20100.21,11899.79,37.19,Debit Card,Completed
ORD-11090,2026-07-14 17:23:30,CUST-1150,Mechanical Gaming Keyboard,Electronics,Karnataka,Bengaluru,Distributor,Returning,4,6500.0,0.25,6500.0,19500.0,14072.13,5427.87,27.84,UPI,Completed
ORD-11091,2026-07-14 10:11:43,CUST-1267,USB-C Multiport Dock,Accessories,Delhi NCR,Gurugram,Direct Sales,Returning,5,4500.0,0.1,2250.0,20250.0,10207.66,10042.34,49.59,Credit Card,Completed
ORD-11092,2026-07-14 07:51:10,CUST-1010,Smart Fitness Watch,Accessories,Gujarat,Vadodara,Distributor,New,1,8500.0,0.2,1700.0,6800.0,4508.93,2291.07,33.69,Debit Card,Completed
ORD-11093,2026-07-14 11:39:40,CUST-1058,Ergonomic Office Chair,Furniture,Maharashtra,Mumbai,Online Store,New,2,18000.0,0.15,5400.0,30600.0,20769.61,9830.39,32.13,Net Banking,Completed
ORD-11094,2026-07-14 11:21:02,CUST-1156,Laptop Pro,Electronics,Karnataka,Bengaluru,Distributor,Returning,1,75000.0,0.05,3750.0,71250.0,49734.76,21515.24,30.2,Debit Card,Completed
ORD-11095,2026-07-14 14:20:07,CUST-1134,Smart Fitness Watch,Accessories,Karnataka,Bengaluru,Retail Outlet,Returning,3,8500.0,0.1,2550.0,22950.0,12768.06,10181.94,44.37,Net Banking,Completed
ORD-11096,2026-07-14 13:23:41,CUST-1172,Ultra Smartphone,Electronics,Gujarat,Vadodara,Direct Sales,Returning,1,55000.0,0.2,11000.0,44000.0,32271.72,11728.28,26.66,Debit Card,Completed
ORD-11097,2026-07-14 08:45:12,CUST-1308,Ultra Smartphone,Electronics,Gujarat,Ahmedabad,Online Store,Returning,3,55000.0,0.1,16500.0,148500.0,95830.6,52669.4,35.47,Debit Card,Completed
ORD-11098,2026-07-14 11:43:44,CUST-1113,Wireless Ergonomic Mouse,Accessories,Karnataka,Bengaluru,Retail Outlet,Returning,7,2500.0,0.2,3500.0,14000.0,7165.04,6834.96,48.82,UPI,Completed
ORD-11099,2026-07-14 12:19:11,CUST-1332,Wireless Noise-Canceling Headphones,Electronics,Tamil Nadu,Coimbatore,Direct Sales,New,2,12000.0,0.25,6000.0,18000.0,12309.67,5690.33,31.61,Net Banking,Completed
ORD-11100,2026-07-14 11:01:30,CUST-1279,Ergonomic Office Chair,Furniture,Maharashtra,Nagpur,Online Store,Returning,4,18000.0,0.15,10800.0,61200.0,41354.83,19845.17,32.43,Net Banking,Completed
ORD-11101,2026-07-14 14:22:16,CUST-1014,Ultra Smartphone,Electronics,Gujarat,Vadodara,Retail Outlet,Returning,2,55000.0,0.0,0.0,110000.0,65522.81,44477.19,40.43,Credit Card,Cancelled
ORD-11102,2026-07-14 17:50:05,CUST-1309,Ergonomic Office Chair,Furniture,Maharashtra,Mumbai,Distributor,Returning,3,18000.0,0.25,13500.0,40500.0,31527.78,8972.22,22.15,Debit Card,Completed
ORD-11103,2026-07-14 13:33:03,CUST-1098,Laptop Pro,Electronics,Karnataka,Mysuru,Online Store,Returning,3,75000.0,0.1,22500.0,202500.0,141245.25,61254.75,30.25,Credit Card,Completed
ORD-11104,2026-07-14 17:41:00,CUST-1029,Smart Fitness Watch,Accessories,Delhi NCR,Gurugram,Online Store,Returning,1,8500.0,0.05,425.0,8075.0,4553.26,3521.74,43.61,Credit Card,Completed
ORD-11105,2026-07-14 20:51:02,CUST-1260,Laptop Pro,Electronics,Maharashtra,Pune,Online Store,Returning,2,75000.0,0.1,15000.0,135000.0,97105.7,37894.3,28.07,Credit Card,Completed
ORD-11106,2026-07-14 08:56:16,CUST-1304,Laptop Pro,Electronics,Delhi NCR,Noida,Online Store,New,4,75000.0,0.15,45000.0,255000.0,195306.2,59693.8,23.41,UPI,Completed
ORD-11107,2026-07-14 15:43:14,CUST-1071,Mechanical Gaming Keyboard,Electronics,Delhi NCR,Noida,Online Store,Returning,4,6500.0,0.25,6500.0,19500.0,14071.66,5428.34,27.84,Credit Card,Completed
ORD-11108,2026-07-14 16:20:41,CUST-1086,Standing Desk,Furniture,Karnataka,Bengaluru,Distributor,New,2,32000.0,0.25,16000.0,48000.0,40342.16,7657.84,15.95,Debit Card,Completed
ORD-11109,2026-07-14 08:21:07,CUST-1228,Standing Desk,Furniture,Karnataka,Bengaluru,Online Store,Returning,4,32000.0,0.25,32000.0,96000.0,80375.59,15624.41,16.28,Credit Card,Completed
ORD-11110,2026-07-14 07:55:37,CUST-1097,Ultra Smartphone,Electronics,Maharashtra,Pune,Direct Sales,Returning,2,55000.0,0.0,0.0,110000.0,65710.5,44289.5,40.26,Net Banking,Completed
ORD-11111,2026-07-14 18:51:28,CUST-1063,"4K Monitor 27""",Electronics,Karnataka,Bengaluru,Direct Sales,New,4,28000.0,0.2,22400.0,89600.0,69855.05,19744.95,22.04,Credit Card,Completed
ORD-11112,2026-07-14 08:09:29,CUST-1006,Ultra Smartphone,Electronics,Tamil Nadu,Chennai,Distributor,Returning,4,55000.0,0.0,0.0,220000.0,134493.53,85506.47,38.87,Net Banking,Completed
ORD-11113,2026-07-14 19:33:28,CUST-1033,Ultra Smartphone,Electronics,Maharashtra,Pune,Online Store,Returning,2,55000.0,0.0,0.0,110000.0,66099.39,43900.61,39.91,Net Banking,Completed
ORD-11114,2026-07-14 13:58:41,CUST-1113,Wireless Noise-Canceling Headphones,Electronics,Gujarat,Ahmedabad,Distributor,Returning,1,12000.0,0.05,600.0,11400.0,6126.63,5273.37,46.26,Credit Card,Completed
ORD-11115,2026-07-14 17:11:39,CUST-1323,USB-C Multiport Dock,Accessories,Maharashtra,Mumbai,Direct Sales,Returning,8,4500.0,0.15,5400.0,30600.0,16288.76,14311.24,46.77,UPI,Completed
ORD-11116,2026-07-14 14:08:09,CUST-1183,Wireless Ergonomic Mouse,Accessories,Gujarat,Vadodara,Direct Sales,Returning,1,2500.0,0.0,0.0,2500.0,1031.99,1468.01,58.72,Credit Card,Completed
ORD-11117,2026-07-14 20:38:45,CUST-1265,USB-C Multiport Dock,Accessories,Maharashtra,Pune,Direct Sales,New,6,4500.0,0.15,4050.0,22950.0,12207.69,10742.31,46.81,Debit Card,Completed
ORD-11118,2026-07-15 08:23:58,CUST-1291,USB-C Multiport Dock,Accessories,Maharashtra,Mumbai,Direct Sales,Returning,7,4500.0,0.0,0.0,31500.0,14284.2,17215.8,54.65,Net Banking,Completed
ORD-11119,2026-07-15 16:13:53,CUST-1230,Smart Fitness Watch,Accessories,Karnataka,Bengaluru,Online Store,Returning,4,8500.0,0.2,6800.0,27200.0,17304.36,9895.64,36.38,Credit Card,Completed
ORD-11120,2026-07-15 13:46:29,CUST-1012,Wireless Ergonomic Mouse,Accessories,Gujarat,Ahmedabad,Direct Sales,Returning,5,2500.0,0.1,1250.0,11250.0,5183.54,6066.46,53.92,Net Banking,Completed
ORD-11121,2026-07-15 08:24:41,CUST-1047,USB-C Multiport Dock,Accessories,Delhi NCR,Gurugram,Online Store,Returning,8,4500.0,0.25,9000.0,27000.0,16702.4,10297.6,38.14,UPI,Completed
ORD-11122,2026-07-15 16:58:41,CUST-1299,"4K Monitor 27""",Electronics,Gujarat,Surat,Retail Outlet,Returning,3,28000.0,0.15,12600.0,71400.0,54090.83,17309.17,24.24,UPI,Completed
ORD-11123,2026-07-15 18:15:43,CUST-1265,Smart Fitness Watch,Accessories,Tamil Nadu,Chennai,Retail Outlet,New,6,8500.0,0.05,2550.0,48450.0,26104.61,22345.39,46.12,Credit Card,Completed
ORD-11124,2026-07-15 11:02:33,CUST-1252,Standing Desk,Furniture,Maharashtra,Mumbai,Retail Outlet,Returning,3,32000.0,0.0,0.0,96000.0,61746.77,34253.23,35.68,Net Banking,Completed
ORD-11125,2026-07-15 18:20:07,CUST-1322,Standing Desk,Furniture,Gujarat,Surat,Direct Sales,New,3,32000.0,0.25,24000.0,72000.0,60108.55,11891.45,16.52,Debit Card,Cancelled
ORD-11126,2026-07-15 08:42:58,CUST-1179,Laptop Pro,Electronics,Karnataka,Mysuru,Direct Sales,New,4,75000.0,0.1,30000.0,270000.0,195458.99,74541.01,27.61,Credit Card,Completed
ORD-11127,2026-07-15 18:01:01,CUST-1207,Laptop Pro,Electronics,Delhi NCR,Gurugram,Retail Outlet,Returning,3,75000.0,0.0,0.0,225000.0,143267.36,81732.64,36.33,Credit Card,Completed
ORD-11128,2026-07-15 07:58:51,CUST-1136,Smart Fitness Watch,Accessories,Maharashtra,Nagpur,Distributor,Returning,3,8500.0,0.05,1275.0,24225.0,13155.65,11069.35,45.69,Credit Card,Completed
ORD-11129,2026-07-15 13:41:42,CUST-1321,Standing Desk,Furniture,Gujarat,Surat,Retail Outlet,Returning,3,32000.0,0.0,0.0,96000.0,59112.98,36887.02,38.42,Debit Card,Completed
ORD-11130,2026-07-15 20:36:01,CUST-1275,Mechanical Gaming Keyboard,Electronics,Delhi NCR,New Delhi,Online Store,New,3,6500.0,0.2,3900.0,15600.0,10404.86,5195.14,33.3,Net Banking,Completed
ORD-11131,2026-07-15 20:30:03,CUST-1247,Smart Fitness Watch,Accessories,Delhi NCR,Gurugram,Retail Outlet,Returning,7,8500.0,0.15,8925.0,50575.0,31411.8,19163.2,37.89,Debit Card,Completed
ORD-11132,2026-07-15 19:19:52,CUST-1279,Ergonomic Office Chair,Furniture,Maharashtra,Mumbai,Retail Outlet,Returning,2,18000.0,0.15,5400.0,30600.0,20741.16,9858.84,32.22,Credit Card,Completed
ORD-11133,2026-07-15 11:04:03,CUST-1025,"4K Monitor 27""",Electronics,Karnataka,Mysuru,Distributor,Returning,4,28000.0,0.0,0.0,112000.0,67329.4,44670.6,39.88,Debit Card,Completed
ORD-11134,2026-07-15 11:36:35,CUST-1047,Laptop Pro,Electronics,Maharashtra,Pune,Retail Outlet,New,3,75000.0,0.05,11250.0,213750.0,146003.55,67746.45,31.69,UPI,Completed
ORD-11135,2026-07-15 17:27:54,CUST-1169,Wireless Ergonomic Mouse,Accessories,Gujarat,Vadodara,Direct Sales,New,8,2500.0,0.05,1000.0,19000.0,8039.78,10960.22,57.69,Net Banking,Completed
ORD-11136,2026-07-15 19:30:18,CUST-1167,Laptop Pro,Electronics,Maharashtra,Mumbai,Distributor,Returning,2,75000.0,0.2,30000.0,120000.0,98982.36,21017.64,17.51,Credit Card,Completed
ORD-11137,2026-07-15 10:12:03,CUST-1269,Mechanical Gaming Keyboard,Electronics,Karnataka,Bengaluru,Distributor,New,4,6500.0,0.15,3900.0,22100.0,13779.07,8320.93,37.65,Net Banking,Completed
ORD-11138,2026-07-15 12:03:41,CUST-1067,"4K Monitor 27""",Electronics,Maharashtra,Pune,Direct Sales,New,3,28000.0,0.25,21000.0,63000.0,52734.32,10265.68,16.29,Net Banking,Completed
ORD-11139,2026-07-15 11:25:22,CUST-1217,Wireless Ergonomic Mouse,Accessories,Karnataka,Bengaluru,Direct Sales,Returning,5,2500.0,0.2,2500.0,10000.0,4971.65,5028.35,50.28,Debit Card,Completed
ORD-11140,2026-07-15 20:27:28,CUST-1017,Laptop Pro,Electronics,Maharashtra,Nagpur,Direct Sales,Returning,4,75000.0,0.25,75000.0,225000.0,197099.28,27900.72,12.4,UPI,Completed
ORD-11141,2026-07-15 07:34:29,CUST-1074,Wireless Noise-Canceling Headphones,Electronics,Maharashtra,Mumbai,Distributor,Returning,1,12000.0,0.2,2400.0,9600.0,6191.58,3408.42,35.5,UPI,Completed
ORD-11142,2026-07-15 18:56:31,CUST-1210,Mechanical Gaming Keyboard,Electronics,Maharashtra,Pune,Distributor,New,4,6500.0,0.1,2600.0,23400.0,14200.09,9199.91,39.32,Net Banking,Completed
ORD-11143,2026-07-15 19:35:43,CUST-1017,Standing Desk,Furniture,Gujarat,Vadodara,Retail Outlet,New,1,32000.0,0.2,6400.0,25600.0,20128.61,5471.39,21.37,Net Banking,Completed
ORD-11144,2026-07-15 19:08:14,CUST-1245,Laptop Pro,Electronics,Delhi NCR,New Delhi,Retail Outlet,Returning,4,75000.0,0.1,30000.0,270000.0,197263.85,72736.15,26.94,Net Banking,Completed
ORD-11145,2026-07-15 19:51:49,CUST-1178,Ultra Smartphone,Electronics,Gujarat,Ahmedabad,Retail Outlet,New,2,55000.0,0.05,5500.0,104500.0,67148.09,37351.91,35.74,Credit Card,Completed
ORD-11146,2026-07-15 08:14:09,CUST-1184,Standing Desk,Furniture,Karnataka,Mysuru,Online Store,Returning,3,32000.0,0.25,24000.0,72000.0,61628.3,10371.7,14.41,UPI,Completed
ORD-11147,2026-07-15 10:43:25,CUST-1252,Smart Fitness Watch,Accessories,Maharashtra,Pune,Online Store,Returning,4,8500.0,0.2,6800.0,27200.0,17635.51,9564.49,35.16,Credit Card,Completed
ORD-11148,2026-07-15 08:31:41,CUST-1084,Ultra Smartphone,Electronics,Karnataka,Bengaluru,Direct Sales,Returning,1,55000.0,0.1,5500.0,49500.0,32594.59,16905.41,34.15,Debit Card,Completed
ORD-11149,2026-07-15 14:33:24,CUST-1185,Ultra Smartphone,Electronics,Gujarat,Vadodara,Retail Outlet,Returning,4,55000.0,0.0,0.0,220000.0,136078.38,83921.62,38.15,UPI,Completed
ORD-11150,2026-07-15 13:26:27,CUST-1011,Ultra Smartphone,Electronics,Karnataka,Bengaluru,Direct Sales,New,2,55000.0,0.05,5500.0,104500.0,67577.79,36922.21,35.33,Credit Card,Completed
ORD-11151,2026-07-15 16:26:34,CUST-1206,Standing Desk,Furniture,Karnataka,Mysuru,Direct Sales,Returning,1,32000.0,0.05,1600.0,30400.0,20366.82,10033.18,33.0,UPI,Completed
ORD-11152,2026-07-15 07:18:59,CUST-1325,Mechanical Gaming Keyboard,Electronics,Karnataka,Bengaluru,Retail Outlet,New,1,6500.0,0.2,1300.0,5200.0,3507.37,1692.63,32.55,Net Banking,Completed
ORD-11153,2026-07-15 16:12:34,CUST-1279,Ergonomic Office Chair,Furniture,Karnataka,Bengaluru,Distributor,New,4,18000.0,0.1,7200.0,64800.0,41094.45,23705.55,36.58,Net Banking,Completed
ORD-11154,2026-07-15 12:44:56,CUST-1099,Wireless Noise-Canceling Headphones,Electronics,Karnataka,Mysuru,Retail Outlet,Returning,1,12000.0,0.15,1800.0,10200.0,5970.15,4229.85,41.47,Debit Card,Completed
ORD-11155,2026-07-15 07:15:19,CUST-1310,"4K Monitor 27""",Electronics,Maharashtra,Mumbai,Retail Outlet,Returning,3,28000.0,0.15,12600.0,71400.0,53595.97,17804.03,24.94,UPI,Completed
ORD-11156,2026-07-15 10:07:47,CUST-1021,Smart Fitness Watch,Accessories,Karnataka,Mysuru,Direct Sales,New,2,8500.0,0.05,850.0,16150.0,9099.76,7050.24,43.65,Credit Card,Completed
ORD-11157,2026-07-15 18:19:43,CUST-1318,Ergonomic Office Chair,Furniture,Gujarat,Surat,Retail Outlet,New,3,18000.0,0.15,8100.0,45900.0,32376.15,13523.85,29.46,Debit Card,Completed
ORD-11158,2026-07-15 09:45:08,CUST-1112,Mechanical Gaming Keyboard,Electronics,Maharashtra,Mumbai,Retail Outlet,Returning,1,6500.0,0.0,0.0,6500.0,3597.45,2902.55,44.65,Debit Card,Completed
ORD-11159,2026-07-15 12:23:35,CUST-1227,Ultra Smartphone,Electronics,Tamil Nadu,Coimbatore,Direct Sales,New,2,55000.0,0.05,5500.0,104500.0,66642.88,37857.12,36.23,Debit Card,Completed
ORD-11160,2026-07-16 14:21:33,CUST-1041,"4K Monitor 27""",Electronics,Gujarat,Ahmedabad,Online Store,Returning,1,28000.0,0.05,1400.0,26600.0,17621.58,8978.42,33.75,Debit Card,Completed
ORD-11161,2026-07-16 16:31:49,CUST-1325,Wireless Ergonomic Mouse,Accessories,Gujarat,Ahmedabad,Online Store,New,2,2500.0,0.25,1250.0,3750.0,1941.5,1808.5,48.23,UPI,Completed
ORD-11162,2026-07-16 18:17:14,CUST-1204,Ergonomic Office Chair,Furniture,Maharashtra,Mumbai,Online Store,Returning,4,18000.0,0.25,18000.0,54000.0,42218.03,11781.97,21.82,Debit Card,Completed
ORD-11163,2026-07-16 13:59:27,CUST-1145,Ultra Smartphone,Electronics,Maharashtra,Nagpur,Distributor,Returning,3,55000.0,0.05,8250.0,156750.0,102685.21,54064.79,34.49,Credit Card,Completed
ORD-11164,2026-07-16 11:26:11,CUST-1055,Ergonomic Office Chair,Furniture,Karnataka,Mysuru,Direct Sales,Returning,1,18000.0,0.0,0.0,18000.0,10475.12,7524.88,41.8,UPI,Completed
ORD-11165,2026-07-16 16:13:57,CUST-1034,USB-C Multiport Dock,Accessories,Tamil Nadu,Coimbatore,Retail Outlet,Returning,5,4500.0,0.0,0.0,22500.0,10508.01,11991.99,53.3,Debit Card,Completed
ORD-11166,2026-07-16 10:03:38,CUST-1177,Standing Desk,Furniture,Delhi NCR,New Delhi,Retail Outlet,New,3,32000.0,0.15,14400.0,81600.0,63582.28,18017.72,22.08,Credit Card,Completed
ORD-11167,2026-07-16 16:30:12,CUST-1299,Wireless Ergonomic Mouse,Accessories,Gujarat,Ahmedabad,Retail Outlet,New,1,2500.0,0.0,0.0,2500.0,1025.85,1474.15,58.97,Debit Card,Completed
ORD-11168,2026-07-16 13:29:04,CUST-1138,Smart Fitness Watch,Accessories,Karnataka,Mysuru,Distributor,Returning,4,8500.0,0.05,1700.0,32300.0,17824.9,14475.1,44.81,UPI,Completed
ORD-11169,2026-07-16 12:04:23,CUST-1149,Wireless Ergonomic Mouse,Accessories,Karnataka,Bengaluru,Distributor,Returning,1,2500.0,0.2,500.0,2000.0,998.95,1001.05,50.05,Debit Card,Completed
ORD-11170,2026-07-16 10:24:47,CUST-1174,Smart Fitness Watch,Accessories,Maharashtra,Nagpur,Online Store,Returning,6,8500.0,0.15,7650.0,43350.0,25608.49,17741.51,40.93,Debit Card,Completed
ORD-11171,2026-07-16 12:10:02,CUST-1051,Mechanical Gaming Keyboard,Electronics,Delhi NCR,Gurugram,Direct Sales,Returning,1,6500.0,0.05,325.0,6175.0,3585.65,2589.35,41.93,UPI,Completed
ORD-11172,2026-07-16 19:50:18,CUST-1250,Standing Desk,Furniture,Maharashtra,Nagpur,Online Store,Returning,1,32000.0,0.1,3200.0,28800.0,21208.64,7591.36,26.36,Debit Card,Completed
ORD-11173,2026-07-16 18:57:43,CUST-1329,Smart Fitness Watch,Accessories,Delhi NCR,Noida,Distributor,Returning,8,8500.0,0.0,0.0,68000.0,36041.71,31958.29,47.0,UPI,Completed
ORD-11174,2026-07-16 19:52:50,CUST-1272,"4K Monitor 27""",Electronics,Maharashtra,Pune,Distributor,New,2,28000.0,0.25,14000.0,42000.0,33552.77,8447.23,20.11,Credit Card,Completed
ORD-11175,2026-07-16 17:13:56,CUST-1004,Ultra Smartphone,Electronics,Delhi NCR,Gurugram,Online Store,Returning,4,55000.0,0.2,44000.0,176000.0,129612.78,46387.22,26.36,UPI,Completed
ORD-11176,2026-07-16 13:07:29,CUST-1347,Mechanical Gaming Keyboard,Electronics,Maharashtra,Nagpur,Direct Sales,Returning,4,6500.0,0.0,0.0,26000.0,13745.04,12254.96,47.13,Credit Card,Completed
ORD-11177,2026-07-16 17:43:15,CUST-1006,Standing Desk,Furniture,Tamil Nadu,Chennai,Distributor,New,1,32000.0,0.15,4800.0,27200.0,20744.82,6455.18,23.73,Credit Card,Completed
ORD-11178,2026-07-16 14:41:24,CUST-1194,Ultra Smartphone,Electronics,Maharashtra,Mumbai,Retail Outlet,Returning,1,55000.0,0.05,2750.0,52250.0,33474.02,18775.98,35.93,UPI,Completed
ORD-11179,2026-07-16 12:14:05,CUST-1028,Ergonomic Office Chair,Furniture,Gujarat,Ahmedabad,Distributor,Returning,3,18000.0,0.2,10800.0,43200.0,30806.48,12393.52,28.69,Credit Card,Completed
ORD-11180,2026-07-16 10:06:46,CUST-1268,Wireless Ergonomic Mouse,Accessories,Maharashtra,Nagpur,Retail Outlet,New,2,2500.0,0.1,500.0,4500.0,1928.88,2571.12,57.14,Debit Card,Completed
ORD-11181,2026-07-16 08:09:31,CUST-1121,Ergonomic Office Chair,Furniture,Gujarat,Ahmedabad,Online Store,Returning,4,18000.0,0.05,3600.0,68400.0,41521.84,26878.16,39.3,UPI,Completed
ORD-11182,2026-07-16 10:29:31,CUST-1004,Smart Fitness Watch,Accessories,Gujarat,Surat,Online Store,Returning,6,8500.0,0.1,5100.0,45900.0,26374.84,19525.16,42.54,Net Banking,Completed
ORD-11183,2026-07-16 13:32:43,CUST-1021,Ultra Smartphone,Electronics,Delhi NCR,Gurugram,Online Store,Returning,1,55000.0,0.2,11000.0,44000.0,34079.35,9920.65,22.55,Debit Card,Completed
ORD-11184,2026-07-16 11:47:52,CUST-1097,Laptop Pro,Electronics,Maharashtra,Mumbai,Online Store,Returning,3,75000.0,0.0,0.0,225000.0,149224.17,75775.83,33.68,Credit Card,Completed
ORD-11185,2026-07-16 08:43:38,CUST-1067,USB-C Multiport Dock,Accessories,Karnataka,Bengaluru,Distributor,Returning,3,4500.0,0.15,2025.0,11475.0,5978.15,5496.85,47.9,Credit Card,Completed
ORD-11186,2026-07-16 10:56:46,CUST-1113,Mechanical Gaming Keyboard,Electronics,Gujarat,Ahmedabad,Online Store,Returning,3,6500.0,0.2,3900.0,15600.0,10350.14,5249.86,33.65,UPI,Completed
ORD-11187,2026-07-16 17:08:37,CUST-1141,Mechanical Gaming Keyboard,Electronics,Delhi NCR,Gurugram,Online Store,Returning,2,6500.0,0.05,650.0,12350.0,7339.22,5010.78,40.57,Debit Card,Completed
ORD-11188,2026-07-16 14:18:45,CUST-1264,Ultra Smartphone,Electronics,Maharashtra,Pune,Direct Sales,Returning,1,55000.0,0.25,13750.0,41250.0,34305.84,6944.16,16.83,Net Banking,Completed
ORD-11189,2026-07-16 17:58:11,CUST-1291,Standing Desk,Furniture,Gujarat,Surat,Distributor,Returning,2,32000.0,0.0,0.0,64000.0,40793.85,23206.15,36.26,Credit Card,Completed
ORD-11190,2026-07-16 11:12:18,CUST-1082,USB-C Multiport Dock,Accessories,Karnataka,Mysuru,Direct Sales,New,6,4500.0,0.05,1350.0,25650.0,11939.22,13710.78,53.45,Credit Card,Completed
ORD-11191,2026-07-16 10:17:50,CUST-1164,Standing Desk,Furniture,Delhi NCR,Gurugram,Direct Sales,New,2,32000.0,0.0,0.0,64000.0,40653.69,23346.31,36.48,Credit Card,Completed
ORD-11192,2026-07-16 09:56:53,CUST-1149,Standing Desk,Furniture,Maharashtra,Nagpur,Distributor,Returning,4,32000.0,0.1,12800.0,115200.0,85058.26,30141.74,26.16,Credit Card,Completed
ORD-11193,2026-07-16 12:41:42,CUST-1211,Wireless Ergonomic Mouse,Accessories,Karnataka,Mysuru,Retail Outlet,Returning,3,2500.0,0.2,1500.0,6000.0,2993.39,3006.61,50.11,Debit Card,Completed
ORD-11194,2026-07-16 17:00:50,CUST-1253,USB-C Multiport Dock,Accessories,Tamil Nadu,Coimbatore,Distributor,New,3,4500.0,0.25,3375.0,10125.0,6167.34,3957.66,39.09,Credit Card,Completed
ORD-11195,2026-07-16 14:15:11,CUST-1255,Laptop Pro,Electronics,Tamil Nadu,Chennai,Distributor,New,2,75000.0,0.15,22500.0,127500.0,100300.95,27199.05,21.33,UPI,Completed
ORD-11196,2026-07-16 10:02:54,CUST-1138,Ergonomic Office Chair,Furniture,Maharashtra,Mumbai,Online Store,Returning,3,18000.0,0.0,0.0,54000.0,32481.78,21518.22,39.85,Credit Card,Completed
ORD-11197,2026-07-16 08:01:47,CUST-1194,Mechanical Gaming Keyboard,Electronics,Maharashtra,Mumbai,Online Store,Returning,2,6500.0,0.1,1300.0,11700.0,7157.72,4542.28,38.82,UPI,Completed
ORD-11198,2026-07-16 15:14:28,CUST-1204,Wireless Ergonomic Mouse,Accessories,Karnataka,Mysuru,Retail Outlet,Returning,4,2500.0,0.0,0.0,10000.0,4026.52,5973.48,59.73,UPI,Completed
ORD-11199,2026-07-16 20:18:47,CUST-1163,Laptop Pro,Electronics,Maharashtra,Mumbai,Retail Outlet,Returning,2,75000.0,0.0,0.0,150000.0,95960.02,54039.98,36.03,UPI,Completed
ORD-11200,2026-07-17 18:08:22,CUST-1020,Laptop Pro,Electronics,Delhi NCR,New Delhi,Online Store,Returning,2,75000.0,0.2,30000.0,120000.0,96133.27,23866.73,19.89,Debit Card,Completed
ORD-11201,2026-07-17 19:21:20,CUST-1256,Standing Desk,Furniture,Karnataka,Mysuru,Online Store,New,4,32000.0,0.2,25600.0,102400.0,79690.23,22709.77,22.18,Credit Card,Completed
ORD-11202,2026-07-17 10:52:46,CUST-1326,Smart Fitness Watch,Accessories,Maharashtra,Mumbai,Direct Sales,Returning,8,8500.0,0.15,10200.0,57800.0,34827.72,22972.28,39.74,UPI,Completed
ORD-11203,2026-07-17 20:28:04,CUST-1307,Wireless Noise-Canceling Headphones,Electronics,Delhi NCR,Noida,Distributor,Returning,2,12000.0,0.1,2400.0,21600.0,11622.15,9977.85,46.19,UPI,Completed
ORD-11204,2026-07-17 19:14:53,CUST-1200,Smart Fitness Watch,Accessories,Gujarat,Surat,Distributor,New,2,8500.0,0.15,2550.0,14450.0,8967.93,5482.07,37.94,Net Banking,Completed
ORD-11205,2026-07-17 16:10:58,CUST-1207,Ergonomic Office Chair,Furniture,Gujarat,Surat,Direct Sales,Returning,3,18000.0,0.1,5400.0,48600.0,31761.92,16838.08,34.65,Debit Card,Completed
ORD-11206,2026-07-17 19:37:40,CUST-1266,Ultra Smartphone,Electronics,Maharashtra,Nagpur,Direct Sales,New,2,55000.0,0.1,11000.0,99000.0,68195.12,30804.88,31.12,Debit Card,Completed
ORD-11207,2026-07-17 11:24:01,CUST-1235,Ergonomic Office Chair,Furniture,Karnataka,Bengaluru,Online Store,New,2,18000.0,0.15,5400.0,30600.0,21499.51,9100.49,29.74,Credit Card,Completed
ORD-11208,2026-07-17 14:41:40,CUST-1129,Laptop Pro,Electronics,Delhi NCR,Noida,Retail Outlet,Returning,4,75000.0,0.15,45000.0,255000.0,196963.68,58036.32,22.76,Debit Card,Completed
ORD-11209,2026-07-17 20:53:56,CUST-1223,Mechanical Gaming Keyboard,Electronics,Delhi NCR,New Delhi,Retail Outlet,New,1,6500.0,0.05,325.0,6175.0,3530.61,2644.39,42.82,Credit Card,Completed
ORD-11210,2026-07-17 14:14:43,CUST-1237,Laptop Pro,Electronics,Delhi NCR,Gurugram,Online Store,New,4,75000.0,0.05,15000.0,285000.0,197002.91,87997.09,30.88,UPI,Completed
ORD-11211,2026-07-17 08:53:04,CUST-1161,Smart Fitness Watch,Accessories,Tamil Nadu,Chennai,Direct Sales,New,8,8500.0,0.1,6800.0,61200.0,36767.43,24432.57,39.92,Net Banking,Completed
ORD-11212,2026-07-17 07:29:56,CUST-1090,Wireless Noise-Canceling Headphones,Electronics,Maharashtra,Pune,Online Store,New,3,12000.0,0.2,7200.0,28800.0,18531.87,10268.13,35.65,Debit Card,Completed
ORD-11213,2026-07-17 11:44:16,CUST-1191,Ergonomic Office Chair,Furniture,Delhi NCR,Gurugram,Direct Sales,New,1,18000.0,0.1,1800.0,16200.0,10536.53,5663.47,34.96,Credit Card,Completed
ORD-11214,2026-07-17 19:09:21,CUST-1337,"4K Monitor 27""",Electronics,Maharashtra,Nagpur,Distributor,New,4,28000.0,0.0,0.0,112000.0,68853.72,43146.28,38.52,Credit Card,Completed
ORD-11215,2026-07-17 20:13:37,CUST-1097,USB-C Multiport Dock,Accessories,Delhi NCR,Noida,Retail Outlet,Returning,2,4500.0,0.0,0.0,9000.0,3997.75,5002.25,55.58,Credit Card,Completed
ORD-11216,2026-07-17 08:22:44,CUST-1163,Wireless Noise-Canceling Headphones,Electronics,Maharashtra,Mumbai,Online Store,New,2,12000.0,0.2,4800.0,19200.0,12227.7,6972.3,36.31,UPI,Completed
ORD-11217,2026-07-17 15:32:45,CUST-1318,USB-C Multiport Dock,Accessories,Maharashtra,Pune,Online Store,New,3,4500.0,0.0,0.0,13500.0,6315.2,7184.8,53.22,Credit Card,Completed
ORD-11218,2026-07-17 12:58:53,CUST-1124,Wireless Ergonomic Mouse,Accessories,Maharashtra,Mumbai,Online Store,Returning,7,2500.0,0.2,3500.0,14000.0,7053.72,6946.28,49.62,Debit Card,Completed
ORD-11219,2026-07-17 18:55:07,CUST-1104,Standing Desk,Furniture,Karnataka,Mysuru,Online Store,Returning,4,32000.0,0.0,0.0,128000.0,78740.24,49259.76,38.48,UPI,Cancelled
ORD-11220,2026-07-17 17:21:38,CUST-1027,Ultra Smartphone,Electronics,Karnataka,Mysuru,Distributor,New,1,55000.0,0.2,11000.0,44000.0,32282.75,11717.25,26.63,Net Banking,Completed
ORD-11221,2026-07-17 08:48:44,CUST-1341,Laptop Pro,Electronics,Maharashtra,Pune,Distributor,Returning,4,75000.0,0.15,45000.0,255000.0,198687.43,56312.57,22.08,Debit Card,Completed
ORD-11222,2026-07-17 09:38:51,CUST-1326,Wireless Noise-Canceling Headphones,Electronics,Gujarat,Surat,Direct Sales,New,3,12000.0,0.05,1800.0,34200.0,18421.59,15778.41,46.14,UPI,Completed
ORD-11223,2026-07-17 15:01:52,CUST-1102,Standing Desk,Furniture,Maharashtra,Mumbai,Distributor,Returning,4,32000.0,0.2,25600.0,102400.0,79911.44,22488.56,21.96,UPI,Completed
ORD-11224,2026-07-17 14:12:15,CUST-1195,Laptop Pro,Electronics,Karnataka,Bengaluru,Online Store,New,4,75000.0,0.0,0.0,300000.0,202240.62,97759.38,32.59,Debit Card,Completed
ORD-11225,2026-07-17 11:07:04,CUST-1298,Ultra Smartphone,Electronics,Tamil Nadu,Coimbatore,Distributor,New,1,55000.0,0.15,8250.0,46750.0,31915.7,14834.3,31.73,Debit Card,Completed
ORD-11226,2026-07-17 19:05:10,CUST-1114,Mechanical Gaming Keyboard,Electronics,Karnataka,Bengaluru,Retail Outlet,Returning,1,6500.0,0.0,0.0,6500.0,3565.67,2934.33,45.14,Debit Card,Completed
ORD-11227,2026-07-17 09:15:12,CUST-1031,Smart Fitness Watch,Accessories,Maharashtra,Pune,Distributor,Returning,7,8500.0,0.2,11900.0,47600.0,31358.27,16241.73,34.12,Debit Card,Completed
ORD-11228,2026-07-17 12:18:42,CUST-1237,Ultra Smartphone,Electronics,Maharashtra,Mumbai,Retail Outlet,New,1,55000.0,0.15,8250.0,46750.0,33245.5,13504.5,28.89,Credit Card,Completed
ORD-11229,2026-07-17 15:14:58,CUST-1024,Ergonomic Office Chair,Furniture,Maharashtra,Mumbai,Online Store,Returning,1,18000.0,0.2,3600.0,14400.0,10815.08,3584.92,24.9,Net Banking,Completed
ORD-11230,2026-07-17 13:54:53,CUST-1002,Wireless Noise-Canceling Headphones,Electronics,Gujarat,Vadodara,Direct Sales,New,3,12000.0,0.1,3600.0,32400.0,17893.03,14506.97,44.77,Net Banking,Completed
ORD-11231,2026-07-17 07:45:43,CUST-1313,Smart Fitness Watch,Accessories,Maharashtra,Mumbai,Direct Sales,Returning,8,8500.0,0.15,10200.0,57800.0,35088.92,22711.08,39.29,Debit Card,Completed
ORD-11232,2026-07-17 17:55:48,CUST-1035,Wireless Ergonomic Mouse,Accessories,Maharashtra,Nagpur,Distributor,New,2,2500.0,0.0,0.0,5000.0,1958.33,3041.67,60.83,UPI,Completed
ORD-11233,2026-07-17 10:12:50,CUST-1310,"4K Monitor 27""",Electronics,Gujarat,Surat,Distributor,Returning,2,28000.0,0.0,0.0,56000.0,35985.14,20014.86,35.74,Net Banking,Completed
ORD-11234,2026-07-17 10:17:58,CUST-1307,Wireless Noise-Canceling Headphones,Electronics,Gujarat,Vadodara,Direct Sales,New,2,12000.0,0.0,0.0,24000.0,11556.26,12443.74,51.85,Net Banking,Completed
ORD-11235,2026-07-17 07:20:59,CUST-1337,Laptop Pro,Electronics,Maharashtra,Nagpur,Retail Outlet,New,3,75000.0,0.2,45000.0,180000.0,148510.31,31489.69,17.49,Credit Card,Completed
ORD-11236,2026-07-17 12:07:57,CUST-1189,Wireless Ergonomic Mouse,Accessories,Delhi NCR,Noida,Online Store,Returning,5,2500.0,0.2,2500.0,10000.0,5066.12,4933.88,49.34,Net Banking,Completed
ORD-11237,2026-07-17 17:47:15,CUST-1004,Standing Desk,Furniture,Delhi NCR,Noida,Retail Outlet,Returning,2,32000.0,0.1,6400.0,57600.0,40972.81,16627.19,28.87,UPI,Completed
ORD-11238,2026-07-17 19:36:18,CUST-1210,Wireless Noise-Canceling Headphones,Electronics,Maharashtra,Nagpur,Distributor,Returning,3,12000.0,0.1,3600.0,32400.0,18144.26,14255.74,44.0,Credit Card,Completed
ORD-11239,2026-07-17 14:20:04,CUST-1051,Wireless Noise-Canceling Headphones,Electronics,Karnataka,Bengaluru,Online Store,New,1,12000.0,0.1,1200.0,10800.0,6011.06,4788.94,44.34,Debit Card,Completed
ORD-11240,2026-07-17 20:46:56,CUST-1272,"4K Monitor 27""",Electronics,Karnataka,Mysuru,Online Store,Returning,1,28000.0,0.15,4200.0,23800.0,17909.44,5890.56,24.75,Debit Card,Completed
ORD-11241,2026-07-17 15:18:37,CUST-1243,Wireless Noise-Canceling Headphones,Electronics,Gujarat,Ahmedabad,Retail Outlet,Returning,3,12000.0,0.0,0.0,36000.0,18400.32,17599.68,48.89,Net Banking,Completed
ORD-11242,2026-07-17 15:59:11,CUST-1336,Laptop Pro,Electronics,Karnataka,Mysuru,Distributor,New,4,75000.0,0.1,30000.0,270000.0,201798.55,68201.45,25.26,Net Banking,Completed
ORD-11243,2026-07-18 16:51:36,CUST-1047,"4K Monitor 27""",Electronics,Delhi NCR,Gurugram,Direct Sales,New,1,28000.0,0.25,7000.0,21000.0,17836.35,3163.65,15.07,Debit Card,Completed
ORD-11244,2026-07-18 18:00:15,CUST-1279,Smart Fitness Watch,Accessories,Maharashtra,Nagpur,Retail Outlet,Returning,4,8500.0,0.1,3400.0,30600.0,17183.61,13416.39,43.84,UPI,Completed
ORD-11245,2026-07-18 17:01:28,CUST-1161,Smart Fitness Watch,Accessories,Maharashtra,Nagpur,Distributor,Returning,4,8500.0,0.1,3400.0,30600.0,17093.25,13506.75,44.14,Credit Card,Completed
ORD-11246,2026-07-18 09:21:12,CUST-1153,Wireless Noise-Canceling Headphones,Electronics,Delhi NCR,Noida,Retail Outlet,Returning,1,12000.0,0.05,600.0,11400.0,5801.95,5598.05,49.11,Net Banking,Completed
ORD-11247,2026-07-18 10:42:06,CUST-1153,Smart Fitness Watch,Accessories,Delhi NCR,New Delhi,Direct Sales,Returning,7,8500.0,0.05,2975.0,56525.0,30923.44,25601.56,45.29,Credit Card,Completed
ORD-11248,2026-07-18 17:41:21,CUST-1022,Ultra Smartphone,Electronics,Maharashtra,Mumbai,Distributor,New,4,55000.0,0.1,22000.0,198000.0,129960.12,68039.88,34.36,Credit Card,Completed
ORD-11249,2026-07-18 17:25:18,CUST-1308,Ergonomic Office Chair,Furniture,Karnataka,Bengaluru,Online Store,Returning,2,18000.0,0.0,0.0,36000.0,20341.91,15658.09,43.49,Debit Card,Completed
ORD-11250,2026-07-18 09:04:53,CUST-1208,Wireless Noise-Canceling Headphones,Electronics,Maharashtra,Pune,Online Store,Returning,1,12000.0,0.2,2400.0,9600.0,5839.79,3760.21,39.17,UPI,Completed
ORD-11251,2026-07-18 12:07:26,CUST-1318,USB-C Multiport Dock,Accessories,Delhi NCR,Noida,Direct Sales,Returning,6,4500.0,0.05,1350.0,25650.0,12520.08,13129.92,51.19,Credit Card,Completed
ORD-11252,2026-07-18 17:30:15,CUST-1062,Wireless Ergonomic Mouse,Accessories,Delhi NCR,Gurugram,Direct Sales,New,6,2500.0,0.1,1500.0,13500.0,5779.78,7720.22,57.19,UPI,Completed
ORD-11253,2026-07-18 14:41:55,CUST-1219,Wireless Ergonomic Mouse,Accessories,Gujarat,Vadodara,Online Store,Returning,5,2500.0,0.05,625.0,11875.0,5107.4,6767.6,56.99,UPI,Completed
ORD-11254,2026-07-18 19:27:33,CUST-1038,Ergonomic Office Chair,Furniture,Gujarat,Surat,Retail Outlet,Returning,3,18000.0,0.2,10800.0,43200.0,32335.67,10864.33,25.15,Credit Card,Completed
ORD-11255,2026-07-18 08:56:03,CUST-1344,Wireless Ergonomic Mouse,Accessories,Gujarat,Ahmedabad,Online Store,New,6,2500.0,0.0,0.0,15000.0,6227.61,8772.39,58.48,Net Banking,Completed
ORD-11256,2026-07-18 16:52:26,CUST-1226,Ultra Smartphone,Electronics,Maharashtra,Pune,Retail Outlet,New,3,55000.0,0.25,41250.0,123750.0,102904.77,20845.23,16.84,UPI,Completed
ORD-11257,2026-07-18 17:14:24,CUST-1157,Ultra Smartphone,Electronics,Delhi NCR,Gurugram,Distributor,Returning,3,55000.0,0.0,0.0,165000.0,98288.49,66711.51,40.43,Credit Card,Completed
ORD-11258,2026-07-18 14:22:47,CUST-1165,Wireless Noise-Canceling Headphones,Electronics,Gujarat,Ahmedabad,Distributor,New,4,12000.0,0.2,9600.0,38400.0,23999.96,14400.04,37.5,Credit Card,Completed
ORD-11259,2026-07-18 15:17:57,CUST-1197,Wireless Noise-Canceling Headphones,Electronics,Maharashtra,Mumbai,Distributor,Returning,1,12000.0,0.1,1200.0,10800.0,5940.41,4859.59,45.0,UPI,Completed
ORD-11260,2026-07-18 15:45:30,CUST-1256,USB-C Multiport Dock,Accessories,Maharashtra,Mumbai,Retail Outlet,New,3,4500.0,0.05,675.0,12825.0,5882.3,6942.7,54.13,UPI,Completed
ORD-11261,2026-07-18 09:55:17,CUST-1295,"4K Monitor 27""",Electronics,Karnataka,Bengaluru,Retail Outlet,New,4,28000.0,0.05,5600.0,106400.0,72005.11,34394.89,32.33,UPI,Completed
ORD-11262,2026-07-18 08:07:50,CUST-1193,Standing Desk,Furniture,Gujarat,Vadodara,Retail Outlet,New,1,32000.0,0.25,8000.0,24000.0,20971.3,3028.7,12.62,UPI,Completed
ORD-11263,2026-07-18 12:41:14,CUST-1041,Smart Fitness Watch,Accessories,Maharashtra,Mumbai,Distributor,Returning,2,8500.0,0.15,2550.0,14450.0,9039.37,5410.63,37.44,Credit Card,Completed
ORD-11264,2026-07-18 13:34:36,CUST-1106,USB-C Multiport Dock,Accessories,Gujarat,Ahmedabad,Retail Outlet,Returning,3,4500.0,0.0,0.0,13500.0,6235.34,7264.66,53.81,UPI,Completed
ORD-11265,2026-07-18 07:27:36,CUST-1296,Wireless Ergonomic Mouse,Accessories,Maharashtra,Pune,Retail Outlet,Returning,7,2500.0,0.05,875.0,16625.0,7216.52,9408.48,56.59,Net Banking,Completed
ORD-11266,2026-07-18 16:23:47,CUST-1027,Mechanical Gaming Keyboard,Electronics,Maharashtra,Pune,Online Store,Returning,3,6500.0,0.0,0.0,19500.0,10725.48,8774.52,45.0,Net Banking,Completed
ORD-11267,2026-07-18 12:07:20,CUST-1008,"4K Monitor 27""",Electronics,Delhi NCR,New Delhi,Online Store,Returning,4,28000.0,0.2,22400.0,89600.0,71360.03,18239.97,20.36,UPI,Completed
ORD-11268,2026-07-18 12:33:24,CUST-1308,Laptop Pro,Electronics,Maharashtra,Pune,Direct Sales,Returning,2,75000.0,0.1,15000.0,135000.0,97289.33,37710.67,27.93,Debit Card,Cancelled
ORD-11269,2026-07-18 18:15:11,CUST-1206,"4K Monitor 27""",Electronics,Karnataka,Mysuru,Distributor,Returning,4,28000.0,0.15,16800.0,95200.0,71489.26,23710.74,24.91,UPI,Completed
ORD-11270,2026-07-18 09:55:38,CUST-1327,Standing Desk,Furniture,Delhi NCR,New Delhi,Retail Outlet,Returning,1,32000.0,0.2,6400.0,25600.0,20423.0,5177.0,20.22,UPI,Completed
ORD-11271,2026-07-18 14:43:21,CUST-1085,Laptop Pro,Electronics,Tamil Nadu,Chennai,Online Store,Returning,2,75000.0,0.05,7500.0,142500.0,100631.98,41868.02,29.38,Debit Card,Completed
ORD-11272,2026-07-18 11:10:33,CUST-1084,Smart Fitness Watch,Accessories,Gujarat,Vadodara,Retail Outlet,New,6,8500.0,0.1,5100.0,45900.0,25915.97,19984.03,43.54,Debit Card,Completed
ORD-11273,2026-07-18 11:18:20,CUST-1216,"4K Monitor 27""",Electronics,Gujarat,Ahmedabad,Direct Sales,Returning,1,28000.0,0.0,0.0,28000.0,17920.39,10079.61,36.0,Credit Card,Completed
ORD-11274,2026-07-18 20:34:00,CUST-1100,Ergonomic Office Chair,Furniture,Delhi NCR,New Delhi,Retail Outlet,Returning,1,18000.0,0.0,0.0,18000.0,10222.66,7777.34,43.21,Net Banking,Completed
ORD-11275,2026-07-18 19:03:44,CUST-1226,Smart Fitness Watch,Accessories,Karnataka,Bengaluru,Direct Sales,Returning,6,8500.0,0.0,0.0,51000.0,27281.28,23718.72,46.51,Debit Card,Completed
ORD-11276,2026-07-18 08:37:02,CUST-1199,Wireless Ergonomic Mouse,Accessories,Gujarat,Ahmedabad,Retail Outlet,Returning,1,2500.0,0.05,125.0,2375.0,1033.91,1341.09,56.47,Net Banking,Completed
ORD-11277,2026-07-18 20:55:15,CUST-1306,Wireless Ergonomic Mouse,Accessories,Maharashtra,Nagpur,Online Store,Returning,7,2500.0,0.25,4375.0,13125.0,6915.51,6209.49,47.31,Credit Card,Completed
ORD-11278,2026-07-18 11:51:27,CUST-1287,Ultra Smartphone,Electronics,Delhi NCR,Gurugram,Direct Sales,Returning,4,55000.0,0.2,44000.0,176000.0,130285.95,45714.05,25.97,Credit Card,Completed
ORD-11279,2026-07-18 09:02:03,CUST-1325,Wireless Noise-Canceling Headphones,Electronics,Maharashtra,Mumbai,Retail Outlet,New,2,12000.0,0.1,2400.0,21600.0,12180.6,9419.4,43.61,Credit Card,Completed
ORD-11280,2026-07-18 07:37:06,CUST-1014,Standing Desk,Furniture,Gujarat,Vadodara,Retail Outlet,Returning,2,32000.0,0.0,0.0,64000.0,41670.28,22329.72,34.89,Credit Card,Completed
ORD-11281,2026-07-18 15:38:38,CUST-1343,Laptop Pro,Electronics,Karnataka,Bengaluru,Direct Sales,New,3,75000.0,0.25,56250.0,168750.0,145270.4,23479.6,13.91,Net Banking,Completed
ORD-11282,2026-07-18 11:35:32,CUST-1109,Ergonomic Office Chair,Furniture,Maharashtra,Nagpur,Retail Outlet,Returning,1,18000.0,0.2,3600.0,14400.0,10734.78,3665.22,25.45,Debit Card,Completed
ORD-11283,2026-07-18 10:33:31,CUST-1341,Laptop Pro,Electronics,Maharashtra,Pune,Distributor,Returning,2,75000.0,0.0,0.0,150000.0,97663.11,52336.89,34.89,UPI,Completed
ORD-11284,2026-07-19 16:10:05,CUST-1212,Wireless Noise-Canceling Headphones,Electronics,Delhi NCR,Gurugram,Retail Outlet,Returning,3,12000.0,0.15,5400.0,30600.0,17408.47,13191.53,43.11,UPI,Completed
ORD-11285,2026-07-19 07:30:24,CUST-1120,Standing Desk,Furniture,Maharashtra,Nagpur,Online Store,New,2,32000.0,0.15,9600.0,54400.0,41309.41,13090.59,24.06,Credit Card,Completed
ORD-11286,2026-07-19 09:57:36,CUST-1207,Ergonomic Office Chair,Furniture,Karnataka,Mysuru,Direct Sales,New,3,18000.0,0.1,5400.0,48600.0,31018.06,17581.94,36.18,Debit Card,Completed
ORD-11287,2026-07-19 18:46:57,CUST-1222,Ultra Smartphone,Electronics,Karnataka,Mysuru,Online Store,New,2,55000.0,0.25,27500.0,82500.0,68245.76,14254.24,17.28,Debit Card,Completed
ORD-11288,2026-07-19 15:47:13,CUST-1064,"4K Monitor 27""",Electronics,Delhi NCR,New Delhi,Direct Sales,Returning,4,28000.0,0.2,22400.0,89600.0,71723.22,17876.78,19.95,UPI,Completed
ORD-11289,2026-07-19 16:28:35,CUST-1323,USB-C Multiport Dock,Accessories,Delhi NCR,New Delhi,Distributor,New,5,4500.0,0.0,0.0,22500.0,10337.44,12162.56,54.06,UPI,Completed
ORD-11290,2026-07-19 08:50:29,CUST-1224,Wireless Ergonomic Mouse,Accessories,Delhi NCR,New Delhi,Distributor,New,1,2500.0,0.05,125.0,2375.0,991.37,1383.63,58.26,UPI,Completed
ORD-11291,2026-07-19 07:17:42,CUST-1278,Mechanical Gaming Keyboard,Electronics,Gujarat,Ahmedabad,Distributor,Returning,1,6500.0,0.0,0.0,6500.0,3447.04,3052.96,46.97,Debit Card,Completed
ORD-11292,2026-07-19 09:47:38,CUST-1236,Smart Fitness Watch,Accessories,Gujarat,Surat,Retail Outlet,Returning,6,8500.0,0.15,7650.0,43350.0,26150.75,17199.25,39.68,Credit Card,Completed
ORD-11293,2026-07-19 08:59:25,CUST-1076,Wireless Noise-Canceling Headphones,Electronics,Gujarat,Vadodara,Direct Sales,Returning,2,12000.0,0.25,6000.0,18000.0,11754.95,6245.05,34.69,Credit Card,Completed
ORD-11294,2026-07-19 10:55:54,CUST-1344,Laptop Pro,Electronics,Maharashtra,Nagpur,Retail Outlet,New,2,75000.0,0.15,22500.0,127500.0,100876.39,26623.61,20.88,Debit Card,Cancelled
ORD-11295,2026-07-19 10:33:13,CUST-1341,"4K Monitor 27""",Electronics,Gujarat,Vadodara,Retail Outlet,New,3,28000.0,0.2,16800.0,67200.0,51472.21,15727.79,23.4,UPI,Completed
ORD-11296,2026-07-19 17:11:07,CUST-1058,Wireless Noise-Canceling Headphones,Electronics,Karnataka,Bengaluru,Distributor,New,3,12000.0,0.05,1800.0,34200.0,18426.47,15773.53,46.12,Debit Card,Completed
ORD-11297,2026-07-19 15:21:57,CUST-1293,Wireless Noise-Canceling Headphones,Electronics,Karnataka,Mysuru,Direct Sales,Returning,2,12000.0,0.0,0.0,24000.0,11945.83,12054.17,50.23,Debit Card,Completed
ORD-11298,2026-07-19 17:24:52,CUST-1060,Standing Desk,Furniture,Gujarat,Vadodara,Retail Outlet,New,3,32000.0,0.1,9600.0,86400.0,61517.45,24882.55,28.8,UPI,Completed
ORD-11299,2026-07-19 14:15:18,CUST-1143,Ultra Smartphone,Electronics,Maharashtra,Pune,Direct Sales,Returning,1,55000.0,0.2,11000.0,44000.0,33043.78,10956.22,24.9,Credit Card,Completed
ORD-11300,2026-07-19 20:56:55,CUST-1276,Standing Desk,Furniture,Delhi NCR,New Delhi,Retail Outlet,Returning,3,32000.0,0.0,0.0,96000.0,62587.45,33412.55,34.8,Debit Card,Completed
ORD-11301,2026-07-19 18:52:19,CUST-1151,Wireless Ergonomic Mouse,Accessories,Delhi NCR,New Delhi,Online Store,New,8,2500.0,0.05,1000.0,19000.0,7752.01,11247.99,59.2,Credit Card,Completed
ORD-11302,2026-07-19 09:41:42,CUST-1170,Smart Fitness Watch,Accessories,Maharashtra,Pune,Distributor,New,1,8500.0,0.2,1700.0,6800.0,4325.05,2474.95,36.4,Net Banking,Completed
ORD-11303,2026-07-19 12:08:33,CUST-1207,Smart Fitness Watch,Accessories,Maharashtra,Nagpur,Retail Outlet,New,8,8500.0,0.0,0.0,68000.0,34574.85,33425.15,49.15,UPI,Completed
ORD-11304,2026-07-19 08:49:43,CUST-1079,"4K Monitor 27""",Electronics,Maharashtra,Pune,Online Store,New,2,28000.0,0.2,11200.0,44800.0,35490.8,9309.2,20.78,Debit Card,Completed
ORD-11305,2026-07-19 14:47:21,CUST-1026,Mechanical Gaming Keyboard,Electronics,Maharashtra,Pune,Retail Outlet,New,1,6500.0,0.15,975.0,5525.0,3446.31,2078.69,37.62,Net Banking,Completed
ORD-11306,2026-07-19 13:25:08,CUST-1152,Wireless Noise-Canceling Headphones,Electronics,Gujarat,Vadodara,Online Store,New,1,12000.0,0.15,1800.0,10200.0,6089.18,4110.82,40.3,Debit Card,Completed
ORD-11307,2026-07-19 20:00:56,CUST-1003,Standing Desk,Furniture,Gujarat,Surat,Retail Outlet,Returning,3,32000.0,0.2,19200.0,76800.0,61921.31,14878.69,19.37,Debit Card,Completed
ORD-11308,2026-07-19 12:58:37,CUST-1150,Wireless Noise-Canceling Headphones,Electronics,Gujarat,Ahmedabad,Retail Outlet,Returning,3,12000.0,0.15,5400.0,30600.0,18108.37,12491.63,40.82,Credit Card,Completed
ORD-11309,2026-07-19 20:40:05,CUST-1141,Mechanical Gaming Keyboard,Electronics,Karnataka,Bengaluru,Retail Outlet,Returning,3,6500.0,0.05,975.0,18525.0,10938.03,7586.97,40.96,Debit Card,Completed
ORD-11310,2026-07-19 19:15:01,CUST-1303,Ultra Smartphone,Electronics,Delhi NCR,New Delhi,Direct Sales,Returning,1,55000.0,0.05,2750.0,52250.0,32205.71,20044.29,38.36,Net Banking,Completed
ORD-11311,2026-07-19 17:41:25,CUST-1106,Wireless Ergonomic Mouse,Accessories,Karnataka,Bengaluru,Retail Outlet,Returning,7,2500.0,0.2,3500.0,14000.0,6944.35,7055.65,50.4,UPI,Completed
ORD-11312,2026-07-19 19:21:10,CUST-1295,USB-C Multiport Dock,Accessories,Maharashtra,Nagpur,Online Store,New,8,4500.0,0.15,5400.0,30600.0,15657.3,14942.7,48.83,Credit Card,Completed
ORD-11313,2026-07-19 10:37:05,CUST-1265,USB-C Multiport Dock,Accessories,Gujarat,Ahmedabad,Distributor,Returning,3,4500.0,0.0,0.0,13500.0,6218.13,7281.87,53.94,Credit Card,Completed
ORD-11314,2026-07-19 11:50:23,CUST-1262,Wireless Ergonomic Mouse,Accessories,Karnataka,Mysuru,Distributor,Returning,5,2500.0,0.0,0.0,12500.0,4823.05,7676.95,61.42,UPI,Completed
ORD-11315,2026-07-19 19:41:34,CUST-1283,Mechanical Gaming Keyboard,Electronics,Delhi NCR,Gurugram,Retail Outlet,Returning,4,6500.0,0.1,2600.0,23400.0,13822.89,9577.11,40.93,Debit Card,Completed
ORD-11316,2026-07-19 10:57:12,CUST-1078,Ergonomic Office Chair,Furniture,Maharashtra,Mumbai,Retail Outlet,New,4,18000.0,0.0,0.0,72000.0,40168.91,31831.09,44.21,UPI,Completed
ORD-11317,2026-07-19 21:10:12,CUST-1333,Wireless Ergonomic Mouse,Accessories,Maharashtra,Pune,Online Store,New,3,2500.0,0.2,1500.0,6000.0,3104.11,2895.89,48.26,Debit Card,Completed
ORD-11318,2026-07-19 15:27:32,CUST-1287,Smart Fitness Watch,Accessories,Gujarat,Ahmedabad,Online Store,Returning,5,8500.0,0.1,4250.0,38250.0,22389.33,15860.67,41.47,Credit Card,Completed
ORD-11319,2026-07-19 20:36:44,CUST-1171,USB-C Multiport Dock,Accessories,Maharashtra,Pune,Online Store,Returning,5,4500.0,0.05,1125.0,21375.0,10002.45,11372.55,53.2,Debit Card,Completed
ORD-11320,2026-07-19 11:06:22,CUST-1048,Ultra Smartphone,Electronics,Delhi NCR,Noida,Direct Sales,New,1,55000.0,0.15,8250.0,46750.0,32500.33,14249.67,30.48,UPI,Completed
ORD-11321,2026-07-19 18:57:36,CUST-1019,Standing Desk,Furniture,Maharashtra,Pune,Direct Sales,New,3,32000.0,0.2,19200.0,76800.0,63054.24,13745.76,17.9,Debit Card,Completed
ORD-11322,2026-07-19 09:02:40,CUST-1302,Laptop Pro,Electronics,Maharashtra,Nagpur,Online Store,New,1,75000.0,0.2,15000.0,60000.0,46810.38,13189.62,21.98,Debit Card,Completed
ORD-11323,2026-07-19 09:29:01,CUST-1326,Ultra Smartphone,Electronics,Delhi NCR,Noida,Distributor,New,2,55000.0,0.05,5500.0,104500.0,67958.06,36541.94,34.97,Credit Card,Completed
ORD-11324,2026-07-20 14:38:45,CUST-1261,Wireless Ergonomic Mouse,Accessories,Karnataka,Bengaluru,Distributor,New,4,2500.0,0.25,2500.0,7500.0,4129.02,3370.98,44.95,UPI,Completed
ORD-11325,2026-07-20 09:22:18,CUST-1302,Ultra Smartphone,Electronics,Gujarat,Vadodara,Direct Sales,New,1,55000.0,0.0,0.0,55000.0,33834.85,21165.15,38.48,Credit Card,Completed
ORD-11326,2026-07-20 17:18:39,CUST-1077,Wireless Noise-Canceling Headphones,Electronics,Tamil Nadu,Coimbatore,Retail Outlet,Returning,4,12000.0,0.1,4800.0,43200.0,23250.68,19949.32,46.18,Net Banking,Completed
ORD-11327,2026-07-20 14:47:17,CUST-1300,USB-C Multiport Dock,Accessories,Maharashtra,Pune,Online Store,Returning,5,4500.0,0.1,2250.0,20250.0,9918.13,10331.87,51.02,Net Banking,Cancelled
ORD-11328,2026-07-20 18:43:48,CUST-1144,Wireless Noise-Canceling Headphones,Electronics,Maharashtra,Mumbai,Distributor,Returning,1,12000.0,0.1,1200.0,10800.0,6067.28,4732.72,43.82,Credit Card,Completed
ORD-11329,2026-07-20 15:21:48,CUST-1083,Ergonomic Office Chair,Furniture,Maharashtra,Mumbai,Online Store,Returning,4,18000.0,0.05,3600.0,68400.0,41789.67,26610.33,38.9,Credit Card,Completed
ORD-11330,2026-07-20 11:56:32,CUST-1233,Ergonomic Office Chair,Furniture,Karnataka,Mysuru,Retail Outlet,New,2,18000.0,0.2,7200.0,28800.0,20409.46,8390.54,29.13,UPI,Completed
ORD-11331,2026-07-20 18:07:18,CUST-1163,Standing Desk,Furniture,Delhi NCR,New Delhi,Online Store,Returning,2,32000.0,0.0,0.0,64000.0,39587.95,24412.05,38.14,UPI,Completed
ORD-11332,2026-07-20 20:33:21,CUST-1316,Wireless Ergonomic Mouse,Accessories,Delhi NCR,New Delhi,Direct Sales,New,8,2500.0,0.1,2000.0,18000.0,8008.4,9991.6,55.51,Credit Card,Completed
ORD-11333,2026-07-20 20:04:14,CUST-1180,Wireless Ergonomic Mouse,Accessories,Maharashtra,Mumbai,Distributor,New,6,2500.0,0.0,0.0,15000.0,5810.83,9189.17,61.26,Credit Card,Completed
ORD-11334,2026-07-20 17:00:09,CUST-1210,Ultra Smartphone,Electronics,Karnataka,Bengaluru,Distributor,Returning,1,55000.0,0.25,13750.0,41250.0,32808.39,8441.61,20.46,Debit Card,Completed
ORD-11335,2026-07-20 08:36:03,CUST-1049,Wireless Noise-Canceling Headphones,Electronics,Gujarat,Surat,Distributor,Returning,3,12000.0,0.15,5400.0,30600.0,17442.71,13157.29,43.0,UPI,Completed
ORD-11336,2026-07-20 18:02:55,CUST-1194,Standing Desk,Furniture,Tamil Nadu,Coimbatore,Distributor,Returning,3,32000.0,0.0,0.0,96000.0,63398.32,32601.68,33.96,Net Banking,Completed
ORD-11337,2026-07-20 19:34:58,CUST-1268,Standing Desk,Furniture,Karnataka,Mysuru,Online Store,New,2,32000.0,0.0,0.0,64000.0,40158.32,23841.68,37.25,Credit Card,Completed
ORD-11338,2026-07-20 12:37:21,CUST-1100,USB-C Multiport Dock,Accessories,Maharashtra,Nagpur,Direct Sales,Returning,3,4500.0,0.25,3375.0,10125.0,5965.65,4159.35,41.08,Debit Card,Completed
ORD-11339,2026-07-20 20:25:24,CUST-1091,Standing Desk,Furniture,Gujarat,Ahmedabad,Online Store,Returning,3,32000.0,0.05,4800.0,91200.0,60035.15,31164.85,34.17,Credit Card,Completed
ORD-11340,2026-07-20 17:24:04,CUST-1124,Ultra Smartphone,Electronics,Karnataka,Mysuru,Distributor,Returning,4,55000.0,0.0,0.0,220000.0,129697.12,90302.88,41.05,Credit Card,Completed
ORD-11341,2026-07-20 15:55:06,CUST-1149,USB-C Multiport Dock,Accessories,Karnataka,Mysuru,Distributor,Returning,6,4500.0,0.05,1350.0,25650.0,11928.31,13721.69,53.5,UPI,Completed
ORD-11342,2026-07-20 20:53:52,CUST-1293,"4K Monitor 27""",Electronics,Delhi NCR,Gurugram,Online Store,Returning,3,28000.0,0.1,8400.0,75600.0,51809.27,23790.73,31.47,Debit Card,Completed
ORD-11343,2026-07-20 14:32:43,CUST-1158,Standing Desk,Furniture,Maharashtra,Nagpur,Retail Outlet,New,3,32000.0,0.05,4800.0,91200.0,62825.18,28374.82,31.11,Credit Card,Completed
ORD-11344,2026-07-20 09:54:47,CUST-1311,Standing Desk,Furniture,Karnataka,Mysuru,Direct Sales,Returning,3,32000.0,0.0,0.0,96000.0,59885.31,36114.69,37.62,UPI,Completed
ORD-11345,2026-07-20 15:43:56,CUST-1207,Ultra Smartphone,Electronics,Tamil Nadu,Coimbatore,Distributor,New,2,55000.0,0.05,5500.0,104500.0,66740.76,37759.24,36.13,Net Banking,Completed
ORD-11346,2026-07-20 12:37:21,CUST-1073,Laptop Pro,Electronics,Tamil Nadu,Coimbatore,Direct Sales,Returning,4,75000.0,0.05,15000.0,285000.0,193832.55,91167.45,31.99,Net Banking,Completed
ORD-11347,2026-07-20 11:03:28,CUST-1007,Smart Fitness Watch,Accessories,Maharashtra,Pune,Retail Outlet,New,8,8500.0,0.15,10200.0,57800.0,35919.5,21880.5,37.86,Debit Card,Completed
ORD-11348,2026-07-20 13:45:18,CUST-1133,Standing Desk,Furniture,Maharashtra,Nagpur,Online Store,Returning,3,32000.0,0.15,14400.0,81600.0,63518.72,18081.28,22.16,Credit Card,Completed
ORD-11349,2026-07-20 17:54:16,CUST-1044,Wireless Noise-Canceling Headphones,Electronics,Tamil Nadu,Coimbatore,Direct Sales,Returning,2,12000.0,0.2,4800.0,19200.0,12467.34,6732.66,35.07,UPI,Completed
ORD-11350,2026-07-20 07:29:19,CUST-1193,"4K Monitor 27""",Electronics,Maharashtra,Mumbai,Direct Sales,New,3,28000.0,0.0,0.0,84000.0,51979.82,32020.18,38.12,Credit Card,Completed
ORD-11351,2026-07-20 14:54:39,CUST-1161,Mechanical Gaming Keyboard,Electronics,Maharashtra,Mumbai,Distributor,Returning,3,6500.0,0.1,1950.0,17550.0,10504.05,7045.95,40.15,Credit Card,Completed
ORD-11352,2026-07-20 19:34:46,CUST-1277,USB-C Multiport Dock,Accessories,Delhi NCR,Noida,Retail Outlet,New,8,4500.0,0.15,5400.0,30600.0,16462.31,14137.69,46.2,Credit Card,Completed
ORD-11353,2026-07-20 13:42:41,CUST-1109,Ergonomic Office Chair,Furniture,Gujarat,Vadodara,Distributor,New,4,18000.0,0.1,7200.0,64800.0,40948.47,23851.53,36.81,Credit Card,Completed
ORD-11354,2026-07-20 15:08:12,CUST-1335,Mechanical Gaming Keyboard,Electronics,Tamil Nadu,Coimbatore,Retail Outlet,Returning,2,6500.0,0.2,2600.0,10400.0,7343.44,3056.56,29.39,UPI,Completed
ORD-11355,2026-07-20 08:14:08,CUST-1004,Standing Desk,Furniture,Maharashtra,Nagpur,Retail Outlet,Returning,1,32000.0,0.1,3200.0,28800.0,20805.4,7994.6,27.76,Credit Card,Completed
ORD-11356,2026-07-20 20:16:27,CUST-1128,USB-C Multiport Dock,Accessories,Tamil Nadu,Coimbatore,Online Store,Returning,2,4500.0,0.2,1800.0,7200.0,4063.5,3136.5,43.56,Net Banking,Completed
ORD-11357,2026-07-20 15:39:18,CUST-1073,Ergonomic Office Chair,Furniture,Delhi NCR,New Delhi,Distributor,Returning,4,18000.0,0.1,7200.0,64800.0,41814.36,22985.64,35.47,Credit Card,Completed
ORD-11358,2026-07-20 10:32:20,CUST-1316,"4K Monitor 27""",Electronics,Gujarat,Vadodara,Online Store,Returning,4,28000.0,0.1,11200.0,100800.0,66882.47,33917.53,33.65,Credit Card,Completed
ORD-11359,2026-07-20 07:35:56,CUST-1163,Wireless Ergonomic Mouse,Accessories,Delhi NCR,Gurugram,Online Store,Returning,2,2500.0,0.2,1000.0,4000.0,1960.35,2039.65,50.99,UPI,Cancelled
ORD-11360,2026-07-20 19:48:05,CUST-1106,Ergonomic Office Chair,Furniture,Maharashtra,Nagpur,Online Store,Returning,1,18000.0,0.0,0.0,18000.0,10234.83,7765.17,43.14,Credit Card,Completed
ORD-11361,2026-07-20 12:56:27,CUST-1319,Ultra Smartphone,Electronics,Gujarat,Vadodara,Direct Sales,Returning,3,55000.0,0.05,8250.0,156750.0,99064.23,57685.77,36.8,UPI,Completed
ORD-11362,2026-07-20 10:29:07,CUST-1172,Standing Desk,Furniture,Maharashtra,Nagpur,Direct Sales,Returning,4,32000.0,0.2,25600.0,102400.0,78947.2,23452.8,22.9,Net Banking,Completed
ORD-11363,2026-07-20 12:27:09,CUST-1289,Standing Desk,Furniture,Maharashtra,Mumbai,Online Store,Returning,1,32000.0,0.15,4800.0,27200.0,19680.07,7519.93,27.65,Credit Card,Completed
ORD-11364,2026-07-20 11:37:36,CUST-1335,Smart Fitness Watch,Accessories,Maharashtra,Pune,Retail Outlet,Returning,2,8500.0,0.0,0.0,17000.0,9083.18,7916.82,46.57,Credit Card,Completed
ORD-11365,2026-07-20 08:21:51,CUST-1319,Smart Fitness Watch,Accessories,Karnataka,Bengaluru,Direct Sales,New,4,8500.0,0.15,5100.0,28900.0,17742.13,11157.87,38.61,Debit Card,Completed
ORD-11366,2026-07-20 07:39:06,CUST-1031,Wireless Noise-Canceling Headphones,Electronics,Delhi NCR,Gurugram,Direct Sales,Returning,4,12000.0,0.2,9600.0,38400.0,24234.03,14165.97,36.89,Credit Card,Completed
ORD-11367,2026-07-20 21:03:59,CUST-1214,Standing Desk,Furniture,Maharashtra,Mumbai,Direct Sales,New,2,32000.0,0.05,3200.0,60800.0,41617.27,19182.73,31.55,Net Banking,Completed
ORD-11368,2026-07-20 12:59:54,CUST-1322,Ultra Smartphone,Electronics,Maharashtra,Nagpur,Direct Sales,Returning,1,55000.0,0.0,0.0,55000.0,33340.07,21659.93,39.38,Credit Card,Completed
ORD-11369,2026-07-20 18:49:33,CUST-1203,Mechanical Gaming Keyboard,Electronics,Karnataka,Bengaluru,Retail Outlet,New,3,6500.0,0.1,1950.0,17550.0,10661.9,6888.1,39.25,UPI,Completed
ORD-11370,2026-07-20 16:21:57,CUST-1325,Mechanical Gaming Keyboard,Electronics,Delhi NCR,Gurugram,Online Store,Returning,3,6500.0,0.25,4875.0,14625.0,10828.82,3796.18,25.96,Credit Card,Completed
ORD-11371,2026-07-20 17:42:14,CUST-1196,Wireless Ergonomic Mouse,Accessories,Delhi NCR,Noida,Direct Sales,Returning,3,2500.0,0.2,1500.0,6000.0,2913.29,3086.71,51.45,Credit Card,Completed
ORD-11372,2026-07-20 19:06:05,CUST-1117,Smart Fitness Watch,Accessories,Maharashtra,Pune,Distributor,New,5,8500.0,0.1,4250.0,38250.0,22918.66,15331.34,40.08,UPI,Completed
ORD-11373,2026-07-20 16:45:00,CUST-1097,Smart Fitness Watch,Accessories,Gujarat,Surat,Retail Outlet,Returning,8,8500.0,0.05,3400.0,64600.0,35939.52,28660.48,44.37,UPI,Completed
ORD-11374,2026-07-20 15:34:16,CUST-1135,Mechanical Gaming Keyboard,Electronics,Maharashtra,Mumbai,Online Store,Returning,2,6500.0,0.15,1950.0,11050.0,7432.15,3617.85,32.74,UPI,Completed
ORD-11375,2026-07-20 19:13:43,CUST-1328,Mechanical Gaming Keyboard,Electronics,Gujarat,Surat,Direct Sales,Returning,4,6500.0,0.15,3900.0,22100.0,14425.43,7674.57,34.73,Debit Card,Completed
ORD-11376,2026-07-20 20:22:58,CUST-1156,Ergonomic Office Chair,Furniture,Maharashtra,Pune,Distributor,New,2,18000.0,0.0,0.0,36000.0,20228.23,15771.77,43.81,Net Banking,Completed
ORD-11377,2026-07-20 20:08:23,CUST-1005,Mechanical Gaming Keyboard,Electronics,Maharashtra,Nagpur,Distributor,New,4,6500.0,0.05,1300.0,24700.0,14067.14,10632.86,43.05,Net Banking,Completed
ORD-11378,2026-07-20 20:30:23,CUST-1336,Wireless Noise-Canceling Headphones,Electronics,Maharashtra,Pune,Retail Outlet,Returning,1,12000.0,0.2,2400.0,9600.0,5771.2,3828.8,39.88,Debit Card,Completed
ORD-11379,2026-07-20 18:22:08,CUST-1021,Ultra Smartphone,Electronics,Karnataka,Bengaluru,Distributor,Returning,2,55000.0,0.2,22000.0,88000.0,66026.5,21973.5,24.97,Net Banking,Completed
ORD-11380,2026-07-20 20:50:38,CUST-1023,Smart Fitness Watch,Accessories,Karnataka,Mysuru,Online Store,Returning,2,8500.0,0.1,1700.0,15300.0,9098.38,6201.62,40.53,Debit Card,Completed
ORD-11381,2026-07-20 15:15:37,CUST-1324,Mechanical Gaming Keyboard,Electronics,Maharashtra,Nagpur,Online Store,New,4,6500.0,0.1,2600.0,23400.0,13845.05,9554.95,40.83,UPI,Completed
ORD-11382,2026-07-20 12:46:37,CUST-1009,Wireless Noise-Canceling Headphones,Electronics,Tamil Nadu,Coimbatore,Online Store,Returning,2,12000.0,0.1,2400.0,21600.0,11782.52,9817.48,45.45,Credit Card,Completed
ORD-11383,2026-07-20 14:58:09,CUST-1308,Wireless Ergonomic Mouse,Accessories,Karnataka,Mysuru,Direct Sales,Returning,3,2500.0,0.05,375.0,7125.0,2891.8,4233.2,59.41,Net Banking,Completed
ORD-11384,2026-07-21 14:59:59,CUST-1224,Standing Desk,Furniture,Maharashtra,Nagpur,Distributor,New,4,32000.0,0.1,12800.0,115200.0,83917.91,31282.09,27.15,UPI,Completed
ORD-11385,2026-07-21 10:00:37,CUST-1110,Standing Desk,Furniture,Maharashtra,Nagpur,Direct Sales,Returning,3,32000.0,0.15,14400.0,81600.0,59979.17,21620.83,26.5,Net Banking,Completed
ORD-11386,2026-07-21 16:48:39,CUST-1194,USB-C Multiport Dock,Accessories,Maharashtra,Mumbai,Retail Outlet,New,6,4500.0,0.05,1350.0,25650.0,12483.3,13166.7,51.33,UPI,Completed
ORD-11387,2026-07-21 18:37:15,CUST-1225,Laptop Pro,Electronics,Maharashtra,Mumbai,Online Store,Returning,4,75000.0,0.2,60000.0,240000.0,194571.85,45428.15,18.93,Debit Card,Completed
ORD-11388,2026-07-21 14:23:10,CUST-1021,Wireless Noise-Canceling Headphones,Electronics,Gujarat,Surat,Online Store,Returning,1,12000.0,0.15,1800.0,10200.0,5955.98,4244.02,41.61,Net Banking,Completed
ORD-11389,2026-07-21 10:21:24,CUST-1063,Wireless Ergonomic Mouse,Accessories,Karnataka,Bengaluru,Online Store,Returning,8,2500.0,0.15,3000.0,17000.0,8301.65,8698.35,51.17,UPI,Completed
ORD-11390,2026-07-21 16:35:17,CUST-1315,Standing Desk,Furniture,Maharashtra,Nagpur,Direct Sales,Returning,2,32000.0,0.0,0.0,64000.0,42252.66,21747.34,33.98,Debit Card,Completed
ORD-11391,2026-07-21 08:40:38,CUST-1275,USB-C Multiport Dock,Accessories,Karnataka,Bengaluru,Direct Sales,Returning,2,4500.0,0.2,1800.0,7200.0,4197.39,3002.61,41.7,Credit Card,Completed
ORD-11392,2026-07-21 08:28:45,CUST-1040,Wireless Noise-Canceling Headphones,Electronics,Maharashtra,Nagpur,Online Store,Returning,1,12000.0,0.1,1200.0,10800.0,6004.47,4795.53,44.4,Debit Card,Completed
ORD-11393,2026-07-21 10:18:37,CUST-1261,"4K Monitor 27""",Electronics,Tamil Nadu,Chennai,Online Store,Returning,2,28000.0,0.0,0.0,56000.0,34180.47,21819.53,38.96,UPI,Completed
ORD-11394,2026-07-21 11:35:49,CUST-1081,"4K Monitor 27""",Electronics,Maharashtra,Mumbai,Distributor,New,2,28000.0,0.1,5600.0,50400.0,34263.47,16136.53,32.02,Net Banking,Completed
ORD-11395,2026-07-21 11:53:03,CUST-1291,Smart Fitness Watch,Accessories,Maharashtra,Mumbai,Direct Sales,Returning,8,8500.0,0.1,6800.0,61200.0,35373.3,25826.7,42.2,Debit Card,Completed
ORD-11396,2026-07-21 15:20:29,CUST-1165,"4K Monitor 27""",Electronics,Gujarat,Surat,Retail Outlet,Returning,2,28000.0,0.05,2800.0,53200.0,35729.15,17470.85,32.84,Net Banking,Completed
ORD-11397,2026-07-21 07:58:08,CUST-1116,Standing Desk,Furniture,Maharashtra,Pune,Distributor,Returning,2,32000.0,0.2,12800.0,51200.0,40392.06,10807.94,21.11,Credit Card,Completed
ORD-11398,2026-07-21 07:49:42,CUST-1287,"4K Monitor 27""",Electronics,Tamil Nadu,Chennai,Online Store,New,1,28000.0,0.05,1400.0,26600.0,17520.84,9079.16,34.13,Net Banking,Completed
ORD-11399,2026-07-21 20:38:47,CUST-1017,Ultra Smartphone,Electronics,Gujarat,Ahmedabad,Retail Outlet,New,3,55000.0,0.15,24750.0,140250.0,97312.71,42937.29,30.61,Debit Card,Completed
ORD-11400,2026-07-21 14:28:59,CUST-1187,Wireless Ergonomic Mouse,Accessories,Maharashtra,Pune,Online Store,New,4,2500.0,0.0,0.0,10000.0,4060.41,5939.59,59.4,UPI,Completed
ORD-11401,2026-07-21 12:25:05,CUST-1338,Mechanical Gaming Keyboard,Electronics,Delhi NCR,Noida,Distributor,Returning,3,6500.0,0.1,1950.0,17550.0,10324.14,7225.86,41.17,Credit Card,Completed
ORD-11402,2026-07-21 21:05:08,CUST-1052,Smart Fitness Watch,Accessories,Gujarat,Ahmedabad,Retail Outlet,Returning,2,8500.0,0.1,1700.0,15300.0,8632.84,6667.16,43.58,Debit Card,Completed
ORD-11403,2026-07-21 20:42:13,CUST-1106,Mechanical Gaming Keyboard,Electronics,Tamil Nadu,Coimbatore,Online Store,New,4,6500.0,0.2,5200.0,20800.0,14417.19,6382.81,30.69,UPI,Completed
ORD-11404,2026-07-21 10:59:06,CUST-1203,"4K Monitor 27""",Electronics,Gujarat,Surat,Distributor,Returning,4,28000.0,0.15,16800.0,95200.0,68863.14,26336.86,27.66,Credit Card,Completed
ORD-11405,2026-07-21 07:33:07,CUST-1324,Ultra Smartphone,Electronics,Delhi NCR,New Delhi,Direct Sales,Returning,1,55000.0,0.1,5500.0,49500.0,32149.03,17350.97,35.05,Credit Card,Completed
ORD-11406,2026-07-21 10:57:52,CUST-1241,Wireless Noise-Canceling Headphones,Electronics,Karnataka,Mysuru,Online Store,Returning,2,12000.0,0.2,4800.0,19200.0,11809.39,7390.61,38.49,Debit Card,Completed
ORD-11407,2026-07-21 13:28:07,CUST-1030,Mechanical Gaming Keyboard,Electronics,Tamil Nadu,Chennai,Direct Sales,New,4,6500.0,0.0,0.0,26000.0,13897.51,12102.49,46.55,Credit Card,Completed
ORD-11408,2026-07-21 13:26:28,CUST-1218,"4K Monitor 27""",Electronics,Delhi NCR,Gurugram,Distributor,Returning,1,28000.0,0.05,1400.0,26600.0,16871.83,9728.17,36.57,Credit Card,Completed
ORD-11409,2026-07-21 07:47:34,CUST-1228,Ultra Smartphone,Electronics,Maharashtra,Mumbai,Retail Outlet,New,4,55000.0,0.05,11000.0,209000.0,132549.12,76450.88,36.58,Debit Card,Completed
ORD-11410,2026-07-21 15:05:23,CUST-1116,Laptop Pro,Electronics,Gujarat,Surat,Online Store,Returning,4,75000.0,0.0,0.0,300000.0,202302.5,97697.5,32.57,Credit Card,Completed
ORD-11411,2026-07-21 11:02:49,CUST-1226,Standing Desk,Furniture,Delhi NCR,New Delhi,Retail Outlet,Returning,3,32000.0,0.25,24000.0,72000.0,61966.97,10033.03,13.93,Credit Card,Completed
ORD-11412,2026-07-21 12:11:59,CUST-1262,Mechanical Gaming Keyboard,Electronics,Maharashtra,Mumbai,Online Store,Returning,1,6500.0,0.1,650.0,5850.0,3495.7,2354.3,40.24,Net Banking,Completed
ORD-11413,2026-07-21 07:33:44,CUST-1108,Smart Fitness Watch,Accessories,Maharashtra,Nagpur,Retail Outlet,Returning,2,8500.0,0.1,1700.0,15300.0,8677.81,6622.19,43.28,Credit Card,Completed
ORD-11414,2026-07-21 14:36:47,CUST-1340,Ultra Smartphone,Electronics,Karnataka,Mysuru,Retail Outlet,Returning,4,55000.0,0.15,33000.0,187000.0,136412.95,50587.05,27.05,Credit Card,Completed
ORD-11415,2026-07-21 19:40:53,CUST-1224,Smart Fitness Watch,Accessories,Maharashtra,Nagpur,Retail Outlet,New,4,8500.0,0.15,5100.0,28900.0,17139.65,11760.35,40.69,Net Banking,Completed
ORD-11416,2026-07-21 21:02:26,CUST-1325,Standing Desk,Furniture,Maharashtra,Pune,Retail Outlet,New,2,32000.0,0.05,3200.0,60800.0,40027.86,20772.14,34.16,Credit Card,Completed
ORD-11417,2026-07-21 08:19:57,CUST-1102,Standing Desk,Furniture,Tamil Nadu,Coimbatore,Online Store,Returning,4,32000.0,0.15,19200.0,108800.0,84215.31,24584.69,22.6,UPI,Completed
ORD-11418,2026-07-21 18:01:59,CUST-1173,Smart Fitness Watch,Accessories,Delhi NCR,Gurugram,Distributor,New,7,8500.0,0.2,11900.0,47600.0,29726.91,17873.09,37.55,Net Banking,Completed
ORD-11419,2026-07-21 20:13:33,CUST-1046,Smart Fitness Watch,Accessories,Karnataka,Mysuru,Direct Sales,New,8,8500.0,0.1,6800.0,61200.0,36502.08,24697.92,40.36,UPI,Completed
ORD-11420,2026-07-21 07:59:11,CUST-1110,"4K Monitor 27""",Electronics,Maharashtra,Pune,Direct Sales,New,1,28000.0,0.05,1400.0,26600.0,17179.37,9420.63,35.42,UPI,Completed
ORD-11421,2026-07-21 11:13:46,CUST-1095,Wireless Ergonomic Mouse,Accessories,Maharashtra,Mumbai,Online Store,Returning,5,2500.0,0.0,0.0,12500.0,4918.08,7581.92,60.66,Net Banking,Completed
ORD-11422,2026-07-21 20:22:49,CUST-1066,Wireless Ergonomic Mouse,Accessories,Karnataka,Mysuru,Direct Sales,New,8,2500.0,0.05,1000.0,19000.0,7854.61,11145.39,58.66,Net Banking,Completed
ORD-11423,2026-07-21 14:36:11,CUST-1158,Ultra Smartphone,Electronics,Maharashtra,Pune,Distributor,Returning,4,55000.0,0.0,0.0,220000.0,131253.67,88746.33,40.34,Credit Card,Completed
ORD-11424,2026-07-21 13:40:22,CUST-1076,Standing Desk,Furniture,Maharashtra,Mumbai,Direct Sales,Returning,3,32000.0,0.2,19200.0,76800.0,63697.02,13102.98,17.06,Debit Card,Completed
ORD-11425,2026-07-21 08:35:38,CUST-1163,Mechanical Gaming Keyboard,Electronics,Gujarat,Ahmedabad,Distributor,New,1,6500.0,0.05,325.0,6175.0,3670.21,2504.79,40.56,Net Banking,Completed
ORD-11426,2026-07-21 20:50:14,CUST-1267,Wireless Ergonomic Mouse,Accessories,Delhi NCR,Noida,Direct Sales,New,1,2500.0,0.05,125.0,2375.0,1029.08,1345.92,56.67,UPI,Completed
ORD-11427,2026-07-21 09:07:25,CUST-1104,Ultra Smartphone,Electronics,Maharashtra,Pune,Online Store,New,3,55000.0,0.05,8250.0,156750.0,95109.34,61640.66,39.32,Net Banking,Completed
ORD-11428,2026-07-21 07:50:33,CUST-1323,"4K Monitor 27""",Electronics,Tamil Nadu,Chennai,Retail Outlet,Returning,4,28000.0,0.2,22400.0,89600.0,69066.46,20533.54,22.92,Credit Card,Completed
ORD-11429,2026-07-21 20:59:47,CUST-1160,Smart Fitness Watch,Accessories,Tamil Nadu,Coimbatore,Online Store,Returning,6,8500.0,0.25,12750.0,38250.0,26190.43,12059.57,31.53,Credit Card,Completed
ORD-11430,2026-07-21 07:52:01,CUST-1170,Standing Desk,Furniture,Gujarat,Vadodara,Retail Outlet,Returning,1,32000.0,0.05,1600.0,30400.0,20977.06,9422.94,31.0,UPI,Completed
ORD-11431,2026-07-21 17:30:19,CUST-1056,Ultra Smartphone,Electronics,Gujarat,Ahmedabad,Direct Sales,New,4,55000.0,0.2,44000.0,176000.0,134966.33,41033.67,23.31,UPI,Completed
ORD-11432,2026-07-21 20:18:33,CUST-1269,Wireless Ergonomic Mouse,Accessories,Karnataka,Bengaluru,Online Store,Returning,8,2500.0,0.05,1000.0,19000.0,7776.63,11223.37,59.07,Debit Card,Completed
ORD-11433,2026-07-21 17:17:00,CUST-1197,Laptop Pro,Electronics,Maharashtra,Mumbai,Direct Sales,Returning,1,75000.0,0.1,7500.0,67500.0,47164.8,20335.2,30.13,Debit Card,Completed
ORD-11434,2026-07-22 14:22:45,CUST-1060,Ergonomic Office Chair,Furniture,Maharashtra,Nagpur,Distributor,Returning,4,18000.0,0.1,7200.0,64800.0,41871.97,22928.03,35.38,Net Banking,Completed
ORD-11435,2026-07-22 12:12:19,CUST-1076,Mechanical Gaming Keyboard,Electronics,Karnataka,Bengaluru,Direct Sales,Returning,1,6500.0,0.25,1625.0,4875.0,3587.64,1287.36,26.41,Credit Card,Completed
ORD-11436,2026-07-22 16:45:01,CUST-1002,Ultra Smartphone,Electronics,Delhi NCR,New Delhi,Direct Sales,New,1,55000.0,0.1,5500.0,49500.0,32124.45,17375.55,35.1,Net Banking,Completed
ORD-11437,2026-07-22 17:43:08,CUST-1306,Standing Desk,Furniture,Maharashtra,Mumbai,Distributor,New,4,32000.0,0.05,6400.0,121600.0,79682.36,41917.64,34.47,UPI,Completed
ORD-11438,2026-07-22 18:42:05,CUST-1079,Standing Desk,Furniture,Maharashtra,Mumbai,Retail Outlet,Returning,1,32000.0,0.0,0.0,32000.0,19813.2,12186.8,38.08,Credit Card,Completed
ORD-11439,2026-07-22 14:11:58,CUST-1189,USB-C Multiport Dock,Accessories,Karnataka,Mysuru,Distributor,Returning,8,4500.0,0.05,1800.0,34200.0,15970.91,18229.09,53.3,Credit Card,Completed
ORD-11440,2026-07-22 11:44:47,CUST-1344,"4K Monitor 27""",Electronics,Delhi NCR,Gurugram,Online Store,Returning,2,28000.0,0.2,11200.0,44800.0,35084.26,9715.74,21.69,Debit Card,Completed
ORD-11441,2026-07-22 08:20:22,CUST-1286,Ultra Smartphone,Electronics,Delhi NCR,Noida,Online Store,Returning,2,55000.0,0.0,0.0,110000.0,65019.58,44980.42,40.89,Debit Card,Completed
ORD-11442,2026-07-22 09:26:12,CUST-1268,Wireless Noise-Canceling Headphones,Electronics,Gujarat,Surat,Retail Outlet,Returning,1,12000.0,0.05,600.0,11400.0,5840.43,5559.57,48.77,Credit Card,Completed
ORD-11443,2026-07-22 12:13:14,CUST-1278,Wireless Ergonomic Mouse,Accessories,Karnataka,Mysuru,Distributor,Returning,2,2500.0,0.2,1000.0,4000.0,1965.68,2034.32,50.86,UPI,Completed
ORD-11444,2026-07-22 08:33:33,CUST-1255,Mechanical Gaming Keyboard,Electronics,Maharashtra,Nagpur,Direct Sales,New,4,6500.0,0.2,5200.0,20800.0,13849.21,6950.79,33.42,UPI,Completed
ORD-11445,2026-07-22 11:44:56,CUST-1274,Ultra Smartphone,Electronics,Maharashtra,Nagpur,Online Store,Returning,2,55000.0,0.0,0.0,110000.0,68244.19,41755.81,37.96,Net Banking,Completed
ORD-11446,2026-07-22 18:03:48,CUST-1149,Wireless Noise-Canceling Headphones,Electronics,Delhi NCR,Gurugram,Distributor,Returning,3,12000.0,0.0,0.0,36000.0,17422.26,18577.74,51.6,Debit Card,Completed
ORD-11447,2026-07-22 14:56:17,CUST-1054,"4K Monitor 27""",Electronics,Gujarat,Surat,Distributor,New,3,28000.0,0.15,12600.0,71400.0,52101.55,19298.45,27.03,Debit Card,Completed
ORD-11448,2026-07-22 09:42:39,CUST-1073,Ergonomic Office Chair,Furniture,Maharashtra,Pune,Distributor,New,4,18000.0,0.1,7200.0,64800.0,42462.46,22337.54,34.47,Credit Card,Completed
ORD-11449,2026-07-22 11:46:58,CUST-1185,Wireless Noise-Canceling Headphones,Electronics,Gujarat,Surat,Distributor,Returning,2,12000.0,0.0,0.0,24000.0,12181.27,11818.73,49.24,Credit Card,Completed
ORD-11450,2026-07-22 12:30:41,CUST-1106,Wireless Ergonomic Mouse,Accessories,Maharashtra,Pune,Online Store,New,8,2500.0,0.0,0.0,20000.0,7939.96,12060.04,60.3,UPI,Completed
ORD-11451,2026-07-22 15:21:14,CUST-1177,Wireless Ergonomic Mouse,Accessories,Maharashtra,Pune,Online Store,Returning,2,2500.0,0.25,1250.0,3750.0,1947.33,1802.67,48.07,UPI,Completed
ORD-11452,2026-07-22 14:21:58,CUST-1246,"4K Monitor 27""",Electronics,Delhi NCR,New Delhi,Retail Outlet,Returning,1,28000.0,0.15,4200.0,23800.0,17665.2,6134.8,25.78,Debit Card,Completed
ORD-11453,2026-07-22 17:46:22,CUST-1193,Laptop Pro,Electronics,Delhi NCR,New Delhi,Retail Outlet,Returning,4,75000.0,0.1,30000.0,270000.0,196741.32,73258.68,27.13,Debit Card,Completed
ORD-11454,2026-07-22 16:09:02,CUST-1030,Standing Desk,Furniture,Karnataka,Mysuru,Direct Sales,Returning,4,32000.0,0.2,25600.0,102400.0,82531.86,19868.14,19.4,Debit Card,Completed
ORD-11455,2026-07-22 19:20:40,CUST-1211,Ergonomic Office Chair,Furniture,Karnataka,Mysuru,Online Store,Returning,3,18000.0,0.1,5400.0,48600.0,32521.76,16078.24,33.08,Credit Card,Completed
ORD-11456,2026-07-22 12:35:40,CUST-1203,Smart Fitness Watch,Accessories,Maharashtra,Nagpur,Distributor,Returning,8,8500.0,0.25,17000.0,51000.0,36622.82,14377.18,28.19,Credit Card,Completed
ORD-11457,2026-07-22 09:28:31,CUST-1247,USB-C Multiport Dock,Accessories,Karnataka,Mysuru,Distributor,Returning,8,4500.0,0.1,3600.0,32400.0,15554.45,16845.55,51.99,Credit Card,Completed
ORD-11458,2026-07-22 18:11:58,CUST-1042,Smart Fitness Watch,Accessories,Gujarat,Ahmedabad,Online Store,Returning,1,8500.0,0.2,1700.0,6800.0,4320.08,2479.92,36.47,Credit Card,Completed
ORD-11459,2026-07-22 20:22:04,CUST-1193,USB-C Multiport Dock,Accessories,Delhi NCR,New Delhi,Direct Sales,Returning,7,4500.0,0.2,6300.0,25200.0,13660.2,11539.8,45.79,UPI,Cancelled
ORD-11460,2026-07-22 08:31:41,CUST-1249,"4K Monitor 27""",Electronics,Gujarat,Surat,Online Store,Returning,1,28000.0,0.1,2800.0,25200.0,16943.64,8256.36,32.76,Net Banking,Completed
ORD-11461,2026-07-22 15:51:40,CUST-1084,Laptop Pro,Electronics,Gujarat,Vadodara,Retail Outlet,Returning,3,75000.0,0.0,0.0,225000.0,144776.42,80223.58,35.65,Credit Card,Completed
ORD-11462,2026-07-22 21:11:10,CUST-1220,"4K Monitor 27""",Electronics,Maharashtra,Pune,Distributor,Returning,1,28000.0,0.05,1400.0,26600.0,17601.69,8998.31,33.83,Debit Card,Completed
ORD-11463,2026-07-22 11:02:55,CUST-1293,Wireless Ergonomic Mouse,Accessories,Karnataka,Bengaluru,Retail Outlet,New,1,2500.0,0.2,500.0,2000.0,1033.19,966.81,48.34,Credit Card,Completed
ORD-11464,2026-07-22 12:44:40,CUST-1045,"4K Monitor 27""",Electronics,Maharashtra,Nagpur,Online Store,Returning,4,28000.0,0.2,22400.0,89600.0,71046.49,18553.51,20.71,Credit Card,Completed
ORD-11465,2026-07-22 14:27:09,CUST-1286,Wireless Ergonomic Mouse,Accessories,Gujarat,Surat,Online Store,Returning,3,2500.0,0.2,1500.0,6000.0,2937.71,3062.29,51.04,Debit Card,Completed
ORD-11466,2026-07-22 09:13:39,CUST-1137,Standing Desk,Furniture,Karnataka,Bengaluru,Direct Sales,Returning,3,32000.0,0.1,9600.0,86400.0,60049.73,26350.27,30.5,Credit Card,Completed
ORD-11467,2026-07-22 09:35:16,CUST-1253,Wireless Noise-Canceling Headphones,Electronics,Delhi NCR,Gurugram,Retail Outlet,Returning,1,12000.0,0.1,1200.0,10800.0,6066.61,4733.39,43.83,Debit Card,Completed
ORD-11468,2026-07-22 14:13:43,CUST-1067,Ergonomic Office Chair,Furniture,Gujarat,Surat,Direct Sales,Returning,4,18000.0,0.05,3600.0,68400.0,43150.07,25249.93,36.92,Net Banking,Completed
ORD-11469,2026-07-22 10:42:09,CUST-1035,Smart Fitness Watch,Accessories,Tamil Nadu,Chennai,Distributor,Returning,8,8500.0,0.05,3400.0,64600.0,34975.89,29624.11,45.86,Debit Card,Completed
ORD-11470,2026-07-22 17:41:48,CUST-1291,Ergonomic Office Chair,Furniture,Karnataka,Bengaluru,Online Store,New,3,18000.0,0.2,10800.0,43200.0,32351.28,10848.72,25.11,UPI,Completed
ORD-11471,2026-07-22 16:56:45,CUST-1156,"4K Monitor 27""",Electronics,Maharashtra,Nagpur,Online Store,Returning,3,28000.0,0.2,16800.0,67200.0,52056.74,15143.26,22.53,UPI,Completed
ORD-11472,2026-07-22 20:06:18,CUST-1005,Smart Fitness Watch,Accessories,Karnataka,Bengaluru,Online Store,Returning,8,8500.0,0.2,13600.0,54400.0,35495.4,18904.6,34.75,Net Banking,Completed
ORD-11473,2026-07-22 12:38:59,CUST-1086,Ultra Smartphone,Electronics,Maharashtra,Pune,Retail Outlet,Returning,3,55000.0,0.05,8250.0,156750.0,95306.8,61443.2,39.2,Debit Card,Completed
ORD-11474,2026-07-22 10:13:02,CUST-1014,Ultra Smartphone,Electronics,Karnataka,Bengaluru,Distributor,Returning,3,55000.0,0.2,33000.0,132000.0,102145.34,29854.66,22.62,Net Banking,Completed
ORD-11475,2026-07-22 16:31:36,CUST-1242,Wireless Noise-Canceling Headphones,Electronics,Maharashtra,Pune,Distributor,Returning,3,12000.0,0.05,1800.0,34200.0,17440.05,16759.95,49.01,Debit Card,Completed
ORD-11476,2026-07-22 14:48:00,CUST-1324,Mechanical Gaming Keyboard,Electronics,Maharashtra,Mumbai,Distributor,New,1,6500.0,0.1,650.0,5850.0,3514.14,2335.86,39.93,Credit Card,Completed
ORD-11477,2026-07-22 13:17:32,CUST-1149,Laptop Pro,Electronics,Tamil Nadu,Coimbatore,Direct Sales,New,2,75000.0,0.15,22500.0,127500.0,99801.59,27698.41,21.72,UPI,Completed
ORD-11478,2026-07-22 07:27:24,CUST-1127,Ergonomic Office Chair,Furniture,Tamil Nadu,Coimbatore,Direct Sales,New,2,18000.0,0.0,0.0,36000.0,21569.23,14430.77,40.09,Credit Card,Completed
ORD-11479,2026-07-23 19:05:25,CUST-1259,Wireless Noise-Canceling Headphones,Electronics,Gujarat,Surat,Direct Sales,Returning,4,12000.0,0.25,12000.0,36000.0,24767.07,11232.93,31.2,Credit Card,Completed
ORD-11480,2026-07-23 09:43:52,CUST-1200,Smart Fitness Watch,Accessories,Karnataka,Mysuru,Direct Sales,Returning,7,8500.0,0.15,8925.0,50575.0,30127.01,20447.99,40.43,Debit Card,Completed
ORD-11481,2026-07-23 18:23:26,CUST-1270,Ergonomic Office Chair,Furniture,Delhi NCR,New Delhi,Online Store,Returning,3,18000.0,0.05,2700.0,51300.0,32482.86,18817.14,36.68,Credit Card,Cancelled
ORD-11482,2026-07-23 17:59:36,CUST-1030,USB-C Multiport Dock,Accessories,Maharashtra,Mumbai,Distributor,New,4,4500.0,0.1,1800.0,16200.0,7885.99,8314.01,51.32,Debit Card,Completed
ORD-11483,2026-07-23 13:54:06,CUST-1237,Wireless Noise-Canceling Headphones,Electronics,Maharashtra,Pune,Online Store,New,3,12000.0,0.2,7200.0,28800.0,17324.34,11475.66,39.85,Net Banking,Completed
ORD-11484,2026-07-23 15:38:57,CUST-1229,Laptop Pro,Electronics,Gujarat,Vadodara,Retail Outlet,New,3,75000.0,0.1,22500.0,202500.0,149287.06,53212.94,26.28,Net Banking,Completed
ORD-11485,2026-07-23 09:54:57,CUST-1300,USB-C Multiport Dock,Accessories,Tamil Nadu,Chennai,Retail Outlet,Returning,5,4500.0,0.0,0.0,22500.0,9860.96,12639.04,56.17,UPI,Completed
ORD-11486,2026-07-23 21:14:15,CUST-1203,Laptop Pro,Electronics,Karnataka,Bengaluru,Distributor,Returning,4,75000.0,0.05,15000.0,285000.0,195578.9,89421.1,31.38,Net Banking,Completed
ORD-11487,2026-07-23 11:32:29,CUST-1060,Standing Desk,Furniture,Maharashtra,Nagpur,Distributor,Returning,1,32000.0,0.1,3200.0,28800.0,20087.57,8712.43,30.25,Debit Card,Cancelled
ORD-11488,2026-07-23 12:56:36,CUST-1115,"4K Monitor 27""",Electronics,Karnataka,Bengaluru,Retail Outlet,New,2,28000.0,0.25,14000.0,42000.0,34323.63,7676.37,18.28,Debit Card,Completed
ORD-11489,2026-07-23 12:55:02,CUST-1338,Mechanical Gaming Keyboard,Electronics,Gujarat,Vadodara,Direct Sales,Returning,2,6500.0,0.0,0.0,13000.0,7113.3,5886.7,45.28,UPI,Completed
ORD-11490,2026-07-23 07:49:10,CUST-1005,Wireless Noise-Canceling Headphones,Electronics,Maharashtra,Mumbai,Online Store,New,3,12000.0,0.05,1800.0,34200.0,17588.11,16611.89,48.57,Net Banking,Completed
ORD-11491,2026-07-23 16:13:08,CUST-1302,Mechanical Gaming Keyboard,Electronics,Karnataka,Bengaluru,Direct Sales,Returning,4,6500.0,0.05,1300.0,24700.0,14054.4,10645.6,43.1,Net Banking,Completed
ORD-11492,2026-07-23 21:13:58,CUST-1152,Ultra Smartphone,Electronics,Karnataka,Bengaluru,Distributor,New,1,55000.0,0.2,11000.0,44000.0,32787.55,11212.45,25.48,Credit Card,Completed
ORD-11493,2026-07-23 09:07:59,CUST-1231,Wireless Ergonomic Mouse,Accessories,Maharashtra,Pune,Distributor,Returning,8,2500.0,0.15,3000.0,17000.0,7736.19,9263.81,54.49,Net Banking,Completed
ORD-11494,2026-07-23 20:29:00,CUST-1167,USB-C Multiport Dock,Accessories,Gujarat,Ahmedabad,Direct Sales,New,1,4500.0,0.2,900.0,3600.0,1964.25,1635.75,45.44,Debit Card,Completed
ORD-11495,2026-07-23 14:51:08,CUST-1091,Wireless Noise-Canceling Headphones,Electronics,Gujarat,Ahmedabad,Distributor,New,4,12000.0,0.0,0.0,48000.0,23470.12,24529.88,51.1,Debit Card,Completed
ORD-11496,2026-07-23 10:41:12,CUST-1242,Smart Fitness Watch,Accessories,Karnataka,Bengaluru,Online Store,New,6,8500.0,0.05,2550.0,48450.0,26096.64,22353.36,46.14,Debit Card,Completed
ORD-11497,2026-07-23 13:52:26,CUST-1146,Wireless Ergonomic Mouse,Accessories,Delhi NCR,Noida,Retail Outlet,Returning,8,2500.0,0.2,4000.0,16000.0,8065.19,7934.81,49.59,Debit Card,Completed
ORD-11498,2026-07-23 13:54:35,CUST-1126,Standing Desk,Furniture,Karnataka,Mysuru,Distributor,New,4,32000.0,0.0,0.0,128000.0,82763.36,45236.64,35.34,Credit Card,Completed
ORD-11499,2026-07-23 17:34:59,CUST-1036,Wireless Ergonomic Mouse,Accessories,Delhi NCR,Noida,Online Store,New,6,2500.0,0.0,0.0,15000.0,5942.85,9057.15,60.38,Debit Card,Completed
ORD-11500,2026-07-23 18:52:56,CUST-1156,Wireless Noise-Canceling Headphones,Electronics,Maharashtra,Mumbai,Retail Outlet,Returning,1,12000.0,0.15,1800.0,10200.0,5788.06,4411.94,43.25,UPI,Completed
ORD-11501,2026-07-23 15:03:22,CUST-1273,"4K Monitor 27""",Electronics,Gujarat,Surat,Online Store,Returning,3,28000.0,0.15,12600.0,71400.0,50130.69,21269.31,29.79,Debit Card,Completed
ORD-11502,2026-07-23 19:26:06,CUST-1126,Standing Desk,Furniture,Tamil Nadu,Chennai,Online Store,Returning,3,32000.0,0.05,4800.0,91200.0,60771.53,30428.47,33.36,Credit Card,Completed
ORD-11503,2026-07-23 20:22:20,CUST-1269,USB-C Multiport Dock,Accessories,Delhi NCR,Gurugram,Retail Outlet,New,8,4500.0,0.0,0.0,36000.0,16230.21,19769.79,54.92,UPI,Completed
ORD-11504,2026-07-23 10:01:12,CUST-1190,Laptop Pro,Electronics,Karnataka,Bengaluru,Retail Outlet,New,1,75000.0,0.1,7500.0,67500.0,48375.92,19124.08,28.33,Credit Card,Completed
ORD-11505,2026-07-23 09:49:09,CUST-1216,Ergonomic Office Chair,Furniture,Gujarat,Ahmedabad,Retail Outlet,New,2,18000.0,0.0,0.0,36000.0,20640.58,15359.42,42.67,UPI,Completed
ORD-11506,2026-07-23 11:46:27,CUST-1085,Wireless Ergonomic Mouse,Accessories,Maharashtra,Mumbai,Online Store,New,2,2500.0,0.0,0.0,5000.0,2076.28,2923.72,58.47,Debit Card,Completed
ORD-11507,2026-07-23 12:51:30,CUST-1110,Wireless Ergonomic Mouse,Accessories,Tamil Nadu,Coimbatore,Direct Sales,Returning,4,2500.0,0.0,0.0,10000.0,4139.42,5860.58,58.61,Net Banking,Completed
ORD-11508,2026-07-23 15:21:09,CUST-1213,Ultra Smartphone,Electronics,Maharashtra,Pune,Online Store,Returning,1,55000.0,0.2,11000.0,44000.0,33402.72,10597.28,24.08,Credit Card,Completed
ORD-11509,2026-07-23 18:19:00,CUST-1105,Smart Fitness Watch,Accessories,Maharashtra,Pune,Online Store,New,4,8500.0,0.2,6800.0,27200.0,17578.63,9621.37,35.37,Credit Card,Completed
ORD-11510,2026-07-23 11:59:42,CUST-1205,Ultra Smartphone,Electronics,Karnataka,Mysuru,Retail Outlet,New,3,55000.0,0.2,33000.0,132000.0,102794.62,29205.38,22.13,Net Banking,Completed
ORD-11511,2026-07-23 17:43:19,CUST-1032,Ultra Smartphone,Electronics,Karnataka,Bengaluru,Distributor,New,3,55000.0,0.0,0.0,165000.0,101497.34,63502.66,38.49,Net Banking,Completed
ORD-11512,2026-07-23 09:15:47,CUST-1269,"4K Monitor 27""",Electronics,Karnataka,Bengaluru,Online Store,New,3,28000.0,0.1,8400.0,75600.0,50652.05,24947.95,33.0,Net Banking,Completed
ORD-11513,2026-07-23 18:58:41,CUST-1038,USB-C Multiport Dock,Accessories,Karnataka,Mysuru,Direct Sales,Returning,6,4500.0,0.0,0.0,27000.0,12541.47,14458.53,53.55,Credit Card,Completed
ORD-11514,2026-07-23 09:26:21,CUST-1234,"4K Monitor 27""",Electronics,Maharashtra,Mumbai,Direct Sales,Returning,3,28000.0,0.2,16800.0,67200.0,53515.41,13684.59,20.36,Net Banking,Completed
ORD-11515,2026-07-23 18:36:20,CUST-1049,USB-C Multiport Dock,Accessories,Karnataka,Bengaluru,Direct Sales,Returning,6,4500.0,0.05,1350.0,25650.0,11977.36,13672.64,53.3,UPI,Completed
ORD-11516,2026-07-24 20:52:14,CUST-1211,Smart Fitness Watch,Accessories,Delhi NCR,New Delhi,Direct Sales,New,8,8500.0,0.0,0.0,68000.0,34725.64,33274.36,48.93,Credit Card,Completed
ORD-11517,2026-07-24 21:07:44,CUST-1301,Wireless Ergonomic Mouse,Accessories,Maharashtra,Nagpur,Retail Outlet,New,2,2500.0,0.05,250.0,4750.0,1993.34,2756.66,58.03,UPI,Completed
ORD-11518,2026-07-24 11:42:54,CUST-1326,Laptop Pro,Electronics,Karnataka,Mysuru,Direct Sales,Returning,2,75000.0,0.2,30000.0,120000.0,100497.29,19502.71,16.25,UPI,Completed
ORD-11519,2026-07-24 15:17:02,CUST-1237,Wireless Ergonomic Mouse,Accessories,Karnataka,Bengaluru,Distributor,New,6,2500.0,0.25,3750.0,11250.0,6207.92,5042.08,44.82,UPI,Completed
ORD-11520,2026-07-24 10:05:56,CUST-1287,Standing Desk,Furniture,Tamil Nadu,Chennai,Online Store,Returning,1,32000.0,0.25,8000.0,24000.0,20082.81,3917.19,16.32,Credit Card,Completed
ORD-11521,2026-07-24 11:29:53,CUST-1333,Smart Fitness Watch,Accessories,Delhi NCR,Gurugram,Direct Sales,New,2,8500.0,0.25,4250.0,12750.0,8681.05,4068.95,31.91,Net Banking,Completed
ORD-11522,2026-07-24 09:45:49,CUST-1138,Ergonomic Office Chair,Furniture,Gujarat,Ahmedabad,Online Store,New,4,18000.0,0.15,10800.0,61200.0,41504.83,19695.17,32.18,Credit Card,Completed
ORD-11523,2026-07-24 10:39:29,CUST-1327,"4K Monitor 27""",Electronics,Delhi NCR,Gurugram,Retail Outlet,Returning,1,28000.0,0.2,5600.0,22400.0,17236.34,5163.66,23.05,Debit Card,Completed
ORD-11524,2026-07-24 12:34:55,CUST-1049,Wireless Ergonomic Mouse,Accessories,Gujarat,Vadodara,Retail Outlet,Returning,6,2500.0,0.0,0.0,15000.0,5919.01,9080.99,60.54,Credit Card,Completed
ORD-11525,2026-07-24 11:20:47,CUST-1091,Laptop Pro,Electronics,Maharashtra,Mumbai,Retail Outlet,Returning,2,75000.0,0.05,7500.0,142500.0,97941.01,44558.99,31.27,Credit Card,Completed
ORD-11526,2026-07-24 15:58:59,CUST-1210,"4K Monitor 27""",Electronics,Tamil Nadu,Coimbatore,Retail Outlet,Returning,4,28000.0,0.25,28000.0,84000.0,71609.93,12390.07,14.75,UPI,Completed
ORD-11527,2026-07-24 17:33:57,CUST-1009,Laptop Pro,Electronics,Gujarat,Surat,Direct Sales,Returning,4,75000.0,0.0,0.0,300000.0,199779.75,100220.25,33.41,Credit Card,Completed
ORD-11528,2026-07-24 11:22:57,CUST-1154,USB-C Multiport Dock,Accessories,Maharashtra,Pune,Distributor,Returning,5,4500.0,0.25,5625.0,16875.0,9929.81,6945.19,41.16,Debit Card,Completed
ORD-11529,2026-07-24 14:45:20,CUST-1077,Standing Desk,Furniture,Tamil Nadu,Chennai,Direct Sales,Returning,3,32000.0,0.2,19200.0,76800.0,62692.25,14107.75,18.37,UPI,Completed
ORD-11530,2026-07-24 18:44:03,CUST-1051,USB-C Multiport Dock,Accessories,Karnataka,Bengaluru,Online Store,Returning,5,4500.0,0.2,4500.0,18000.0,10134.56,7865.44,43.7,Net Banking,Completed
ORD-11531,2026-07-24 20:44:10,CUST-1293,Ergonomic Office Chair,Furniture,Gujarat,Surat,Retail Outlet,Returning,3,18000.0,0.05,2700.0,51300.0,30699.13,20600.87,40.16,UPI,Completed
ORD-11532,2026-07-24 09:28:44,CUST-1031,Mechanical Gaming Keyboard,Electronics,Maharashtra,Mumbai,Retail Outlet,New,1,6500.0,0.2,1300.0,5200.0,3541.13,1658.87,31.9,UPI,Completed
ORD-11533,2026-07-24 14:10:50,CUST-1077,Mechanical Gaming Keyboard,Electronics,Gujarat,Vadodara,Online Store,Returning,4,6500.0,0.2,5200.0,20800.0,14697.19,6102.81,29.34,Credit Card,Completed
ORD-11534,2026-07-24 09:02:12,CUST-1281,Wireless Noise-Canceling Headphones,Electronics,Karnataka,Mysuru,Online Store,New,4,12000.0,0.0,0.0,48000.0,24276.89,23723.11,49.42,UPI,Completed
ORD-11535,2026-07-24 20:09:15,CUST-1275,Standing Desk,Furniture,Maharashtra,Pune,Online Store,New,2,32000.0,0.05,3200.0,60800.0,41863.2,18936.8,31.15,UPI,Completed
ORD-11536,2026-07-24 07:53:56,CUST-1144,USB-C Multiport Dock,Accessories,Maharashtra,Pune,Distributor,Returning,8,4500.0,0.1,3600.0,32400.0,16653.06,15746.94,48.6,Credit Card,Completed
ORD-11537,2026-07-24 12:38:14,CUST-1235,Wireless Noise-Canceling Headphones,Electronics,Delhi NCR,Noida,Direct Sales,New,4,12000.0,0.15,7200.0,40800.0,24607.89,16192.11,39.69,UPI,Completed
ORD-11538,2026-07-24 07:32:17,CUST-1071,Ergonomic Office Chair,Furniture,Maharashtra,Nagpur,Distributor,Returning,4,18000.0,0.1,7200.0,64800.0,42355.41,22444.59,34.64,UPI,Completed
ORD-11539,2026-07-24 08:02:32,CUST-1340,Wireless Ergonomic Mouse,Accessories,Delhi NCR,New Delhi,Retail Outlet,Returning,4,2500.0,0.0,0.0,10000.0,3891.23,6108.77,61.09,UPI,Completed
ORD-11540,2026-07-24 19:34:27,CUST-1070,"4K Monitor 27""",Electronics,Maharashtra,Mumbai,Online Store,New,2,28000.0,0.0,0.0,56000.0,33946.67,22053.33,39.38,Credit Card,Completed
ORD-11541,2026-07-24 12:49:31,CUST-1096,USB-C Multiport Dock,Accessories,Karnataka,Bengaluru,Retail Outlet,Returning,3,4500.0,0.15,2025.0,11475.0,5872.49,5602.51,48.82,Credit Card,Completed
ORD-11542,2026-07-24 20:30:28,CUST-1167,Ergonomic Office Chair,Furniture,Gujarat,Vadodara,Distributor,Returning,4,18000.0,0.15,10800.0,61200.0,42890.36,18309.64,29.92,Credit Card,Completed
ORD-11543,2026-07-24 15:15:12,CUST-1256,Ergonomic Office Chair,Furniture,Gujarat,Vadodara,Distributor,New,2,18000.0,0.15,5400.0,30600.0,21188.51,9411.49,30.76,UPI,Completed
ORD-11544,2026-07-24 08:19:33,CUST-1204,USB-C Multiport Dock,Accessories,Karnataka,Bengaluru,Direct Sales,Returning,8,4500.0,0.2,7200.0,28800.0,15756.03,13043.97,45.29,UPI,Completed
ORD-11545,2026-07-24 19:47:30,CUST-1292,Mechanical Gaming Keyboard,Electronics,Maharashtra,Nagpur,Distributor,Returning,1,6500.0,0.05,325.0,6175.0,3590.51,2584.49,41.85,UPI,Completed
ORD-11546,2026-07-24 15:38:55,CUST-1264,Ergonomic Office Chair,Furniture,Maharashtra,Mumbai,Retail Outlet,New,3,18000.0,0.1,5400.0,48600.0,30448.63,18151.37,37.35,Net Banking,Completed
ORD-11547,2026-07-24 21:06:45,CUST-1258,Ultra Smartphone,Electronics,Karnataka,Mysuru,Direct Sales,New,1,55000.0,0.05,2750.0,52250.0,33106.41,19143.59,36.64,Debit Card,Completed
ORD-11548,2026-07-24 13:12:11,CUST-1272,"4K Monitor 27""",Electronics,Karnataka,Bengaluru,Direct Sales,Returning,3,28000.0,0.25,21000.0,63000.0,51725.91,11274.09,17.9,UPI,Completed
ORD-11549,2026-07-24 11:05:29,CUST-1168,"4K Monitor 27""",Electronics,Delhi NCR,New Delhi,Online Store,Returning,1,28000.0,0.15,4200.0,23800.0,16966.07,6833.93,28.71,UPI,Completed
ORD-11550,2026-07-25 10:31:28,CUST-1116,Mechanical Gaming Keyboard,Electronics,Maharashtra,Pune,Online Store,Returning,2,6500.0,0.0,0.0,13000.0,7364.6,5635.4,43.35,Net Banking,Completed
ORD-11551,2026-07-25 14:23:15,CUST-1035,Standing Desk,Furniture,Maharashtra,Pune,Retail Outlet,New,3,32000.0,0.15,14400.0,81600.0,61659.03,19940.97,24.44,UPI,Completed
ORD-11552,2026-07-25 20:08:32,CUST-1174,Standing Desk,Furniture,Maharashtra,Mumbai,Retail Outlet,Returning,2,32000.0,0.05,3200.0,60800.0,41313.09,19486.91,32.05,Net Banking,Completed
ORD-11553,2026-07-25 15:37:54,CUST-1342,Standing Desk,Furniture,Gujarat,Surat,Distributor,New,2,32000.0,0.15,9600.0,54400.0,41849.42,12550.58,23.07,UPI,Completed
ORD-11554,2026-07-25 18:39:20,CUST-1119,USB-C Multiport Dock,Accessories,Gujarat,Vadodara,Distributor,Returning,4,4500.0,0.25,4500.0,13500.0,7962.68,5537.32,41.02,Debit Card,Completed
ORD-11555,2026-07-25 14:25:24,CUST-1271,"4K Monitor 27""",Electronics,Maharashtra,Mumbai,Online Store,New,4,28000.0,0.05,5600.0,106400.0,72069.21,34330.79,32.27,Debit Card,Completed
ORD-11556,2026-07-25 18:28:55,CUST-1328,Laptop Pro,Electronics,Delhi NCR,New Delhi,Direct Sales,Returning,4,75000.0,0.15,45000.0,255000.0,201945.99,53054.01,20.81,Debit Card,Completed
ORD-11557,2026-07-25 15:22:09,CUST-1120,Standing Desk,Furniture,Maharashtra,Pune,Retail Outlet,Returning,4,32000.0,0.2,25600.0,102400.0,83564.86,18835.14,18.39,UPI,Completed
ORD-11558,2026-07-25 08:13:52,CUST-1255,Wireless Noise-Canceling Headphones,Electronics,Maharashtra,Nagpur,Distributor,Returning,1,12000.0,0.05,600.0,11400.0,5986.35,5413.65,47.49,UPI,Completed
ORD-11559,2026-07-25 20:35:45,CUST-1301,Mechanical Gaming Keyboard,Electronics,Maharashtra,Pune,Retail Outlet,Returning,4,6500.0,0.15,3900.0,22100.0,13948.15,8151.85,36.89,UPI,Completed
ORD-11560,2026-07-25 08:22:41,CUST-1087,Ultra Smartphone,Electronics,Delhi NCR,New Delhi,Direct Sales,Returning,3,55000.0,0.15,24750.0,140250.0,95751.24,44498.76,31.73,UPI,Completed
ORD-11561,2026-07-25 10:08:23,CUST-1270,Ultra Smartphone,Electronics,Karnataka,Mysuru,Direct Sales,Returning,3,55000.0,0.2,33000.0,132000.0,100210.99,31789.01,24.08,Debit Card,Completed
ORD-11562,2026-07-25 18:36:56,CUST-1254,Laptop Pro,Electronics,Delhi NCR,Noida,Retail Outlet,Returning,1,75000.0,0.15,11250.0,63750.0,46829.45,16920.55,26.54,UPI,Completed
ORD-11563,2026-07-25 11:52:59,CUST-1328,Mechanical Gaming Keyboard,Electronics,Gujarat,Ahmedabad,Direct Sales,Returning,1,6500.0,0.2,1300.0,5200.0,3475.13,1724.87,33.17,Credit Card,Completed
ORD-11564,2026-07-25 09:06:13,CUST-1235,Wireless Ergonomic Mouse,Accessories,Maharashtra,Pune,Online Store,New,5,2500.0,0.05,625.0,11875.0,5025.64,6849.36,57.68,UPI,Completed
ORD-11565,2026-07-25 20:33:20,CUST-1329,USB-C Multiport Dock,Accessories,Maharashtra,Nagpur,Online Store,Returning,3,4500.0,0.1,1350.0,12150.0,6295.65,5854.35,48.18,Net Banking,Completed
ORD-11566,2026-07-25 08:31:00,CUST-1184,Smart Fitness Watch,Accessories,Maharashtra,Pune,Online Store,New,2,8500.0,0.1,1700.0,15300.0,8527.16,6772.84,44.27,Credit Card,Completed
ORD-11567,2026-07-25 10:32:29,CUST-1266,Ultra Smartphone,Electronics,Gujarat,Surat,Retail Outlet,New,4,55000.0,0.0,0.0,220000.0,132077.16,87922.84,39.96,Credit Card,Completed
ORD-11568,2026-07-25 12:27:46,CUST-1193,Ultra Smartphone,Electronics,Karnataka,Mysuru,Online Store,Returning,2,55000.0,0.2,22000.0,88000.0,67981.73,20018.27,22.75,Debit Card,Completed
ORD-11569,2026-07-25 14:14:55,CUST-1204,Ultra Smartphone,Electronics,Maharashtra,Pune,Direct Sales,Returning,3,55000.0,0.05,8250.0,156750.0,95423.42,61326.58,39.12,UPI,Completed
ORD-11570,2026-07-25 16:23:22,CUST-1168,Laptop Pro,Electronics,Maharashtra,Pune,Distributor,New,2,75000.0,0.15,22500.0,127500.0,98734.71,28765.29,22.56,Net Banking,Completed
ORD-11571,2026-07-25 17:26:03,CUST-1061,Smart Fitness Watch,Accessories,Karnataka,Mysuru,Retail Outlet,New,3,8500.0,0.1,2550.0,22950.0,13129.59,9820.41,42.79,Debit Card,Completed
ORD-11572,2026-07-25 10:17:34,CUST-1023,Mechanical Gaming Keyboard,Electronics,Tamil Nadu,Chennai,Direct Sales,Returning,4,6500.0,0.1,2600.0,23400.0,13922.89,9477.11,40.5,UPI,Completed
ORD-11573,2026-07-25 15:59:33,CUST-1181,USB-C Multiport Dock,Accessories,Karnataka,Mysuru,Retail Outlet,Returning,7,4500.0,0.25,7875.0,23625.0,14332.34,9292.66,39.33,Debit Card,Completed
ORD-11574,2026-07-25 08:06:58,CUST-1130,USB-C Multiport Dock,Accessories,Maharashtra,Nagpur,Distributor,New,6,4500.0,0.25,6750.0,20250.0,11886.32,8363.68,41.3,Credit Card,Completed
ORD-11575,2026-07-25 10:17:38,CUST-1275,Ultra Smartphone,Electronics,Delhi NCR,Gurugram,Distributor,New,4,55000.0,0.1,22000.0,198000.0,129856.66,68143.34,34.42,UPI,Completed
ORD-11576,2026-07-25 10:32:05,CUST-1061,Mechanical Gaming Keyboard,Electronics,Gujarat,Surat,Distributor,Returning,1,6500.0,0.2,1300.0,5200.0,3603.96,1596.04,30.69,UPI,Completed
ORD-11577,2026-07-25 11:23:12,CUST-1148,Smart Fitness Watch,Accessories,Gujarat,Surat,Online Store,Returning,8,8500.0,0.15,10200.0,57800.0,36639.86,21160.14,36.61,UPI,Completed
ORD-11578,2026-07-25 09:10:01,CUST-1139,"4K Monitor 27""",Electronics,Karnataka,Mysuru,Retail Outlet,New,4,28000.0,0.2,22400.0,89600.0,72114.32,17485.68,19.52,Debit Card,Completed
ORD-11579,2026-07-25 09:25:35,CUST-1193,Standing Desk,Furniture,Maharashtra,Nagpur,Online Store,Returning,4,32000.0,0.05,6400.0,121600.0,79213.22,42386.78,34.86,UPI,Completed
ORD-11580,2026-07-25 14:32:03,CUST-1029,"4K Monitor 27""",Electronics,Tamil Nadu,Coimbatore,Direct Sales,Returning,3,28000.0,0.15,12600.0,71400.0,51468.17,19931.83,27.92,Debit Card,Completed
ORD-11581,2026-07-25 10:35:28,CUST-1026,Wireless Ergonomic Mouse,Accessories,Delhi NCR,Noida,Direct Sales,Returning,1,2500.0,0.1,250.0,2250.0,1002.06,1247.94,55.46,Net Banking,Completed
ORD-11582,2026-07-25 17:17:22,CUST-1159,Wireless Noise-Canceling Headphones,Electronics,Maharashtra,Pune,Distributor,New,3,12000.0,0.15,5400.0,30600.0,17431.67,13168.33,43.03,Debit Card,Completed
ORD-11583,2026-07-25 09:23:57,CUST-1323,Ergonomic Office Chair,Furniture,Maharashtra,Pune,Distributor,New,2,18000.0,0.05,1800.0,34200.0,20674.25,13525.75,39.55,Net Banking,Completed
ORD-11584,2026-07-25 15:54:48,CUST-1095,USB-C Multiport Dock,Accessories,Karnataka,Mysuru,Direct Sales,Returning,2,4500.0,0.1,900.0,8100.0,3912.02,4187.98,51.7,Net Banking,Completed
ORD-11585,2026-07-25 08:39:05,CUST-1338,Standing Desk,Furniture,Tamil Nadu,Chennai,Retail Outlet,New,1,32000.0,0.15,4800.0,27200.0,20809.32,6390.68,23.5,Net Banking,Completed
ORD-11586,2026-07-25 12:55:50,CUST-1323,Standing Desk,Furniture,Karnataka,Bengaluru,Online Store,Returning,4,32000.0,0.05,6400.0,121600.0,81333.44,40266.56,33.11,Debit Card,Completed
ORD-11587,2026-07-25 15:22:52,CUST-1338,Wireless Ergonomic Mouse,Accessories,Delhi NCR,New Delhi,Online Store,New,1,2500.0,0.1,250.0,2250.0,1002.64,1247.36,55.44,Net Banking,Completed
ORD-11588,2026-07-25 17:56:08,CUST-1326,Ultra Smartphone,Electronics,Delhi NCR,Gurugram,Direct Sales,Returning,1,55000.0,0.25,13750.0,41250.0,32012.11,9237.89,22.39,Net Banking,Completed
ORD-11589,2026-07-25 10:21:29,CUST-1060,Laptop Pro,Electronics,Gujarat,Ahmedabad,Online Store,Returning,2,75000.0,0.2,30000.0,120000.0,100946.62,19053.38,15.88,UPI,Completed
ORD-11590,2026-07-26 07:55:24,CUST-1244,Ergonomic Office Chair,Furniture,Karnataka,Mysuru,Distributor,Returning,2,18000.0,0.2,7200.0,28800.0,20641.32,8158.68,28.33,Credit Card,Completed
ORD-11591,2026-07-26 16:48:47,CUST-1221,"4K Monitor 27""",Electronics,Delhi NCR,Gurugram,Direct Sales,Returning,1,28000.0,0.1,2800.0,25200.0,17553.59,7646.41,30.34,Debit Card,Completed
ORD-11592,2026-07-26 14:49:56,CUST-1005,Ergonomic Office Chair,Furniture,Maharashtra,Nagpur,Direct Sales,Returning,2,18000.0,0.2,7200.0,28800.0,20078.82,8721.18,30.28,Credit Card,Completed
ORD-11593,2026-07-26 14:03:53,CUST-1074,Laptop Pro,Electronics,Gujarat,Ahmedabad,Distributor,New,1,75000.0,0.05,3750.0,71250.0,48234.51,23015.49,32.3,Credit Card,Completed
ORD-11594,2026-07-26 21:04:12,CUST-1073,Smart Fitness Watch,Accessories,Delhi NCR,New Delhi,Online Store,Returning,7,8500.0,0.05,2975.0,56525.0,31890.08,24634.92,43.58,Credit Card,Completed
ORD-11595,2026-07-26 16:52:53,CUST-1045,Laptop Pro,Electronics,Karnataka,Mysuru,Online Store,Returning,3,75000.0,0.0,0.0,225000.0,140764.09,84235.91,37.44,Debit Card,Completed
ORD-11596,2026-07-26 12:35:03,CUST-1079,Mechanical Gaming Keyboard,Electronics,Maharashtra,Nagpur,Online Store,Returning,4,6500.0,0.15,3900.0,22100.0,14570.23,7529.77,34.07,Debit Card,Completed
ORD-11597,2026-07-26 18:17:17,CUST-1125,Smart Fitness Watch,Accessories,Karnataka,Mysuru,Direct Sales,New,2,8500.0,0.0,0.0,17000.0,8661.9,8338.1,49.05,UPI,Completed
ORD-11598,2026-07-26 13:16:14,CUST-1132,Mechanical Gaming Keyboard,Electronics,Maharashtra,Nagpur,Direct Sales,New,2,6500.0,0.0,0.0,13000.0,7265.8,5734.2,44.11,Credit Card,Completed
ORD-11599,2026-07-26 20:52:44,CUST-1143,Standing Desk,Furniture,Tamil Nadu,Chennai,Online Store,Returning,2,32000.0,0.15,9600.0,54400.0,41851.55,12548.45,23.07,UPI,Completed
ORD-11600,2026-07-26 21:14:26,CUST-1328,Laptop Pro,Electronics,Karnataka,Bengaluru,Direct Sales,New,2,75000.0,0.05,7500.0,142500.0,95070.67,47429.33,33.28,Net Banking,Completed
ORD-11601,2026-07-26 20:59:07,CUST-1152,"4K Monitor 27""",Electronics,Gujarat,Ahmedabad,Retail Outlet,Returning,1,28000.0,0.15,4200.0,23800.0,17184.38,6615.62,27.8,Credit Card,Completed
ORD-11602,2026-07-26 21:06:17,CUST-1243,Ultra Smartphone,Electronics,Maharashtra,Pune,Direct Sales,Returning,1,55000.0,0.2,11000.0,44000.0,32501.82,11498.18,26.13,UPI,Completed
ORD-11603,2026-07-26 15:36:45,CUST-1057,Mechanical Gaming Keyboard,Electronics,Gujarat,Vadodara,Direct Sales,Returning,4,6500.0,0.1,2600.0,23400.0,14034.7,9365.3,40.02,Credit Card,Completed
ORD-11604,2026-07-26 12:38:20,CUST-1253,Wireless Ergonomic Mouse,Accessories,Karnataka,Mysuru,Direct Sales,Returning,1,2500.0,0.05,125.0,2375.0,1008.49,1366.51,57.54,Net Banking,Completed
ORD-11605,2026-07-26 08:54:17,CUST-1030,Standing Desk,Furniture,Gujarat,Vadodara,Distributor,Returning,1,32000.0,0.0,0.0,32000.0,20348.56,11651.44,36.41,UPI,Completed
ORD-11606,2026-07-26 13:59:46,CUST-1100,Wireless Noise-Canceling Headphones,Electronics,Maharashtra,Pune,Distributor,Returning,3,12000.0,0.2,7200.0,28800.0,18572.91,10227.09,35.51,Net Banking,Completed
ORD-11607,2026-07-26 09:18:42,CUST-1254,Ergonomic Office Chair,Furniture,Gujarat,Vadodara,Online Store,Returning,4,18000.0,0.0,0.0,72000.0,41755.8,30244.2,42.01,UPI,Completed
ORD-11608,2026-07-26 18:29:43,CUST-1196,Wireless Ergonomic Mouse,Accessories,Karnataka,Mysuru,Distributor,Returning,8,2500.0,0.0,0.0,20000.0,7790.9,12209.1,61.05,UPI,Completed
ORD-11609,2026-07-26 10:52:35,CUST-1340,Ultra Smartphone,Electronics,Gujarat,Ahmedabad,Online Store,Returning,2,55000.0,0.05,5500.0,104500.0,64456.54,40043.46,38.32,Debit Card,Completed
ORD-11610,2026-07-26 07:25:35,CUST-1345,Ergonomic Office Chair,Furniture,Karnataka,Bengaluru,Retail Outlet,Returning,4,18000.0,0.0,0.0,72000.0,41296.35,30703.65,42.64,Debit Card,Completed
ORD-11611,2026-07-26 13:04:11,CUST-1066,Ultra Smartphone,Electronics,Maharashtra,Pune,Distributor,Returning,4,55000.0,0.1,22000.0,198000.0,133678.62,64321.38,32.49,Credit Card,Completed
ORD-11612,2026-07-26 07:38:45,CUST-1246,"4K Monitor 27""",Electronics,Maharashtra,Nagpur,Online Store,Returning,1,28000.0,0.15,4200.0,23800.0,17151.96,6648.04,27.93,Credit Card,Completed
ORD-11613,2026-07-26 17:08:54,CUST-1216,Ultra Smartphone,Electronics,Karnataka,Bengaluru,Distributor,Returning,4,55000.0,0.0,0.0,220000.0,133960.36,86039.64,39.11,UPI,Completed
ORD-11614,2026-07-26 15:34:35,CUST-1110,Wireless Ergonomic Mouse,Accessories,Karnataka,Mysuru,Distributor,New,7,2500.0,0.1,1750.0,15750.0,7032.56,8717.44,55.35,Credit Card,Completed
ORD-11615,2026-07-26 08:03:00,CUST-1028,USB-C Multiport Dock,Accessories,Delhi NCR,Noida,Distributor,Returning,2,4500.0,0.2,1800.0,7200.0,4068.43,3131.57,43.49,UPI,Completed
ORD-11616,2026-07-26 08:29:57,CUST-1215,Wireless Noise-Canceling Headphones,Electronics,Maharashtra,Mumbai,Direct Sales,New,2,12000.0,0.15,3600.0,20400.0,12213.4,8186.6,40.13,Debit Card,Completed
ORD-11617,2026-07-26 09:57:47,CUST-1106,Wireless Noise-Canceling Headphones,Electronics,Gujarat,Ahmedabad,Online Store,Returning,2,12000.0,0.25,6000.0,18000.0,11982.23,6017.77,33.43,UPI,Completed
ORD-11618,2026-07-26 10:30:54,CUST-1041,"4K Monitor 27""",Electronics,Delhi NCR,Noida,Online Store,Returning,3,28000.0,0.05,4200.0,79800.0,53785.37,26014.63,32.6,Net Banking,Completed
ORD-11619,2026-07-26 19:28:38,CUST-1095,Laptop Pro,Electronics,Delhi NCR,Gurugram,Retail Outlet,Returning,2,75000.0,0.0,0.0,150000.0,96373.45,53626.55,35.75,Credit Card,Completed
ORD-11620,2026-07-26 11:36:47,CUST-1063,Ergonomic Office Chair,Furniture,Gujarat,Ahmedabad,Distributor,Returning,4,18000.0,0.0,0.0,72000.0,42281.75,29718.25,41.28,UPI,Completed
ORD-11621,2026-07-26 13:56:10,CUST-1299,Wireless Noise-Canceling Headphones,Electronics,Gujarat,Ahmedabad,Retail Outlet,Returning,1,12000.0,0.0,0.0,12000.0,6018.68,5981.32,49.84,Credit Card,Completed
ORD-11622,2026-07-26 16:18:01,CUST-1019,USB-C Multiport Dock,Accessories,Tamil Nadu,Coimbatore,Direct Sales,New,5,4500.0,0.1,2250.0,20250.0,10318.94,9931.06,49.04,Net Banking,Completed
ORD-11623,2026-07-26 09:15:45,CUST-1245,Wireless Noise-Canceling Headphones,Electronics,Karnataka,Mysuru,Distributor,New,3,12000.0,0.0,0.0,36000.0,17487.36,18512.64,51.42,UPI,Completed
ORD-11624,2026-07-26 11:40:16,CUST-1287,Wireless Ergonomic Mouse,Accessories,Gujarat,Ahmedabad,Retail Outlet,Returning,1,2500.0,0.05,125.0,2375.0,978.16,1396.84,58.81,Debit Card,Completed
ORD-11625,2026-07-26 09:26:53,CUST-1094,Ergonomic Office Chair,Furniture,Karnataka,Bengaluru,Direct Sales,New,3,18000.0,0.2,10800.0,43200.0,30102.09,13097.91,30.32,Debit Card,Completed
ORD-11626,2026-07-26 18:42:55,CUST-1089,"4K Monitor 27""",Electronics,Maharashtra,Nagpur,Retail Outlet,Returning,2,28000.0,0.15,8400.0,47600.0,33944.12,13655.88,28.69,Debit Card,Completed
ORD-11627,2026-07-26 15:42:15,CUST-1181,Standing Desk,Furniture,Karnataka,Mysuru,Retail Outlet,Returning,1,32000.0,0.1,3200.0,28800.0,21244.1,7555.9,26.24,UPI,Completed
ORD-11628,2026-07-26 11:43:55,CUST-1279,USB-C Multiport Dock,Accessories,Maharashtra,Nagpur,Direct Sales,New,5,4500.0,0.05,1125.0,21375.0,10374.34,11000.66,51.47,Debit Card,Completed
ORD-11629,2026-07-26 14:21:54,CUST-1163,Mechanical Gaming Keyboard,Electronics,Delhi NCR,New Delhi,Direct Sales,Returning,1,6500.0,0.25,1625.0,4875.0,3488.94,1386.06,28.43,UPI,Completed
ORD-11630,2026-07-26 11:49:04,CUST-1226,Smart Fitness Watch,Accessories,Delhi NCR,Gurugram,Direct Sales,Returning,3,8500.0,0.0,0.0,25500.0,12845.01,12654.99,49.63,Credit Card,Completed
ORD-11631,2026-07-26 09:56:40,CUST-1271,USB-C Multiport Dock,Accessories,Karnataka,Bengaluru,Retail Outlet,Returning,7,4500.0,0.15,4725.0,26775.0,13763.7,13011.3,48.59,UPI,Completed
ORD-11632,2026-07-26 16:39:14,CUST-1228,USB-C Multiport Dock,Accessories,Tamil Nadu,Chennai,Direct Sales,Returning,5,4500.0,0.15,3375.0,19125.0,10281.02,8843.98,46.24,Net Banking,Completed
ORD-11633,2026-07-26 13:33:00,CUST-1302,USB-C Multiport Dock,Accessories,Maharashtra,Nagpur,Online Store,Returning,8,4500.0,0.05,1800.0,34200.0,16693.38,17506.62,51.19,Debit Card,Completed
ORD-11634,2026-07-26 10:44:56,CUST-1260,Smart Fitness Watch,Accessories,Maharashtra,Nagpur,Online Store,Returning,6,8500.0,0.1,5100.0,45900.0,26268.77,19631.23,42.77,UPI,Completed
ORD-11635,2026-07-26 08:12:34,CUST-1119,Standing Desk,Furniture,Maharashtra,Mumbai,Distributor,Returning,3,32000.0,0.1,9600.0,86400.0,61190.25,25209.75,29.18,Debit Card,Completed
ORD-11636,2026-07-26 10:33:49,CUST-1253,"4K Monitor 27""",Electronics,Delhi NCR,New Delhi,Distributor,Returning,1,28000.0,0.05,1400.0,26600.0,17457.78,9142.22,34.37,Credit Card,Completed
ORD-11637,2026-07-26 15:29:04,CUST-1245,Ergonomic Office Chair,Furniture,Karnataka,Bengaluru,Online Store,Returning,3,18000.0,0.15,8100.0,45900.0,31107.34,14792.66,32.23,Credit Card,Completed
ORD-11638,2026-07-26 12:20:55,CUST-1196,Ultra Smartphone,Electronics,Maharashtra,Nagpur,Retail Outlet,Returning,2,55000.0,0.15,16500.0,93500.0,64934.02,28565.98,30.55,Credit Card,Completed
ORD-11639,2026-07-26 09:00:39,CUST-1180,Ergonomic Office Chair,Furniture,Delhi NCR,New Delhi,Direct Sales,New,1,18000.0,0.05,900.0,17100.0,10525.06,6574.94,38.45,Credit Card,Completed
ORD-11640,2026-07-26 15:48:21,CUST-1283,Mechanical Gaming Keyboard,Electronics,Tamil Nadu,Coimbatore,Direct Sales,Returning,4,6500.0,0.2,5200.0,20800.0,14132.8,6667.2,32.05,Debit Card,Completed
ORD-11641,2026-07-26 15:08:04,CUST-1048,USB-C Multiport Dock,Accessories,Karnataka,Bengaluru,Retail Outlet,Returning,2,4500.0,0.2,1800.0,7200.0,3921.78,3278.22,45.53,Debit Card,Completed
ORD-11642,2026-07-26 10:58:35,CUST-1032,Ultra Smartphone,Electronics,Maharashtra,Pune,Distributor,New,2,55000.0,0.0,0.0,110000.0,63880.25,46119.75,41.93,Credit Card,Completed
ORD-11643,2026-07-26 11:53:10,CUST-1201,Standing Desk,Furniture,Maharashtra,Mumbai,Online Store,New,2,32000.0,0.2,12800.0,51200.0,42209.15,8990.85,17.56,Credit Card,Completed
ORD-11644,2026-07-26 20:43:45,CUST-1144,"4K Monitor 27""",Electronics,Tamil Nadu,Coimbatore,Distributor,New,3,28000.0,0.0,0.0,84000.0,53485.37,30514.63,36.33,Debit Card,Completed
ORD-11645,2026-07-26 08:32:20,CUST-1107,Laptop Pro,Electronics,Maharashtra,Nagpur,Distributor,Returning,2,75000.0,0.15,22500.0,127500.0,95980.04,31519.96,24.72,Credit Card,Completed
ORD-11646,2026-07-26 19:20:36,CUST-1036,Smart Fitness Watch,Accessories,Tamil Nadu,Coimbatore,Distributor,Returning,5,8500.0,0.0,0.0,42500.0,21533.56,20966.44,49.33,Net Banking,Completed
ORD-11647,2026-07-26 10:58:28,CUST-1146,Wireless Ergonomic Mouse,Accessories,Maharashtra,Mumbai,Retail Outlet,Returning,7,2500.0,0.15,2625.0,14875.0,6992.18,7882.82,52.99,UPI,Completed
ORD-11648,2026-07-26 08:21:30,CUST-1199,Laptop Pro,Electronics,Maharashtra,Mumbai,Distributor,New,1,75000.0,0.2,15000.0,60000.0,47897.24,12102.76,20.17,UPI,Completed
ORD-11649,2026-07-26 20:55:19,CUST-1284,Standing Desk,Furniture,Delhi NCR,Noida,Direct Sales,Returning,1,32000.0,0.1,3200.0,28800.0,20735.89,8064.11,28.0,Credit Card,Completed
ORD-11650,2026-07-27 13:28:46,CUST-1014,Ultra Smartphone,Electronics,Karnataka,Mysuru,Retail Outlet,Returning,3,55000.0,0.1,16500.0,148500.0,100683.24,47816.76,32.2,Net Banking,Completed
ORD-11651,2026-07-27 07:50:15,CUST-1295,"4K Monitor 27""",Electronics,Maharashtra,Mumbai,Online Store,Returning,1,28000.0,0.2,5600.0,22400.0,16673.32,5726.68,25.57,Net Banking,Completed
ORD-11652,2026-07-27 11:56:57,CUST-1243,Smart Fitness Watch,Accessories,Maharashtra,Pune,Retail Outlet,Returning,4,8500.0,0.05,1700.0,32300.0,17889.68,14410.32,44.61,Net Banking,Completed
ORD-11653,2026-07-27 14:21:25,CUST-1281,Ultra Smartphone,Electronics,Tamil Nadu,Chennai,Retail Outlet,Returning,1,55000.0,0.05,2750.0,52250.0,32485.0,19765.0,37.83,Credit Card,Completed
ORD-11654,2026-07-27 12:32:22,CUST-1029,USB-C Multiport Dock,Accessories,Delhi NCR,Noida,Retail Outlet,New,6,4500.0,0.2,5400.0,21600.0,12147.01,9452.99,43.76,Net Banking,Completed
ORD-11655,2026-07-27 12:48:36,CUST-1056,Laptop Pro,Electronics,Karnataka,Mysuru,Online Store,Returning,4,75000.0,0.1,30000.0,270000.0,191738.99,78261.01,28.99,UPI,Completed
ORD-11656,2026-07-27 12:01:21,CUST-1200,Laptop Pro,Electronics,Maharashtra,Mumbai,Retail Outlet,Returning,4,75000.0,0.05,15000.0,285000.0,200640.19,84359.81,29.6,Net Banking,Completed
ORD-11657,2026-07-27 10:34:38,CUST-1243,Ergonomic Office Chair,Furniture,Maharashtra,Pune,Direct Sales,Returning,4,18000.0,0.15,10800.0,61200.0,40869.18,20330.82,33.22,Net Banking,Completed
ORD-11658,2026-07-27 17:59:47,CUST-1191,USB-C Multiport Dock,Accessories,Maharashtra,Pune,Retail Outlet,New,1,4500.0,0.2,900.0,3600.0,2041.65,1558.35,43.29,UPI,Completed
ORD-11659,2026-07-27 17:26:27,CUST-1169,Smart Fitness Watch,Accessories,Tamil Nadu,Coimbatore,Direct Sales,Returning,7,8500.0,0.2,11900.0,47600.0,31405.98,16194.02,34.02,UPI,Completed
ORD-11660,2026-07-27 14:24:09,CUST-1248,Ultra Smartphone,Electronics,Delhi NCR,Gurugram,Retail Outlet,Returning,1,55000.0,0.0,0.0,55000.0,33593.58,21406.42,38.92,Net Banking,Completed
ORD-11661,2026-07-27 15:42:45,CUST-1313,Laptop Pro,Electronics,Gujarat,Vadodara,Online Store,New,1,75000.0,0.1,7500.0,67500.0,49075.61,18424.39,27.3,Debit Card,Completed
ORD-11662,2026-07-27 14:09:00,CUST-1345,Ultra Smartphone,Electronics,Tamil Nadu,Coimbatore,Retail Outlet,New,3,55000.0,0.1,16500.0,148500.0,97572.45,50927.55,34.29,UPI,Completed
ORD-11663,2026-07-27 14:03:51,CUST-1047,Ultra Smartphone,Electronics,Karnataka,Bengaluru,Retail Outlet,Returning,4,55000.0,0.0,0.0,220000.0,129569.48,90430.52,41.1,Net Banking,Completed
ORD-11664,2026-07-27 19:16:21,CUST-1137,Wireless Ergonomic Mouse,Accessories,Tamil Nadu,Chennai,Direct Sales,New,2,2500.0,0.15,750.0,4250.0,1968.38,2281.62,53.69,Debit Card,Completed
ORD-11665,2026-07-27 13:38:58,CUST-1006,Wireless Ergonomic Mouse,Accessories,Tamil Nadu,Coimbatore,Online Store,Returning,8,2500.0,0.25,5000.0,15000.0,8008.7,6991.3,46.61,UPI,Completed
ORD-11666,2026-07-27 19:11:26,CUST-1215,Mechanical Gaming Keyboard,Electronics,Karnataka,Bengaluru,Retail Outlet,New,2,6500.0,0.15,1950.0,11050.0,7308.85,3741.15,33.86,Debit Card,Completed
ORD-11667,2026-07-27 15:53:19,CUST-1210,Standing Desk,Furniture,Karnataka,Bengaluru,Retail Outlet,Returning,4,32000.0,0.2,25600.0,102400.0,80736.63,21663.37,21.16,Net Banking,Completed
ORD-11668,2026-07-27 11:41:43,CUST-1141,Laptop Pro,Electronics,Maharashtra,Pune,Retail Outlet,Returning,2,75000.0,0.1,15000.0,135000.0,99971.02,35028.98,25.95,Credit Card,Completed
ORD-11669,2026-07-27 14:09:27,CUST-1311,Laptop Pro,Electronics,Tamil Nadu,Chennai,Online Store,Returning,4,75000.0,0.15,45000.0,255000.0,202007.7,52992.3,20.78,Debit Card,Completed
ORD-11670,2026-07-27 13:52:29,CUST-1344,Standing Desk,Furniture,Maharashtra,Pune,Online Store,Returning,4,32000.0,0.15,19200.0,108800.0,83021.89,25778.11,23.69,Credit Card,Completed
ORD-11671,2026-07-27 16:31:00,CUST-1217,Standing Desk,Furniture,Maharashtra,Pune,Online Store,New,1,32000.0,0.2,6400.0,25600.0,20807.02,4792.98,18.72,Net Banking,Completed
ORD-11672,2026-07-27 08:01:13,CUST-1099,Wireless Ergonomic Mouse,Accessories,Maharashtra,Mumbai,Direct Sales,Returning,1,2500.0,0.05,125.0,2375.0,1032.87,1342.13,56.51,Net Banking,Completed
ORD-11673,2026-07-27 15:31:42,CUST-1088,Smart Fitness Watch,Accessories,Maharashtra,Pune,Direct Sales,Returning,6,8500.0,0.1,5100.0,45900.0,27288.78,18611.22,40.55,Net Banking,Completed
ORD-11674,2026-07-27 16:15:32,CUST-1152,Standing Desk,Furniture,Maharashtra,Pune,Distributor,Returning,3,32000.0,0.15,14400.0,81600.0,60252.7,21347.3,26.16,Debit Card,Completed
ORD-11675,2026-07-27 10:38:54,CUST-1295,Standing Desk,Furniture,Delhi NCR,Gurugram,Retail Outlet,Returning,3,32000.0,0.0,0.0,96000.0,62845.1,33154.9,34.54,Credit Card,Completed
ORD-11676,2026-07-27 09:48:48,CUST-1112,Wireless Noise-Canceling Headphones,Electronics,Maharashtra,Mumbai,Online Store,Returning,2,12000.0,0.1,2400.0,21600.0,12043.16,9556.84,44.24,Debit Card,Completed
ORD-11677,2026-07-27 07:45:26,CUST-1310,Ergonomic Office Chair,Furniture,Maharashtra,Pune,Online Store,New,2,18000.0,0.25,9000.0,27000.0,21085.3,5914.7,21.91,Debit Card,Completed
ORD-11678,2026-07-27 13:45:30,CUST-1251,USB-C Multiport Dock,Accessories,Karnataka,Mysuru,Retail Outlet,New,8,4500.0,0.05,1800.0,34200.0,15593.37,18606.63,54.41,Net Banking,Completed
ORD-11679,2026-07-27 14:59:36,CUST-1194,Ultra Smartphone,Electronics,Gujarat,Ahmedabad,Online Store,New,3,55000.0,0.15,24750.0,140250.0,101129.25,39120.75,27.89,Debit Card,Completed
ORD-11680,2026-07-27 10:17:08,CUST-1311,Mechanical Gaming Keyboard,Electronics,Maharashtra,Nagpur,Online Store,New,4,6500.0,0.2,5200.0,20800.0,14780.73,6019.27,28.94,Net Banking,Completed
ORD-11681,2026-07-27 14:19:57,CUST-1315,Mechanical Gaming Keyboard,Electronics,Gujarat,Ahmedabad,Online Store,Returning,1,6500.0,0.05,325.0,6175.0,3584.85,2590.15,41.95,Net Banking,Completed
ORD-11682,2026-07-27 10:43:23,CUST-1150,Wireless Ergonomic Mouse,Accessories,Delhi NCR,Gurugram,Online Store,Returning,4,2500.0,0.05,500.0,9500.0,3933.07,5566.93,58.6,UPI,Completed
ORD-11683,2026-07-27 16:29:25,CUST-1024,"4K Monitor 27""",Electronics,Delhi NCR,Gurugram,Retail Outlet,Returning,2,28000.0,0.2,11200.0,44800.0,35125.72,9674.28,21.59,Credit Card,Completed
ORD-11684,2026-07-27 13:14:40,CUST-1046,Wireless Noise-Canceling Headphones,Electronics,Maharashtra,Mumbai,Online Store,Returning,3,12000.0,0.2,7200.0,28800.0,18696.05,10103.95,35.08,UPI,Completed
ORD-11685,2026-07-27 20:32:06,CUST-1127,USB-C Multiport Dock,Accessories,Karnataka,Mysuru,Direct Sales,Returning,2,4500.0,0.15,1350.0,7650.0,4048.7,3601.3,47.08,Net Banking,Completed
ORD-11686,2026-07-27 08:15:08,CUST-1069,Ultra Smartphone,Electronics,Tamil Nadu,Chennai,Online Store,Returning,3,55000.0,0.05,8250.0,156750.0,99562.75,57187.25,36.48,Debit Card,Completed
ORD-11687,2026-07-27 08:55:44,CUST-1186,Mechanical Gaming Keyboard,Electronics,Delhi NCR,New Delhi,Online Store,New,1,6500.0,0.2,1300.0,5200.0,3637.66,1562.34,30.04,Credit Card,Completed
ORD-11688,2026-07-27 09:43:07,CUST-1151,Laptop Pro,Electronics,Maharashtra,Nagpur,Direct Sales,Returning,2,75000.0,0.1,15000.0,135000.0,97533.92,37466.08,27.75,Debit Card,Completed
ORD-11689,2026-07-27 09:37:57,CUST-1001,Laptop Pro,Electronics,Delhi NCR,Gurugram,Online Store,Returning,4,75000.0,0.15,45000.0,255000.0,192109.0,62891.0,24.66,UPI,Completed
ORD-11690,2026-07-27 16:15:39,CUST-1272,Standing Desk,Furniture,Maharashtra,Pune,Online Store,Returning,3,32000.0,0.15,14400.0,81600.0,62867.31,18732.69,22.96,Net Banking,Completed
ORD-11691,2026-07-27 13:37:51,CUST-1318,Smart Fitness Watch,Accessories,Gujarat,Surat,Online Store,Returning,6,8500.0,0.0,0.0,51000.0,26266.35,24733.65,48.5,UPI,Completed
ORD-11692,2026-07-27 18:23:20,CUST-1284,Laptop Pro,Electronics,Delhi NCR,New Delhi,Retail Outlet,Returning,1,75000.0,0.05,3750.0,71250.0,50134.37,21115.63,29.64,UPI,Completed
ORD-11693,2026-07-27 08:33:36,CUST-1219,Wireless Ergonomic Mouse,Accessories,Gujarat,Vadodara,Distributor,Returning,7,2500.0,0.2,3500.0,14000.0,7161.86,6838.14,48.84,Debit Card,Completed
ORD-11694,2026-07-27 13:54:42,CUST-1113,Ultra Smartphone,Electronics,Delhi NCR,Gurugram,Online Store,Returning,4,55000.0,0.05,11000.0,209000.0,134669.46,74330.54,35.56,Debit Card,Completed
ORD-11695,2026-07-27 09:45:11,CUST-1155,Wireless Noise-Canceling Headphones,Electronics,Maharashtra,Pune,Retail Outlet,Returning,1,12000.0,0.05,600.0,11400.0,5916.97,5483.03,48.1,Net Banking,Completed
ORD-11696,2026-07-27 09:38:09,CUST-1301,Wireless Noise-Canceling Headphones,Electronics,Gujarat,Vadodara,Retail Outlet,New,4,12000.0,0.0,0.0,48000.0,24958.05,23041.95,48.0,UPI,Completed
ORD-11697,2026-07-27 16:26:55,CUST-1169,Wireless Noise-Canceling Headphones,Electronics,Maharashtra,Pune,Online Store,Returning,3,12000.0,0.2,7200.0,28800.0,18538.74,10261.26,35.63,Credit Card,Completed
ORD-11698,2026-07-27 08:52:46,CUST-1310,Ergonomic Office Chair,Furniture,Maharashtra,Pune,Direct Sales,New,2,18000.0,0.1,3600.0,32400.0,20781.8,11618.2,35.86,Credit Card,Completed
ORD-11699,2026-07-27 10:25:31,CUST-1046,Standing Desk,Furniture,Tamil Nadu,Coimbatore,Online Store,Returning,1,32000.0,0.1,3200.0,28800.0,20924.49,7875.51,27.35,UPI,Completed
ORD-11700,2026-07-27 12:29:24,CUST-1136,Standing Desk,Furniture,Karnataka,Bengaluru,Retail Outlet,Returning,3,32000.0,0.0,0.0,96000.0,60832.85,35167.15,36.63,Debit Card,Completed
ORD-11701,2026-07-27 20:36:08,CUST-1211,Standing Desk,Furniture,Delhi NCR,Gurugram,Online Store,Returning,4,32000.0,0.05,6400.0,121600.0,85107.4,36492.6,30.01,Net Banking,Completed
ORD-11702,2026-07-27 15:35:09,CUST-1074,Mechanical Gaming Keyboard,Electronics,Maharashtra,Mumbai,Distributor,Returning,2,6500.0,0.2,2600.0,10400.0,7406.83,2993.17,28.78,Net Banking,Completed
ORD-11703,2026-07-27 13:08:59,CUST-1327,Laptop Pro,Electronics,Gujarat,Ahmedabad,Online Store,Returning,1,75000.0,0.0,0.0,75000.0,48670.22,26329.78,35.11,UPI,Completed
ORD-11704,2026-07-27 20:55:01,CUST-1073,Ultra Smartphone,Electronics,Karnataka,Mysuru,Retail Outlet,Returning,1,55000.0,0.0,0.0,55000.0,33104.2,21895.8,39.81,Debit Card,Completed
ORD-11705,2026-07-27 16:28:29,CUST-1172,Standing Desk,Furniture,Maharashtra,Mumbai,Distributor,Returning,1,32000.0,0.0,0.0,32000.0,19730.88,12269.12,38.34,Net Banking,Completed
ORD-11706,2026-07-27 17:40:47,CUST-1207,USB-C Multiport Dock,Accessories,Gujarat,Vadodara,Online Store,Returning,4,4500.0,0.05,900.0,17100.0,8242.59,8857.41,51.8,UPI,Completed
ORD-11707,2026-07-27 12:19:47,CUST-1128,Ergonomic Office Chair,Furniture,Karnataka,Mysuru,Direct Sales,Returning,4,18000.0,0.1,7200.0,64800.0,43235.52,21564.48,33.28,UPI,Completed
ORD-11708,2026-07-27 20:27:44,CUST-1016,Standing Desk,Furniture,Maharashtra,Mumbai,Distributor,New,4,32000.0,0.2,25600.0,102400.0,84573.0,17827.0,17.41,Debit Card,Completed
ORD-11709,2026-07-27 12:33:17,CUST-1210,Wireless Ergonomic Mouse,Accessories,Delhi NCR,Noida,Direct Sales,Returning,1,2500.0,0.1,250.0,2250.0,1014.77,1235.23,54.9,UPI,Completed
ORD-11710,2026-07-27 13:07:57,CUST-1322,Ergonomic Office Chair,Furniture,Delhi NCR,Noida,Retail Outlet,New,1,18000.0,0.05,900.0,17100.0,10599.55,6500.45,38.01,Net Banking,Completed
ORD-11711,2026-07-28 08:21:06,CUST-1198,Ergonomic Office Chair,Furniture,Maharashtra,Mumbai,Retail Outlet,New,4,18000.0,0.15,10800.0,61200.0,42166.1,19033.9,31.1,Credit Card,Completed
ORD-11712,2026-07-28 09:20:07,CUST-1205,Wireless Ergonomic Mouse,Accessories,Delhi NCR,Noida,Direct Sales,Returning,8,2500.0,0.0,0.0,20000.0,8295.38,11704.62,58.52,Credit Card,Completed
ORD-11713,2026-07-28 07:28:15,CUST-1331,Ergonomic Office Chair,Furniture,Maharashtra,Mumbai,Online Store,New,4,18000.0,0.15,10800.0,61200.0,43294.74,17905.26,29.26,Net Banking,Completed
ORD-11714,2026-07-28 17:04:24,CUST-1128,Smart Fitness Watch,Accessories,Gujarat,Ahmedabad,Direct Sales,Returning,4,8500.0,0.05,1700.0,32300.0,17983.42,14316.58,44.32,Net Banking,Completed
ORD-11715,2026-07-28 09:28:45,CUST-1248,USB-C Multiport Dock,Accessories,Tamil Nadu,Coimbatore,Distributor,Returning,7,4500.0,0.15,4725.0,26775.0,14210.6,12564.4,46.93,Credit Card,Completed
ORD-11716,2026-07-28 17:21:43,CUST-1341,Mechanical Gaming Keyboard,Electronics,Delhi NCR,Noida,Online Store,Returning,4,6500.0,0.25,6500.0,19500.0,14445.28,5054.72,25.92,UPI,Completed
ORD-11717,2026-07-28 11:48:36,CUST-1207,Ultra Smartphone,Electronics,Karnataka,Bengaluru,Direct Sales,Returning,4,55000.0,0.05,11000.0,209000.0,135124.03,73875.97,35.35,Net Banking,Completed
ORD-11718,2026-07-28 10:41:12,CUST-1174,Wireless Ergonomic Mouse,Accessories,Maharashtra,Pune,Retail Outlet,New,4,2500.0,0.05,500.0,9500.0,3991.94,5508.06,57.98,Debit Card,Completed
ORD-11719,2026-07-28 13:45:00,CUST-1100,Wireless Ergonomic Mouse,Accessories,Maharashtra,Pune,Distributor,New,6,2500.0,0.2,3000.0,12000.0,6199.06,5800.94,48.34,UPI,Completed
ORD-11720,2026-07-28 18:06:49,CUST-1328,USB-C Multiport Dock,Accessories,Karnataka,Bengaluru,Direct Sales,Returning,8,4500.0,0.2,7200.0,28800.0,16734.83,12065.17,41.89,UPI,Completed
ORD-11721,2026-07-28 10:36:04,CUST-1217,Standing Desk,Furniture,Karnataka,Bengaluru,Online Store,New,3,32000.0,0.0,0.0,96000.0,61112.08,34887.92,36.34,Net Banking,Completed
ORD-11722,2026-07-28 20:28:33,CUST-1116,"4K Monitor 27""",Electronics,Gujarat,Ahmedabad,Direct Sales,Returning,3,28000.0,0.05,4200.0,79800.0,50545.47,29254.53,36.66,Net Banking,Completed
ORD-11723,2026-07-28 13:13:15,CUST-1146,Wireless Noise-Canceling Headphones,Electronics,Maharashtra,Nagpur,Direct Sales,New,2,12000.0,0.0,0.0,24000.0,12168.51,11831.49,49.3,Debit Card,Completed
ORD-11724,2026-07-28 10:14:28,CUST-1158,USB-C Multiport Dock,Accessories,Maharashtra,Nagpur,Retail Outlet,Returning,2,4500.0,0.05,450.0,8550.0,4204.59,4345.41,50.82,Debit Card,Completed
ORD-11725,2026-07-28 16:17:45,CUST-1054,Standing Desk,Furniture,Maharashtra,Mumbai,Distributor,Returning,3,32000.0,0.1,9600.0,86400.0,59185.73,27214.27,31.5,Debit Card,Completed
ORD-11726,2026-07-28 10:19:29,CUST-1158,Mechanical Gaming Keyboard,Electronics,Maharashtra,Mumbai,Retail Outlet,Returning,1,6500.0,0.0,0.0,6500.0,3456.77,3043.23,46.82,Net Banking,Completed
ORD-11727,2026-07-28 20:56:50,CUST-1009,Wireless Ergonomic Mouse,Accessories,Gujarat,Ahmedabad,Online Store,New,6,2500.0,0.2,3000.0,12000.0,6237.49,5762.51,48.02,Debit Card,Completed
ORD-11728,2026-07-28 18:52:53,CUST-1028,USB-C Multiport Dock,Accessories,Maharashtra,Nagpur,Retail Outlet,New,3,4500.0,0.0,0.0,13500.0,6066.62,7433.38,55.06,Net Banking,Completed
ORD-11729,2026-07-28 18:40:36,CUST-1191,Smart Fitness Watch,Accessories,Gujarat,Surat,Online Store,Returning,7,8500.0,0.15,8925.0,50575.0,31331.63,19243.37,38.05,Debit Card,Completed
ORD-11730,2026-07-28 20:24:42,CUST-1178,Ergonomic Office Chair,Furniture,Karnataka,Mysuru,Direct Sales,Returning,3,18000.0,0.1,5400.0,48600.0,30929.55,17670.45,36.36,Credit Card,Completed
ORD-11731,2026-07-28 15:53:01,CUST-1218,Ergonomic Office Chair,Furniture,Maharashtra,Nagpur,Direct Sales,Returning,2,18000.0,0.15,5400.0,30600.0,20075.37,10524.63,34.39,Net Banking,Completed
ORD-11732,2026-07-28 19:06:37,CUST-1037,Wireless Ergonomic Mouse,Accessories,Maharashtra,Nagpur,Direct Sales,New,1,2500.0,0.2,500.0,2000.0,987.72,1012.28,50.61,Net Banking,Completed
ORD-11733,2026-07-28 11:06:07,CUST-1234,Wireless Ergonomic Mouse,Accessories,Maharashtra,Pune,Direct Sales,Returning,8,2500.0,0.05,1000.0,19000.0,7990.37,11009.63,57.95,Net Banking,Completed
ORD-11734,2026-07-28 18:00:27,CUST-1262,Laptop Pro,Electronics,Gujarat,Surat,Distributor,Returning,1,75000.0,0.0,0.0,75000.0,50247.32,24752.68,33.0,UPI,Completed
ORD-11735,2026-07-28 09:36:04,CUST-1007,Ultra Smartphone,Electronics,Karnataka,Bengaluru,Online Store,Returning,2,55000.0,0.15,16500.0,93500.0,68187.91,25312.09,27.07,Credit Card,Completed
ORD-11736,2026-07-28 16:04:22,CUST-1040,Wireless Ergonomic Mouse,Accessories,Karnataka,Mysuru,Distributor,Returning,2,2500.0,0.2,1000.0,4000.0,2055.57,1944.43,48.61,Net Banking,Completed
ORD-11737,2026-07-28 11:52:57,CUST-1340,Ultra Smartphone,Electronics,Maharashtra,Mumbai,Distributor,Returning,4,55000.0,0.2,44000.0,176000.0,128188.94,47811.06,27.17,Credit Card,Completed
ORD-11738,2026-07-28 14:46:08,CUST-1027,"4K Monitor 27""",Electronics,Delhi NCR,New Delhi,Retail Outlet,Returning,4,28000.0,0.05,5600.0,106400.0,67175.67,39224.33,36.86,Debit Card,Completed
ORD-11739,2026-07-28 14:31:18,CUST-1265,Ultra Smartphone,Electronics,Delhi NCR,Noida,Retail Outlet,Returning,4,55000.0,0.0,0.0,220000.0,128386.85,91613.15,41.64,Net Banking,Completed
ORD-11740,2026-07-28 17:47:47,CUST-1152,Ultra Smartphone,Electronics,Maharashtra,Nagpur,Distributor,New,3,55000.0,0.0,0.0,165000.0,100566.13,64433.87,39.05,Credit Card,Completed
ORD-11741,2026-07-28 20:39:23,CUST-1309,Wireless Noise-Canceling Headphones,Electronics,Tamil Nadu,Coimbatore,Distributor,Returning,1,12000.0,0.05,600.0,11400.0,6216.86,5183.14,45.47,Credit Card,Completed
ORD-11742,2026-07-28 16:55:47,CUST-1219,Ultra Smartphone,Electronics,Karnataka,Bengaluru,Retail Outlet,Returning,1,55000.0,0.1,5500.0,49500.0,32054.0,17446.0,35.24,Credit Card,Completed
ORD-11743,2026-07-28 15:03:40,CUST-1122,Standing Desk,Furniture,Tamil Nadu,Coimbatore,Online Store,Returning,3,32000.0,0.25,24000.0,72000.0,63280.36,8719.64,12.11,UPI,Completed
ORD-11744,2026-07-28 17:04:51,CUST-1038,Laptop Pro,Electronics,Maharashtra,Mumbai,Distributor,New,1,75000.0,0.1,7500.0,67500.0,47425.21,20074.79,29.74,Net Banking,Completed
ORD-11745,2026-07-28 15:06:00,CUST-1118,Standing Desk,Furniture,Maharashtra,Pune,Distributor,Returning,3,32000.0,0.0,0.0,96000.0,62131.42,33868.58,35.28,Net Banking,Completed
ORD-11746,2026-07-28 19:03:38,CUST-1233,"4K Monitor 27""",Electronics,Maharashtra,Pune,Retail Outlet,Returning,2,28000.0,0.2,11200.0,44800.0,35251.28,9548.72,21.31,UPI,Completed
ORD-11747,2026-07-28 14:01:42,CUST-1016,Ultra Smartphone,Electronics,Maharashtra,Pune,Online Store,Returning,2,55000.0,0.05,5500.0,104500.0,66675.38,37824.62,36.2,Net Banking,Completed
ORD-11748,2026-07-28 08:15:39,CUST-1115,Wireless Noise-Canceling Headphones,Electronics,Delhi NCR,Gurugram,Distributor,Returning,1,12000.0,0.05,600.0,11400.0,5934.97,5465.03,47.94,Debit Card,Completed
ORD-11749,2026-07-28 12:06:43,CUST-1327,Ergonomic Office Chair,Furniture,Tamil Nadu,Coimbatore,Direct Sales,New,2,18000.0,0.2,7200.0,28800.0,21548.75,7251.25,25.18,Net Banking,Completed
ORD-11750,2026-07-28 09:43:48,CUST-1195,Ultra Smartphone,Electronics,Karnataka,Mysuru,Retail Outlet,Returning,1,55000.0,0.15,8250.0,46750.0,33351.2,13398.8,28.66,Debit Card,Completed
ORD-11751,2026-07-28 10:13:45,CUST-1068,"4K Monitor 27""",Electronics,Tamil Nadu,Coimbatore,Online Store,New,2,28000.0,0.2,11200.0,44800.0,35728.56,9071.44,20.25,UPI,Completed
ORD-11752,2026-07-29 17:09:06,CUST-1259,USB-C Multiport Dock,Accessories,Karnataka,Mysuru,Direct Sales,New,3,4500.0,0.2,2700.0,10800.0,6255.68,4544.32,42.08,Debit Card,Completed
ORD-11753,2026-07-29 10:16:46,CUST-1305,USB-C Multiport Dock,Accessories,Maharashtra,Pune,Online Store,Returning,7,4500.0,0.0,0.0,31500.0,14062.48,17437.52,55.36,UPI,Completed
ORD-11754,2026-07-29 18:58:11,CUST-1110,Wireless Noise-Canceling Headphones,Electronics,Maharashtra,Mumbai,Direct Sales,New,3,12000.0,0.25,9000.0,27000.0,17648.59,9351.41,34.63,UPI,Completed
ORD-11755,2026-07-29 19:42:08,CUST-1232,Standing Desk,Furniture,Gujarat,Ahmedabad,Online Store,New,1,32000.0,0.15,4800.0,27200.0,20163.2,7036.8,25.87,Credit Card,Completed
ORD-11756,2026-07-29 09:12:16,CUST-1269,Laptop Pro,Electronics,Gujarat,Surat,Retail Outlet,Returning,3,75000.0,0.0,0.0,225000.0,148937.6,76062.4,33.81,UPI,Completed
ORD-11757,2026-07-29 16:28:45,CUST-1072,Ultra Smartphone,Electronics,Delhi NCR,Noida,Direct Sales,Returning,2,55000.0,0.15,16500.0,93500.0,67402.39,26097.61,27.91,Net Banking,Completed
ORD-11758,2026-07-29 09:06:24,CUST-1321,Smart Fitness Watch,Accessories,Maharashtra,Nagpur,Online Store,Returning,6,8500.0,0.15,7650.0,43350.0,25576.56,17773.44,41.0,Credit Card,Completed
ORD-11759,2026-07-29 20:23:44,CUST-1154,Smart Fitness Watch,Accessories,Maharashtra,Mumbai,Distributor,New,4,8500.0,0.25,8500.0,25500.0,18376.78,7123.22,27.93,UPI,Completed
ORD-11760,2026-07-29 16:30:04,CUST-1281,Ultra Smartphone,Electronics,Gujarat,Vadodara,Online Store,New,4,55000.0,0.15,33000.0,187000.0,136504.43,50495.57,27.0,UPI,Completed
ORD-11761,2026-07-29 18:21:15,CUST-1075,"4K Monitor 27""",Electronics,Delhi NCR,New Delhi,Retail Outlet,Returning,2,28000.0,0.15,8400.0,47600.0,33855.12,13744.88,28.88,Credit Card,Completed
ORD-11762,2026-07-29 16:28:40,CUST-1039,USB-C Multiport Dock,Accessories,Delhi NCR,Noida,Online Store,Returning,7,4500.0,0.0,0.0,31500.0,14662.85,16837.15,53.45,UPI,Completed
ORD-11763,2026-07-29 17:23:00,CUST-1275,Wireless Noise-Canceling Headphones,Electronics,Tamil Nadu,Chennai,Online Store,Returning,2,12000.0,0.05,1200.0,22800.0,12103.3,10696.7,46.92,UPI,Completed
ORD-11764,2026-07-29 10:19:04,CUST-1074,Wireless Noise-Canceling Headphones,Electronics,Delhi NCR,New Delhi,Direct Sales,New,1,12000.0,0.05,600.0,11400.0,5813.07,5586.93,49.01,UPI,Completed
ORD-11765,2026-07-29 18:21:44,CUST-1076,Mechanical Gaming Keyboard,Electronics,Karnataka,Bengaluru,Distributor,Returning,2,6500.0,0.15,1950.0,11050.0,7014.25,4035.75,36.52,Debit Card,Completed
ORD-11766,2026-07-29 15:10:44,CUST-1146,Smart Fitness Watch,Accessories,Maharashtra,Mumbai,Online Store,Returning,4,8500.0,0.1,3400.0,30600.0,18106.86,12493.14,40.83,Debit Card,Completed
ORD-11767,2026-07-29 18:41:36,CUST-1108,Laptop Pro,Electronics,Tamil Nadu,Chennai,Retail Outlet,New,2,75000.0,0.15,22500.0,127500.0,100828.14,26671.86,20.92,Credit Card,Completed
ORD-11768,2026-07-29 12:00:00,CUST-1225,Smart Fitness Watch,Accessories,Gujarat,Vadodara,Retail Outlet,Returning,6,8500.0,0.0,0.0,51000.0,27035.79,23964.21,46.99,Net Banking,Completed
ORD-11769,2026-07-29 18:18:32,CUST-1044,Smart Fitness Watch,Accessories,Gujarat,Surat,Online Store,Returning,3,8500.0,0.2,5100.0,20400.0,13581.2,6818.8,33.43,UPI,Completed
ORD-11770,2026-07-29 14:10:47,CUST-1300,Standing Desk,Furniture,Delhi NCR,Noida,Direct Sales,New,2,32000.0,0.05,3200.0,60800.0,39995.34,20804.66,34.22,Debit Card,Completed
ORD-11771,2026-07-29 20:30:36,CUST-1231,Mechanical Gaming Keyboard,Electronics,Delhi NCR,Gurugram,Direct Sales,New,3,6500.0,0.1,1950.0,17550.0,10733.65,6816.35,38.84,UPI,Completed
ORD-11772,2026-07-29 20:32:14,CUST-1290,Wireless Ergonomic Mouse,Accessories,Karnataka,Mysuru,Online Store,New,6,2500.0,0.1,1500.0,13500.0,5959.82,7540.18,55.85,UPI,Completed
ORD-11773,2026-07-29 15:31:48,CUST-1140,"4K Monitor 27""",Electronics,Gujarat,Vadodara,Direct Sales,New,1,28000.0,0.2,5600.0,22400.0,17146.66,5253.34,23.45,Debit Card,Completed
ORD-11774,2026-07-29 17:02:17,CUST-1115,Smart Fitness Watch,Accessories,Maharashtra,Nagpur,Distributor,Returning,1,8500.0,0.2,1700.0,6800.0,4547.04,2252.96,33.13,Debit Card,Completed
ORD-11775,2026-07-29 10:50:36,CUST-1253,Ultra Smartphone,Electronics,Maharashtra,Nagpur,Distributor,Returning,4,55000.0,0.25,55000.0,165000.0,129340.85,35659.15,21.61,Credit Card,Completed
ORD-11776,2026-07-29 07:57:24,CUST-1218,Ergonomic Office Chair,Furniture,Maharashtra,Mumbai,Distributor,New,4,18000.0,0.1,7200.0,64800.0,41561.54,23238.46,35.86,Net Banking,Cancelled
ORD-11777,2026-07-29 18:10:25,CUST-1274,Laptop Pro,Electronics,Maharashtra,Pune,Retail Outlet,New,2,75000.0,0.1,15000.0,135000.0,94184.56,40815.44,30.23,Debit Card,Completed
ORD-11778,2026-07-29 17:48:22,CUST-1174,Standing Desk,Furniture,Maharashtra,Mumbai,Direct Sales,Returning,2,32000.0,0.0,0.0,64000.0,41678.87,22321.13,34.88,Net Banking,Completed
ORD-11779,2026-07-29 10:42:17,CUST-1204,Mechanical Gaming Keyboard,Electronics,Maharashtra,Nagpur,Distributor,Returning,1,6500.0,0.0,0.0,6500.0,3666.18,2833.82,43.6,UPI,Completed
ORD-11780,2026-07-29 11:52:50,CUST-1003,"4K Monitor 27""",Electronics,Karnataka,Bengaluru,Retail Outlet,Returning,4,28000.0,0.1,11200.0,100800.0,70462.73,30337.27,30.1,Credit Card,Completed
ORD-11781,2026-07-29 16:16:10,CUST-1003,Wireless Noise-Canceling Headphones,Electronics,Maharashtra,Mumbai,Distributor,New,3,12000.0,0.0,0.0,36000.0,18408.2,17591.8,48.87,UPI,Completed
ORD-11782,2026-07-29 21:08:38,CUST-1099,"4K Monitor 27""",Electronics,Gujarat,Surat,Retail Outlet,New,2,28000.0,0.25,14000.0,42000.0,35101.5,6898.5,16.43,UPI,Completed
ORD-11783,2026-07-29 10:17:59,CUST-1274,Mechanical Gaming Keyboard,Electronics,Delhi NCR,New Delhi,Direct Sales,Returning,1,6500.0,0.15,975.0,5525.0,3518.29,2006.71,36.32,Debit Card,Completed
ORD-11784,2026-07-29 08:24:41,CUST-1284,Wireless Ergonomic Mouse,Accessories,Karnataka,Mysuru,Online Store,New,1,2500.0,0.05,125.0,2375.0,968.86,1406.14,59.21,Net Banking,Completed
ORD-11785,2026-07-29 12:37:31,CUST-1343,USB-C Multiport Dock,Accessories,Tamil Nadu,Chennai,Online Store,Returning,7,4500.0,0.0,0.0,31500.0,14729.09,16770.91,53.24,Debit Card,Completed
ORD-11786,2026-07-29 08:55:51,CUST-1023,Ergonomic Office Chair,Furniture,Maharashtra,Nagpur,Direct Sales,Returning,2,18000.0,0.25,9000.0,27000.0,20896.9,6103.1,22.6,UPI,Completed
ORD-11787,2026-07-29 12:51:11,CUST-1263,Standing Desk,Furniture,Tamil Nadu,Chennai,Direct Sales,New,1,32000.0,0.15,4800.0,27200.0,21121.26,6078.74,22.35,Debit Card,Completed
ORD-11788,2026-07-29 15:37:17,CUST-1009,Ultra Smartphone,Electronics,Karnataka,Bengaluru,Retail Outlet,Returning,1,55000.0,0.2,11000.0,44000.0,31809.89,12190.11,27.7,Net Banking,Completed
ORD-11789,2026-07-29 12:29:05,CUST-1133,Wireless Ergonomic Mouse,Accessories,Maharashtra,Mumbai,Direct Sales,Returning,5,2500.0,0.0,0.0,12500.0,4854.81,7645.19,61.16,Credit Card,Completed
ORD-11790,2026-07-29 12:17:26,CUST-1170,Smart Fitness Watch,Accessories,Maharashtra,Nagpur,Retail Outlet,Returning,5,8500.0,0.1,4250.0,38250.0,21803.66,16446.34,43.0,Credit Card,Completed
ORD-11791,2026-07-29 09:36:48,CUST-1119,Smart Fitness Watch,Accessories,Maharashtra,Pune,Distributor,New,2,8500.0,0.0,0.0,17000.0,9129.12,7870.88,46.3,Credit Card,Completed
ORD-11792,2026-07-29 19:08:39,CUST-1160,Laptop Pro,Electronics,Maharashtra,Mumbai,Online Store,Returning,2,75000.0,0.0,0.0,150000.0,94686.21,55313.79,36.88,Net Banking,Completed
ORD-11793,2026-07-29 14:14:31,CUST-1128,Mechanical Gaming Keyboard,Electronics,Maharashtra,Nagpur,Online Store,Returning,3,6500.0,0.1,1950.0,17550.0,10574.67,6975.33,39.75,Net Banking,Completed
ORD-11794,2026-07-29 08:25:38,CUST-1168,Smart Fitness Watch,Accessories,Karnataka,Bengaluru,Distributor,Returning,7,8500.0,0.05,2975.0,56525.0,31417.81,25107.19,44.42,UPI,Completed
ORD-11795,2026-07-29 18:28:52,CUST-1208,Smart Fitness Watch,Accessories,Maharashtra,Mumbai,Direct Sales,New,5,8500.0,0.15,6375.0,36125.0,22336.11,13788.89,38.17,Credit Card,Completed
ORD-11796,2026-07-29 16:30:09,CUST-1064,"4K Monitor 27""",Electronics,Maharashtra,Pune,Distributor,Returning,2,28000.0,0.15,8400.0,47600.0,35690.15,11909.85,25.02,Debit Card,Completed
ORD-11797,2026-07-29 18:53:46,CUST-1337,"4K Monitor 27""",Electronics,Maharashtra,Mumbai,Online Store,Returning,3,28000.0,0.15,12600.0,71400.0,51404.17,19995.83,28.01,Net Banking,Completed
ORD-11798,2026-07-29 17:55:30,CUST-1085,Wireless Noise-Canceling Headphones,Electronics,Maharashtra,Pune,Distributor,Returning,4,12000.0,0.0,0.0,48000.0,23724.71,24275.29,50.57,UPI,Completed
ORD-11799,2026-07-29 08:16:52,CUST-1071,Wireless Ergonomic Mouse,Accessories,Delhi NCR,Noida,Online Store,New,5,2500.0,0.15,1875.0,10625.0,4955.04,5669.96,53.36,Credit Card,Completed
ORD-11800,2026-07-30 14:46:30,CUST-1345,Mechanical Gaming Keyboard,Electronics,Delhi NCR,Gurugram,Direct Sales,Returning,1,6500.0,0.25,1625.0,4875.0,3601.55,1273.45,26.12,UPI,Completed
ORD-11801,2026-07-30 08:32:32,CUST-1149,Wireless Noise-Canceling Headphones,Electronics,Maharashtra,Mumbai,Direct Sales,New,4,12000.0,0.0,0.0,48000.0,24194.33,23805.67,49.6,UPI,Completed
ORD-11802,2026-07-30 17:59:06,CUST-1339,Ultra Smartphone,Electronics,Maharashtra,Mumbai,Distributor,Returning,4,55000.0,0.15,33000.0,187000.0,132150.22,54849.78,29.33,Credit Card,Completed
ORD-11803,2026-07-30 12:33:36,CUST-1033,Ultra Smartphone,Electronics,Maharashtra,Nagpur,Online Store,New,4,55000.0,0.1,22000.0,198000.0,135457.41,62542.59,31.59,Credit Card,Completed
ORD-11804,2026-07-30 09:02:09,CUST-1304,Ultra Smartphone,Electronics,Karnataka,Mysuru,Online Store,New,3,55000.0,0.15,24750.0,140250.0,98476.73,41773.27,29.78,Debit Card,Completed
ORD-11805,2026-07-30 16:32:48,CUST-1302,Standing Desk,Furniture,Maharashtra,Pune,Distributor,Returning,1,32000.0,0.15,4800.0,27200.0,20810.38,6389.62,23.49,UPI,Completed
ORD-11806,2026-07-30 08:53:05,CUST-1256,Standing Desk,Furniture,Karnataka,Bengaluru,Retail Outlet,Returning,4,32000.0,0.2,25600.0,102400.0,80707.92,21692.08,21.18,Debit Card,Completed
ORD-11807,2026-07-30 11:30:30,CUST-1247,USB-C Multiport Dock,Accessories,Maharashtra,Nagpur,Retail Outlet,Returning,2,4500.0,0.0,0.0,9000.0,4125.42,4874.58,54.16,Debit Card,Completed
ORD-11808,2026-07-30 18:33:53,CUST-1216,Laptop Pro,Electronics,Maharashtra,Nagpur,Retail Outlet,Returning,1,75000.0,0.05,3750.0,71250.0,49832.39,21417.61,30.06,UPI,Completed
ORD-11809,2026-07-30 15:10:23,CUST-1138,Ultra Smartphone,Electronics,Maharashtra,Mumbai,Direct Sales,Returning,1,55000.0,0.05,2750.0,52250.0,31887.32,20362.68,38.97,Debit Card,Completed
ORD-11810,2026-07-30 19:20:04,CUST-1259,"4K Monitor 27""",Electronics,Karnataka,Mysuru,Online Store,Returning,3,28000.0,0.0,0.0,84000.0,52096.11,31903.89,37.98,Credit Card,Completed
ORD-11811,2026-07-30 16:07:56,CUST-1128,Ultra Smartphone,Electronics,Maharashtra,Pune,Retail Outlet,New,2,55000.0,0.15,16500.0,93500.0,63411.16,30088.84,32.18,UPI,Cancelled
ORD-11812,2026-07-30 12:38:24,CUST-1303,Ergonomic Office Chair,Furniture,Karnataka,Bengaluru,Direct Sales,Returning,3,18000.0,0.2,10800.0,43200.0,32075.93,11124.07,25.75,Debit Card,Completed
ORD-11813,2026-07-30 14:09:58,CUST-1123,Smart Fitness Watch,Accessories,Gujarat,Surat,Direct Sales,Returning,7,8500.0,0.2,11900.0,47600.0,30059.81,17540.19,36.85,Debit Card,Completed
ORD-11814,2026-07-30 09:37:12,CUST-1201,Laptop Pro,Electronics,Karnataka,Mysuru,Direct Sales,New,2,75000.0,0.1,15000.0,135000.0,98978.04,36021.96,26.68,Net Banking,Completed
ORD-11815,2026-07-30 15:02:17,CUST-1003,"4K Monitor 27""",Electronics,Maharashtra,Pune,Retail Outlet,Returning,3,28000.0,0.0,0.0,84000.0,53298.37,30701.63,36.55,UPI,Completed
ORD-11816,2026-07-30 11:19:45,CUST-1037,USB-C Multiport Dock,Accessories,Delhi NCR,Gurugram,Distributor,Returning,4,4500.0,0.1,1800.0,16200.0,8395.68,7804.32,48.17,Credit Card,Completed
ORD-11817,2026-07-30 17:02:56,CUST-1042,"4K Monitor 27""",Electronics,Karnataka,Bengaluru,Direct Sales,Returning,1,28000.0,0.1,2800.0,25200.0,16895.51,8304.49,32.95,Net Banking,Completed
ORD-11818,2026-07-30 15:47:05,CUST-1223,Wireless Ergonomic Mouse,Accessories,Maharashtra,Mumbai,Distributor,Returning,6,2500.0,0.15,2250.0,12750.0,6007.74,6742.26,52.88,Credit Card,Completed
ORD-11819,2026-07-30 10:42:27,CUST-1071,Standing Desk,Furniture,Delhi NCR,Noida,Distributor,Returning,4,32000.0,0.05,6400.0,121600.0,83917.82,37682.18,30.99,Credit Card,Completed
ORD-11820,2026-07-30 09:13:45,CUST-1275,"4K Monitor 27""",Electronics,Gujarat,Surat,Retail Outlet,Returning,3,28000.0,0.1,8400.0,75600.0,50120.89,25479.11,33.7,Net Banking,Completed
ORD-11821,2026-07-30 17:18:11,CUST-1114,Standing Desk,Furniture,Delhi NCR,Gurugram,Retail Outlet,New,3,32000.0,0.05,4800.0,91200.0,60151.33,31048.67,34.04,Credit Card,Completed
ORD-11822,2026-07-30 09:42:52,CUST-1297,Standing Desk,Furniture,Karnataka,Bengaluru,Distributor,Returning,1,32000.0,0.1,3200.0,28800.0,20069.47,8730.53,30.31,Credit Card,Completed
ORD-11823,2026-07-30 17:04:53,CUST-1315,Wireless Noise-Canceling Headphones,Electronics,Gujarat,Surat,Retail Outlet,Returning,1,12000.0,0.2,2400.0,9600.0,5943.49,3656.51,38.09,UPI,Completed
ORD-11824,2026-07-30 07:28:02,CUST-1294,USB-C Multiport Dock,Accessories,Delhi NCR,Gurugram,Retail Outlet,New,4,4500.0,0.15,2700.0,15300.0,8410.64,6889.36,45.03,Debit Card,Completed
ORD-11825,2026-07-30 08:06:12,CUST-1264,Standing Desk,Furniture,Maharashtra,Nagpur,Online Store,New,1,32000.0,0.1,3200.0,28800.0,21147.68,7652.32,26.57,UPI,Completed
ORD-11826,2026-07-30 10:51:17,CUST-1144,Ergonomic Office Chair,Furniture,Maharashtra,Mumbai,Online Store,Returning,1,18000.0,0.2,3600.0,14400.0,10062.81,4337.19,30.12,UPI,Completed
ORD-11827,2026-07-30 20:01:59,CUST-1158,Wireless Ergonomic Mouse,Accessories,Tamil Nadu,Coimbatore,Direct Sales,Returning,6,2500.0,0.25,3750.0,11250.0,5912.65,5337.35,47.44,Debit Card,Completed
ORD-11828,2026-07-30 14:33:18,CUST-1152,Standing Desk,Furniture,Karnataka,Mysuru,Online Store,New,3,32000.0,0.1,9600.0,86400.0,62348.19,24051.81,27.84,Net Banking,Completed
ORD-11829,2026-07-30 17:01:58,CUST-1288,Wireless Noise-Canceling Headphones,Electronics,Delhi NCR,Noida,Direct Sales,Returning,2,12000.0,0.0,0.0,24000.0,12433.07,11566.93,48.2,Debit Card,Completed
ORD-11830,2026-07-30 19:38:04,CUST-1006,Mechanical Gaming Keyboard,Electronics,Gujarat,Vadodara,Distributor,Returning,2,6500.0,0.0,0.0,13000.0,7328.22,5671.78,43.63,UPI,Completed
ORD-11831,2026-07-30 18:39:03,CUST-1035,Standing Desk,Furniture,Gujarat,Vadodara,Distributor,Returning,2,32000.0,0.2,12800.0,51200.0,40975.77,10224.23,19.97,Net Banking,Completed
ORD-11832,2026-07-30 07:38:04,CUST-1110,Laptop Pro,Electronics,Tamil Nadu,Chennai,Distributor,New,4,75000.0,0.15,45000.0,255000.0,197324.45,57675.55,22.62,Credit Card,Completed
ORD-11833,2026-07-30 12:36:25,CUST-1264,Mechanical Gaming Keyboard,Electronics,Karnataka,Mysuru,Online Store,Returning,1,6500.0,0.05,325.0,6175.0,3453.99,2721.01,44.06,Net Banking,Completed
ORD-11834,2026-07-30 09:19:09,CUST-1349,Wireless Ergonomic Mouse,Accessories,Maharashtra,Pune,Distributor,Returning,8,2500.0,0.25,5000.0,15000.0,7790.2,7209.8,48.07,Credit Card,Completed
ORD-11835,2026-07-30 18:58:24,CUST-1190,Ergonomic Office Chair,Furniture,Gujarat,Ahmedabad,Direct Sales,Returning,4,18000.0,0.05,3600.0,68400.0,40458.17,27941.83,40.85,Net Banking,Completed
ORD-11836,2026-07-30 10:54:09,CUST-1214,Wireless Ergonomic Mouse,Accessories,Maharashtra,Mumbai,Distributor,Returning,2,2500.0,0.05,250.0,4750.0,2009.4,2740.6,57.7,Debit Card,Completed
ORD-11837,2026-07-31 18:28:03,CUST-1076,Mechanical Gaming Keyboard,Electronics,Delhi NCR,Noida,Online Store,Returning,2,6500.0,0.05,650.0,12350.0,7265.61,5084.39,41.17,Credit Card,Completed
ORD-11838,2026-07-31 17:55:22,CUST-1312,Mechanical Gaming Keyboard,Electronics,Maharashtra,Nagpur,Distributor,Returning,2,6500.0,0.1,1300.0,11700.0,7099.54,4600.46,39.32,Credit Card,Completed
ORD-11839,2026-07-31 19:56:43,CUST-1108,Mechanical Gaming Keyboard,Electronics,Delhi NCR,New Delhi,Distributor,New,4,6500.0,0.0,0.0,26000.0,13831.98,12168.02,46.8,Credit Card,Completed
ORD-11840,2026-07-31 14:14:17,CUST-1040,Standing Desk,Furniture,Karnataka,Mysuru,Direct Sales,Returning,2,32000.0,0.2,12800.0,51200.0,39793.69,11406.31,22.28,UPI,Completed
ORD-11841,2026-07-31 16:34:22,CUST-1025,Mechanical Gaming Keyboard,Electronics,Karnataka,Mysuru,Distributor,Returning,3,6500.0,0.2,3900.0,15600.0,11057.52,4542.48,29.12,Credit Card,Completed
ORD-11842,2026-07-31 17:54:50,CUST-1313,Smart Fitness Watch,Accessories,Maharashtra,Mumbai,Direct Sales,Returning,3,8500.0,0.05,1275.0,24225.0,13582.69,10642.31,43.93,UPI,Completed
ORD-11843,2026-07-31 19:28:41,CUST-1295,Standing Desk,Furniture,Maharashtra,Pune,Distributor,New,2,32000.0,0.15,9600.0,54400.0,40195.16,14204.84,26.11,UPI,Completed
ORD-11844,2026-07-31 07:40:40,CUST-1218,Ergonomic Office Chair,Furniture,Maharashtra,Mumbai,Direct Sales,Returning,4,18000.0,0.0,0.0,72000.0,40327.18,31672.82,43.99,Net Banking,Completed
ORD-11845,2026-07-31 14:55:47,CUST-1207,Standing Desk,Furniture,Karnataka,Bengaluru,Direct Sales,New,1,32000.0,0.0,0.0,32000.0,19742.25,12257.75,38.31,Debit Card,Cancelled
ORD-11846,2026-07-31 18:23:22,CUST-1104,Laptop Pro,Electronics,Karnataka,Bengaluru,Direct Sales,New,3,75000.0,0.2,45000.0,180000.0,149967.97,30032.03,16.68,Net Banking,Completed
ORD-11847,2026-07-31 20:37:53,CUST-1336,Ergonomic Office Chair,Furniture,Gujarat,Ahmedabad,Distributor,New,3,18000.0,0.25,13500.0,40500.0,31215.93,9284.07,22.92,UPI,Completed
ORD-11848,2026-07-31 15:04:25,CUST-1267,"4K Monitor 27""",Electronics,Gujarat,Vadodara,Direct Sales,New,2,28000.0,0.25,14000.0,42000.0,34391.14,7608.86,18.12,UPI,Completed
ORD-11849,2026-07-31 07:52:15,CUST-1207,Wireless Noise-Canceling Headphones,Electronics,Maharashtra,Mumbai,Online Store,Returning,4,12000.0,0.1,4800.0,43200.0,23666.99,19533.01,45.22,Net Banking,Completed
ORD-11850,2026-07-31 19:50:59,CUST-1048,Wireless Noise-Canceling Headphones,Electronics,Karnataka,Mysuru,Online Store,New,2,12000.0,0.2,4800.0,19200.0,11754.21,7445.79,38.78,Net Banking,Completed
ORD-11851,2026-07-31 21:02:40,CUST-1319,USB-C Multiport Dock,Accessories,Gujarat,Ahmedabad,Direct Sales,Returning,6,4500.0,0.1,2700.0,24300.0,12512.72,11787.28,48.51,UPI,Completed
ORD-11852,2026-07-31 09:46:03,CUST-1139,"4K Monitor 27""",Electronics,Tamil Nadu,Chennai,Distributor,Returning,2,28000.0,0.05,2800.0,53200.0,35807.79,17392.21,32.69,Net Banking,Completed
ORD-11853,2026-07-31 13:45:08,CUST-1128,Wireless Ergonomic Mouse,Accessories,Maharashtra,Nagpur,Distributor,Returning,4,2500.0,0.05,500.0,9500.0,4110.53,5389.47,56.73,Credit Card,Completed
ORD-11854,2026-07-31 15:17:20,CUST-1085,Wireless Ergonomic Mouse,Accessories,Maharashtra,Mumbai,Online Store,Returning,1,2500.0,0.1,250.0,2250.0,1031.34,1218.66,54.16,Credit Card,Completed
ORD-11855,2026-07-31 16:30:39,CUST-1236,Smart Fitness Watch,Accessories,Gujarat,Vadodara,Distributor,New,2,8500.0,0.15,2550.0,14450.0,8837.4,5612.6,38.84,UPI,Completed
ORD-11856,2026-07-31 12:35:05,CUST-1056,"4K Monitor 27""",Electronics,Karnataka,Bengaluru,Retail Outlet,Returning,3,28000.0,0.25,21000.0,63000.0,52107.58,10892.42,17.29,Net Banking,Completed
ORD-11857,2026-07-31 11:42:08,CUST-1279,USB-C Multiport Dock,Accessories,Gujarat,Ahmedabad,Distributor,New,3,4500.0,0.1,1350.0,12150.0,5995.41,6154.59,50.66,Net Banking,Completed
ORD-11858,2026-07-31 21:13:32,CUST-1247,Mechanical Gaming Keyboard,Electronics,Gujarat,Surat,Direct Sales,New,4,6500.0,0.25,6500.0,19500.0,14318.71,5181.29,26.57,Net Banking,Completed
ORD-11859,2026-07-31 09:21:24,CUST-1274,"4K Monitor 27""",Electronics,Tamil Nadu,Chennai,Distributor,Returning,3,28000.0,0.1,8400.0,75600.0,53729.41,21870.59,28.93,Credit Card,Completed
ORD-11860,2026-07-31 10:45:48,CUST-1070,Ergonomic Office Chair,Furniture,Maharashtra,Nagpur,Distributor,Returning,3,18000.0,0.0,0.0,54000.0,30448.67,23551.33,43.61,Debit Card,Completed
ORD-11861,2026-07-31 12:50:48,CUST-1029,Ultra Smartphone,Electronics,Maharashtra,Mumbai,Direct Sales,Returning,2,55000.0,0.2,22000.0,88000.0,65719.92,22280.08,25.32,Credit Card,Completed
ORD-11862,2026-07-31 11:00:12,CUST-1216,Mechanical Gaming Keyboard,Electronics,Tamil Nadu,Chennai,Distributor,New,3,6500.0,0.0,0.0,19500.0,10484.61,9015.39,46.23,Net Banking,Completed
ORD-11863,2026-07-31 07:48:35,CUST-1265,"4K Monitor 27""",Electronics,Maharashtra,Mumbai,Online Store,New,4,28000.0,0.25,28000.0,84000.0,72169.82,11830.18,14.08,Credit Card,Completed
ORD-11864,2026-07-31 14:29:41,CUST-1267,Wireless Noise-Canceling Headphones,Electronics,Maharashtra,Mumbai,Online Store,New,2,12000.0,0.2,4800.0,19200.0,12410.13,6789.87,35.36,Net Banking,Completed
ORD-11865,2026-07-31 15:32:15,CUST-1279,Ultra Smartphone,Electronics,Maharashtra,Nagpur,Distributor,Returning,1,55000.0,0.2,11000.0,44000.0,34049.74,9950.26,22.61,Net Banking,Completed
ORD-11866,2026-07-31 18:14:06,CUST-1137,Mechanical Gaming Keyboard,Electronics,Karnataka,Bengaluru,Distributor,Returning,2,6500.0,0.0,0.0,13000.0,7181.92,5818.08,44.75,Debit Card,Completed
ORD-11867,2026-07-31 18:26:01,CUST-1154,Ultra Smartphone,Electronics,Maharashtra,Mumbai,Distributor,New,4,55000.0,0.05,11000.0,209000.0,132450.46,76549.54,36.63,Debit Card,Cancelled
ORD-11868,2026-07-31 21:06:03,CUST-1328,Standing Desk,Furniture,Maharashtra,Nagpur,Online Store,New,4,32000.0,0.0,0.0,128000.0,83383.9,44616.1,34.86,UPI,Completed
ORD-11869,2026-07-31 15:56:12,CUST-1273,Mechanical Gaming Keyboard,Electronics,Delhi NCR,New Delhi,Direct Sales,Returning,1,6500.0,0.05,325.0,6175.0,3559.65,2615.35,42.35,UPI,Completed
ORD-11870,2026-07-31 15:09:59,CUST-1049,Laptop Pro,Electronics,Maharashtra,Nagpur,Retail Outlet,New,2,75000.0,0.05,7500.0,142500.0,96735.36,45764.64,32.12,UPI,Completed
ORD-11871,2026-07-31 10:05:51,CUST-1316,Ultra Smartphone,Electronics,Tamil Nadu,Chennai,Retail Outlet,Returning,1,55000.0,0.1,5500.0,49500.0,33274.67,16225.33,32.78,Debit Card,Completed
ORD-11872,2026-08-01 07:37:59,CUST-1062,Wireless Noise-Canceling Headphones,Electronics,Tamil Nadu,Coimbatore,Retail Outlet,New,3,12000.0,0.1,3600.0,32400.0,18053.67,14346.33,44.28,UPI,Completed
ORD-11873,2026-08-01 14:30:02,CUST-1210,Wireless Noise-Canceling Headphones,Electronics,Maharashtra,Nagpur,Retail Outlet,Returning,3,12000.0,0.25,9000.0,27000.0,18667.47,8332.53,30.86,Credit Card,Completed
ORD-11874,2026-08-01 11:19:07,CUST-1162,Laptop Pro,Electronics,Tamil Nadu,Chennai,Retail Outlet,Returning,1,75000.0,0.25,18750.0,56250.0,48415.52,7834.48,13.93,Debit Card,Completed
ORD-11875,2026-08-01 12:30:30,CUST-1077,USB-C Multiport Dock,Accessories,Maharashtra,Mumbai,Distributor,New,2,4500.0,0.0,0.0,9000.0,4205.35,4794.65,53.27,UPI,Completed
ORD-11876,2026-08-01 15:43:01,CUST-1146,Standing Desk,Furniture,Delhi NCR,New Delhi,Direct Sales,New,3,32000.0,0.05,4800.0,91200.0,59760.81,31439.19,34.47,Credit Card,Cancelled
ORD-11877,2026-08-01 08:01:06,CUST-1281,Wireless Noise-Canceling Headphones,Electronics,Maharashtra,Pune,Retail Outlet,Returning,4,12000.0,0.15,7200.0,40800.0,23870.9,16929.1,41.49,Debit Card,Completed
ORD-11878,2026-08-01 08:51:56,CUST-1225,Smart Fitness Watch,Accessories,Delhi NCR,Gurugram,Online Store,New,4,8500.0,0.1,3400.0,30600.0,17286.02,13313.98,43.51,UPI,Completed
ORD-11879,2026-08-01 10:34:29,CUST-1080,Laptop Pro,Electronics,Delhi NCR,Noida,Online Store,Returning,1,75000.0,0.2,15000.0,60000.0,48936.62,11063.38,18.44,UPI,Completed
ORD-11880,2026-08-01 16:26:37,CUST-1123,Standing Desk,Furniture,Tamil Nadu,Coimbatore,Retail Outlet,New,1,32000.0,0.2,6400.0,25600.0,20916.6,4683.4,18.29,Net Banking,Cancelled
ORD-11881,2026-08-01 08:25:54,CUST-1190,Smart Fitness Watch,Accessories,Gujarat,Surat,Online Store,Returning,7,8500.0,0.2,11900.0,47600.0,32022.74,15577.26,32.73,Debit Card,Completed
ORD-11882,2026-08-01 10:00:29,CUST-1349,Wireless Ergonomic Mouse,Accessories,Gujarat,Vadodara,Distributor,New,7,2500.0,0.05,875.0,16625.0,7244.68,9380.32,56.42,Credit Card,Completed
ORD-11883,2026-08-01 20:16:43,CUST-1253,Ultra Smartphone,Electronics,Maharashtra,Mumbai,Retail Outlet,Returning,4,55000.0,0.05,11000.0,209000.0,136446.35,72553.65,34.71,UPI,Completed
ORD-11884,2026-08-01 15:20:14,CUST-1339,Smart Fitness Watch,Accessories,Maharashtra,Mumbai,Direct Sales,Returning,8,8500.0,0.0,0.0,68000.0,35114.2,32885.8,48.36,Net Banking,Completed
ORD-11885,2026-08-01 15:48:38,CUST-1259,USB-C Multiport Dock,Accessories,Delhi NCR,Noida,Distributor,Returning,8,4500.0,0.2,7200.0,28800.0,16693.65,12106.35,42.04,Debit Card,Completed
ORD-11886,2026-08-01 16:19:13,CUST-1180,Laptop Pro,Electronics,Maharashtra,Mumbai,Distributor,New,4,75000.0,0.0,0.0,300000.0,200138.12,99861.88,33.29,UPI,Completed
ORD-11887,2026-08-01 08:04:10,CUST-1330,Ultra Smartphone,Electronics,Tamil Nadu,Coimbatore,Direct Sales,Returning,1,55000.0,0.05,2750.0,52250.0,32901.95,19348.05,37.03,UPI,Completed
ORD-11888,2026-08-01 09:49:07,CUST-1314,Laptop Pro,Electronics,Delhi NCR,Noida,Direct Sales,Returning,1,75000.0,0.2,15000.0,60000.0,49693.84,10306.16,17.18,Net Banking,Completed
ORD-11889,2026-08-01 11:18:32,CUST-1288,Ergonomic Office Chair,Furniture,Gujarat,Ahmedabad,Retail Outlet,New,4,18000.0,0.1,7200.0,64800.0,41993.77,22806.23,35.19,Debit Card,Completed
ORD-11890,2026-08-01 14:27:06,CUST-1200,Wireless Noise-Canceling Headphones,Electronics,Karnataka,Mysuru,Distributor,Returning,1,12000.0,0.25,3000.0,9000.0,5766.41,3233.59,35.93,UPI,Completed
ORD-11891,2026-08-01 17:16:46,CUST-1007,"4K Monitor 27""",Electronics,Karnataka,Mysuru,Online Store,Returning,1,28000.0,0.15,4200.0,23800.0,17312.74,6487.26,27.26,Debit Card,Completed
ORD-11892,2026-08-01 14:59:15,CUST-1286,Mechanical Gaming Keyboard,Electronics,Delhi NCR,New Delhi,Retail Outlet,New,1,6500.0,0.15,975.0,5525.0,3545.48,1979.52,35.83,UPI,Completed
ORD-11893,2026-08-01 15:13:17,CUST-1262,Wireless Noise-Canceling Headphones,Electronics,Delhi NCR,New Delhi,Distributor,Returning,4,12000.0,0.0,0.0,48000.0,24710.89,23289.11,48.52,Net Banking,Completed
ORD-11894,2026-08-01 14:55:26,CUST-1056,Ergonomic Office Chair,Furniture,Karnataka,Mysuru,Direct Sales,Returning,1,18000.0,0.05,900.0,17100.0,10736.95,6363.05,37.21,Credit Card,Completed
ORD-11895,2026-08-01 11:03:27,CUST-1172,Laptop Pro,Electronics,Maharashtra,Pune,Direct Sales,Returning,3,75000.0,0.1,22500.0,202500.0,149915.89,52584.11,25.97,Credit Card,Completed
ORD-11896,2026-08-01 13:34:29,CUST-1066,Smart Fitness Watch,Accessories,Karnataka,Bengaluru,Distributor,New,8,8500.0,0.05,3400.0,64600.0,35642.86,28957.14,44.83,Debit Card,Completed
ORD-11897,2026-08-01 20:50:56,CUST-1279,Smart Fitness Watch,Accessories,Delhi NCR,Gurugram,Distributor,Returning,5,8500.0,0.0,0.0,42500.0,21829.81,20670.19,48.64,Debit Card,Completed
ORD-11898,2026-08-01 15:54:19,CUST-1145,Smart Fitness Watch,Accessories,Delhi NCR,New Delhi,Distributor,Returning,2,8500.0,0.05,850.0,16150.0,8547.56,7602.44,47.07,UPI,Completed
ORD-11899,2026-08-01 15:07:25,CUST-1078,Wireless Noise-Canceling Headphones,Electronics,Gujarat,Surat,Distributor,Returning,4,12000.0,0.2,9600.0,38400.0,24027.27,14372.73,37.43,Debit Card,Completed
ORD-11900,2026-08-01 07:16:15,CUST-1149,Smart Fitness Watch,Accessories,Tamil Nadu,Chennai,Online Store,New,3,8500.0,0.25,6375.0,19125.0,12958.97,6166.03,32.24,Debit Card,Completed
ORD-11901,2026-08-01 08:11:29,CUST-1255,Standing Desk,Furniture,Karnataka,Mysuru,Retail Outlet,Returning,4,32000.0,0.1,12800.0,115200.0,81045.64,34154.36,29.65,Net Banking,Completed
ORD-11902,2026-08-01 18:51:15,CUST-1139,Ergonomic Office Chair,Furniture,Gujarat,Ahmedabad,Retail Outlet,Returning,3,18000.0,0.15,8100.0,45900.0,31871.81,14028.19,30.56,Credit Card,Completed
ORD-11903,2026-08-01 13:45:36,CUST-1168,Mechanical Gaming Keyboard,Electronics,Maharashtra,Mumbai,Online Store,New,2,6500.0,0.15,1950.0,11050.0,7015.62,4034.38,36.51,UPI,Completed
ORD-11904,2026-08-01 11:02:41,CUST-1280,Mechanical Gaming Keyboard,Electronics,Gujarat,Ahmedabad,Retail Outlet,New,1,6500.0,0.0,0.0,6500.0,3696.45,2803.55,43.13,Debit Card,Completed
ORD-11905,2026-08-01 19:15:49,CUST-1099,Wireless Ergonomic Mouse,Accessories,Maharashtra,Mumbai,Direct Sales,Returning,7,2500.0,0.1,1750.0,15750.0,7123.65,8626.35,54.77,Net Banking,Completed
ORD-11906,2026-08-01 20:39:30,CUST-1247,Wireless Noise-Canceling Headphones,Electronics,Delhi NCR,New Delhi,Online Store,Returning,3,12000.0,0.15,5400.0,30600.0,18123.38,12476.62,40.77,Net Banking,Completed
ORD-11907,2026-08-01 10:24:46,CUST-1326,Wireless Noise-Canceling Headphones,Electronics,Maharashtra,Pune,Retail Outlet,Returning,4,12000.0,0.2,9600.0,38400.0,24944.25,13455.75,35.04,UPI,Completed
ORD-11908,2026-08-01 08:52:27,CUST-1008,Wireless Noise-Canceling Headphones,Electronics,Maharashtra,Nagpur,Online Store,New,3,12000.0,0.25,9000.0,27000.0,17388.13,9611.87,35.6,UPI,Completed
ORD-11909,2026-08-01 14:23:59,CUST-1297,Wireless Ergonomic Mouse,Accessories,Maharashtra,Mumbai,Online Store,Returning,4,2500.0,0.1,1000.0,9000.0,3917.8,5082.2,56.47,UPI,Completed
ORD-11910,2026-08-01 17:06:18,CUST-1348,Mechanical Gaming Keyboard,Electronics,Tamil Nadu,Coimbatore,Direct Sales,Returning,2,6500.0,0.15,1950.0,11050.0,7095.43,3954.57,35.79,Debit Card,Completed
ORD-11911,2026-08-01 20:16:50,CUST-1085,Standing Desk,Furniture,Karnataka,Bengaluru,Distributor,Returning,1,32000.0,0.05,1600.0,30400.0,21287.04,9112.96,29.98,UPI,Completed
ORD-11912,2026-08-01 11:07:35,CUST-1281,Standing Desk,Furniture,Gujarat,Ahmedabad,Direct Sales,New,4,32000.0,0.15,19200.0,108800.0,83455.77,25344.23,23.29,Net Banking,Completed
ORD-11913,2026-08-01 11:16:13,CUST-1087,"4K Monitor 27""",Electronics,Karnataka,Mysuru,Retail Outlet,Returning,3,28000.0,0.05,4200.0,79800.0,51908.53,27891.47,34.95,UPI,Completed
ORD-11914,2026-08-01 09:38:16,CUST-1128,Mechanical Gaming Keyboard,Electronics,Delhi NCR,Noida,Direct Sales,Returning,3,6500.0,0.1,1950.0,17550.0,10940.53,6609.47,37.66,Debit Card,Completed
ORD-11915,2026-08-01 21:13:09,CUST-1018,Wireless Noise-Canceling Headphones,Electronics,Maharashtra,Pune,Direct Sales,Returning,1,12000.0,0.0,0.0,12000.0,5851.35,6148.65,51.24,UPI,Completed
ORD-11916,2026-08-01 21:07:13,CUST-1267,Standing Desk,Furniture,Maharashtra,Nagpur,Distributor,Returning,2,32000.0,0.15,9600.0,54400.0,42222.76,12177.24,22.38,UPI,Completed
ORD-11917,2026-08-01 20:44:36,CUST-1013,Ultra Smartphone,Electronics,Maharashtra,Nagpur,Online Store,Returning,4,55000.0,0.15,33000.0,187000.0,128279.67,58720.33,31.4,UPI,Cancelled
ORD-11918,2026-08-01 10:38:06,CUST-1128,Mechanical Gaming Keyboard,Electronics,Maharashtra,Mumbai,Direct Sales,Returning,3,6500.0,0.0,0.0,19500.0,10649.03,8850.97,45.39,Debit Card,Completed
ORD-11919,2026-08-01 08:53:00,CUST-1216,Wireless Ergonomic Mouse,Accessories,Maharashtra,Pune,Distributor,Returning,7,2500.0,0.1,1750.0,15750.0,7107.48,8642.52,54.87,UPI,Completed
ORD-11920,2026-08-01 11:30:12,CUST-1273,Wireless Ergonomic Mouse,Accessories,Maharashtra,Pune,Online Store,Returning,2,2500.0,0.25,1250.0,3750.0,1944.17,1805.83,48.16,Credit Card,Completed
ORD-11921,2026-08-01 08:49:43,CUST-1273,Ultra Smartphone,Electronics,Maharashtra,Nagpur,Retail Outlet,Returning,4,55000.0,0.15,33000.0,187000.0,134985.17,52014.83,27.82,Net Banking,Completed
ORD-11922,2026-08-02 15:36:51,CUST-1172,Ergonomic Office Chair,Furniture,Maharashtra,Nagpur,Direct Sales,Returning,1,18000.0,0.0,0.0,18000.0,10491.04,7508.96,41.72,Net Banking,Completed
ORD-11923,2026-08-02 19:27:36,CUST-1342,Wireless Ergonomic Mouse,Accessories,Karnataka,Mysuru,Retail Outlet,New,8,2500.0,0.05,1000.0,19000.0,7947.45,11052.55,58.17,UPI,Completed
ORD-11924,2026-08-02 17:03:09,CUST-1026,"4K Monitor 27""",Electronics,Tamil Nadu,Coimbatore,Retail Outlet,New,2,28000.0,0.2,11200.0,44800.0,34668.85,10131.15,22.61,Net Banking,Completed
ORD-11925,2026-08-02 15:42:31,CUST-1168,USB-C Multiport Dock,Accessories,Gujarat,Surat,Online Store,Returning,5,4500.0,0.15,3375.0,19125.0,10021.43,9103.57,47.6,UPI,Completed
ORD-11926,2026-08-02 12:34:19,CUST-1110,Mechanical Gaming Keyboard,Electronics,Karnataka,Mysuru,Retail Outlet,Returning,2,6500.0,0.15,1950.0,11050.0,6883.81,4166.19,37.7,Debit Card,Completed
ORD-11927,2026-08-02 12:22:15,CUST-1310,Laptop Pro,Electronics,Delhi NCR,New Delhi,Retail Outlet,Returning,2,75000.0,0.1,15000.0,135000.0,96207.71,38792.29,28.74,Credit Card,Completed
ORD-11928,2026-08-02 09:38:16,CUST-1132,Smart Fitness Watch,Accessories,Delhi NCR,Gurugram,Distributor,New,1,8500.0,0.15,1275.0,7225.0,4252.87,2972.13,41.14,Net Banking,Completed
ORD-11929,2026-08-02 20:32:21,CUST-1331,Mechanical Gaming Keyboard,Electronics,Tamil Nadu,Chennai,Direct Sales,Returning,1,6500.0,0.1,650.0,5850.0,3535.33,2314.67,39.57,Credit Card,Completed
ORD-11930,2026-08-02 18:36:38,CUST-1306,"4K Monitor 27""",Electronics,Gujarat,Vadodara,Direct Sales,Returning,1,28000.0,0.05,1400.0,26600.0,17439.26,9160.74,34.44,Net Banking,Completed
ORD-11931,2026-08-02 18:27:29,CUST-1029,Ultra Smartphone,Electronics,Maharashtra,Nagpur,Direct Sales,New,4,55000.0,0.2,44000.0,176000.0,132515.46,43484.54,24.71,Credit Card,Completed
ORD-11932,2026-08-02 16:29:42,CUST-1215,USB-C Multiport Dock,Accessories,Karnataka,Mysuru,Direct Sales,New,3,4500.0,0.25,3375.0,10125.0,5915.96,4209.04,41.57,Credit Card,Completed
ORD-11933,2026-08-02 10:33:05,CUST-1178,USB-C Multiport Dock,Accessories,Maharashtra,Pune,Direct Sales,Returning,4,4500.0,0.1,1800.0,16200.0,7794.6,8405.4,51.89,Net Banking,Completed
ORD-11934,2026-08-02 12:44:17,CUST-1237,Smart Fitness Watch,Accessories,Tamil Nadu,Coimbatore,Distributor,Returning,5,8500.0,0.1,4250.0,38250.0,22814.01,15435.99,40.36,Net Banking,Completed
ORD-11935,2026-08-02 10:24:27,CUST-1048,Wireless Ergonomic Mouse,Accessories,Maharashtra,Pune,Online Store,Returning,3,2500.0,0.1,750.0,6750.0,2934.04,3815.96,56.53,UPI,Completed
ORD-11936,2026-08-02 11:54:25,CUST-1152,Smart Fitness Watch,Accessories,Delhi NCR,New Delhi,Online Store,New,4,8500.0,0.05,1700.0,32300.0,17912.59,14387.41,44.54,Debit Card,Completed
ORD-11937,2026-08-02 11:51:44,CUST-1248,Wireless Ergonomic Mouse,Accessories,Maharashtra,Nagpur,Retail Outlet,New,1,2500.0,0.2,500.0,2000.0,1013.68,986.32,49.32,Debit Card,Completed
ORD-11938,2026-08-02 19:30:48,CUST-1136,Standing Desk,Furniture,Delhi NCR,Noida,Online Store,New,2,32000.0,0.0,0.0,64000.0,41571.72,22428.28,35.04,Debit Card,Completed
ORD-11939,2026-08-02 20:54:54,CUST-1175,Smart Fitness Watch,Accessories,Karnataka,Bengaluru,Direct Sales,New,8,8500.0,0.2,13600.0,54400.0,36596.66,17803.34,32.73,Debit Card,Completed
ORD-11940,2026-08-02 12:37:22,CUST-1018,Smart Fitness Watch,Accessories,Maharashtra,Mumbai,Retail Outlet,Returning,4,8500.0,0.05,1700.0,32300.0,17914.92,14385.08,44.54,Net Banking,Completed
ORD-11941,2026-08-02 16:19:40,CUST-1094,Ultra Smartphone,Electronics,Karnataka,Bengaluru,Distributor,New,3,55000.0,0.1,16500.0,148500.0,98837.35,49662.65,33.44,Debit Card,Completed
ORD-11942,2026-08-02 09:12:58,CUST-1055,Ergonomic Office Chair,Furniture,Maharashtra,Pune,Distributor,Returning,3,18000.0,0.1,5400.0,48600.0,30715.84,17884.16,36.8,Debit Card,Completed
ORD-11943,2026-08-02 15:32:55,CUST-1276,Laptop Pro,Electronics,Karnataka,Bengaluru,Distributor,Returning,2,75000.0,0.15,22500.0,127500.0,95278.33,32221.67,25.27,UPI,Completed
ORD-11944,2026-08-02 19:43:59,CUST-1156,Ultra Smartphone,Electronics,Gujarat,Ahmedabad,Online Store,New,2,55000.0,0.2,22000.0,88000.0,63909.24,24090.76,27.38,Debit Card,Completed
ORD-11945,2026-08-02 12:50:36,CUST-1022,Wireless Ergonomic Mouse,Accessories,Gujarat,Vadodara,Direct Sales,New,8,2500.0,0.25,5000.0,15000.0,7938.64,7061.36,47.08,Net Banking,Completed
ORD-11946,2026-08-02 14:23:13,CUST-1108,Wireless Ergonomic Mouse,Accessories,Delhi NCR,New Delhi,Online Store,New,4,2500.0,0.25,2500.0,7500.0,3942.19,3557.81,47.44,UPI,Completed
ORD-11947,2026-08-02 10:05:27,CUST-1222,Smart Fitness Watch,Accessories,Karnataka,Mysuru,Direct Sales,Returning,7,8500.0,0.15,8925.0,50575.0,31781.75,18793.25,37.16,Debit Card,Completed
ORD-11948,2026-08-02 19:02:02,CUST-1235,Laptop Pro,Electronics,Maharashtra,Pune,Online Store,New,1,75000.0,0.0,0.0,75000.0,48231.42,26768.58,35.69,Credit Card,Completed
ORD-11949,2026-08-02 15:22:10,CUST-1251,USB-C Multiport Dock,Accessories,Karnataka,Bengaluru,Distributor,Returning,4,4500.0,0.2,3600.0,14400.0,8101.88,6298.12,43.74,Debit Card,Completed
ORD-11950,2026-08-02 10:50:18,CUST-1142,USB-C Multiport Dock,Accessories,Delhi NCR,Gurugram,Distributor,New,6,4500.0,0.1,2700.0,24300.0,12281.07,12018.93,49.46,UPI,Completed
ORD-11951,2026-08-02 13:42:01,CUST-1054,Wireless Ergonomic Mouse,Accessories,Maharashtra,Nagpur,Distributor,Returning,8,2500.0,0.1,2000.0,18000.0,7688.18,10311.82,57.29,Debit Card,Completed
ORD-11952,2026-08-02 14:49:55,CUST-1136,Ergonomic Office Chair,Furniture,Maharashtra,Nagpur,Direct Sales,Returning,1,18000.0,0.1,1800.0,16200.0,10038.8,6161.2,38.03,UPI,Completed
ORD-11953,2026-08-02 19:17:23,CUST-1255,Smart Fitness Watch,Accessories,Tamil Nadu,Coimbatore,Online Store,New,3,8500.0,0.05,1275.0,24225.0,13386.43,10838.57,44.74,UPI,Completed
ORD-11954,2026-08-02 16:30:08,CUST-1018,USB-C Multiport Dock,Accessories,Maharashtra,Mumbai,Direct Sales,Returning,6,4500.0,0.0,0.0,27000.0,11716.96,15283.04,56.6,Credit Card,Completed
ORD-11955,2026-08-02 07:16:00,CUST-1178,Wireless Ergonomic Mouse,Accessories,Maharashtra,Mumbai,Retail Outlet,Returning,3,2500.0,0.0,0.0,7500.0,2890.8,4609.2,61.46,UPI,Completed
ORD-11956,2026-08-02 11:29:37,CUST-1233,USB-C Multiport Dock,Accessories,Karnataka,Mysuru,Distributor,Returning,1,4500.0,0.1,450.0,4050.0,2060.71,1989.29,49.12,Credit Card,Completed
ORD-11957,2026-08-02 19:39:14,CUST-1326,Ultra Smartphone,Electronics,Maharashtra,Nagpur,Retail Outlet,Returning,2,55000.0,0.2,22000.0,88000.0,67573.93,20426.07,23.21,Debit Card,Completed
ORD-11958,2026-08-02 09:57:56,CUST-1029,Wireless Ergonomic Mouse,Accessories,Karnataka,Mysuru,Online Store,New,1,2500.0,0.0,0.0,2500.0,998.0,1502.0,60.08,Credit Card,Completed
ORD-11959,2026-08-02 13:24:49,CUST-1081,Wireless Ergonomic Mouse,Accessories,Maharashtra,Mumbai,Retail Outlet,Returning,7,2500.0,0.05,875.0,16625.0,6773.93,9851.07,59.25,Credit Card,Completed
ORD-11960,2026-08-02 13:38:01,CUST-1009,Laptop Pro,Electronics,Maharashtra,Mumbai,Direct Sales,Returning,4,75000.0,0.1,30000.0,270000.0,188475.33,81524.67,30.19,Debit Card,Completed
ORD-11961,2026-08-02 15:08:04,CUST-1201,"4K Monitor 27""",Electronics,Gujarat,Vadodara,Retail Outlet,Returning,3,28000.0,0.05,4200.0,79800.0,53153.99,26646.01,33.39,Credit Card,Completed
ORD-11962,2026-08-02 15:39:08,CUST-1176,Ultra Smartphone,Electronics,Maharashtra,Pune,Direct Sales,Returning,3,55000.0,0.0,0.0,165000.0,101151.11,63848.89,38.7,Debit Card,Completed
ORD-11963,2026-08-02 09:35:11,CUST-1107,Laptop Pro,Electronics,Maharashtra,Pune,Distributor,New,4,75000.0,0.1,30000.0,270000.0,196474.21,73525.79,27.23,UPI,Completed
ORD-11964,2026-08-02 08:40:55,CUST-1108,Ergonomic Office Chair,Furniture,Maharashtra,Mumbai,Direct Sales,Returning,3,18000.0,0.05,2700.0,51300.0,30285.61,21014.39,40.96,UPI,Cancelled
ORD-11965,2026-08-02 08:26:59,CUST-1042,Wireless Noise-Canceling Headphones,Electronics,Karnataka,Mysuru,Retail Outlet,Returning,4,12000.0,0.25,12000.0,36000.0,23444.75,12555.25,34.88,Credit Card,Completed
ORD-11966,2026-08-02 12:51:43,CUST-1040,Laptop Pro,Electronics,Maharashtra,Mumbai,Online Store,Returning,4,75000.0,0.05,15000.0,285000.0,194321.96,90678.04,31.82,Net Banking,Completed
ORD-11967,2026-08-02 08:20:04,CUST-1119,Smart Fitness Watch,Accessories,Maharashtra,Mumbai,Distributor,New,8,8500.0,0.0,0.0,68000.0,36374.57,31625.43,46.51,Credit Card,Completed
ORD-11968,2026-08-02 21:13:15,CUST-1064,Mechanical Gaming Keyboard,Electronics,Karnataka,Mysuru,Online Store,Returning,2,6500.0,0.05,650.0,12350.0,7165.21,5184.79,41.98,Credit Card,Completed
ORD-11969,2026-08-02 17:00:46,CUST-1177,Standing Desk,Furniture,Maharashtra,Pune,Distributor,Returning,1,32000.0,0.15,4800.0,27200.0,19779.52,7420.48,27.28,Net Banking,Completed
ORD-11970,2026-08-02 20:00:55,CUST-1332,Laptop Pro,Electronics,Maharashtra,Pune,Distributor,Returning,3,75000.0,0.1,22500.0,202500.0,140529.8,61970.2,30.6,Credit Card,Completed
ORD-11971,2026-08-02 09:01:02,CUST-1042,"4K Monitor 27""",Electronics,Maharashtra,Mumbai,Distributor,Returning,4,28000.0,0.0,0.0,112000.0,71302.01,40697.99,36.34,Credit Card,Completed
ORD-11972,2026-08-02 16:05:38,CUST-1314,Laptop Pro,Electronics,Maharashtra,Mumbai,Retail Outlet,Returning,3,75000.0,0.15,33750.0,191250.0,148428.05,42821.95,22.39,Net Banking,Completed
ORD-11973,2026-08-02 17:09:48,CUST-1241,Smart Fitness Watch,Accessories,Karnataka,Bengaluru,Direct Sales,New,5,8500.0,0.05,2125.0,40375.0,22497.67,17877.33,44.28,Debit Card,Completed
ORD-11974,2026-08-02 17:01:33,CUST-1118,Ultra Smartphone,Electronics,Karnataka,Bengaluru,Online Store,Returning,2,55000.0,0.05,5500.0,104500.0,66466.54,38033.46,36.4,Debit Card,Completed
ORD-11975,2026-08-02 21:12:46,CUST-1300,"4K Monitor 27""",Electronics,Karnataka,Mysuru,Online Store,Returning,4,28000.0,0.05,5600.0,106400.0,71110.72,35289.28,33.17,Credit Card,Completed
ORD-11976,2026-08-02 09:10:56,CUST-1259,Wireless Ergonomic Mouse,Accessories,Gujarat,Surat,Direct Sales,Returning,4,2500.0,0.0,0.0,10000.0,3934.7,6065.3,60.65,Debit Card,Completed
ORD-11977,2026-08-03 18:38:19,CUST-1112,Laptop Pro,Electronics,Karnataka,Mysuru,Direct Sales,Returning,1,75000.0,0.1,7500.0,67500.0,47027.23,20472.77,30.33,Debit Card,Completed
ORD-11978,2026-08-03 16:27:49,CUST-1206,Laptop Pro,Electronics,Gujarat,Surat,Retail Outlet,Returning,1,75000.0,0.15,11250.0,63750.0,50426.01,13323.99,20.9,Credit Card,Completed
ORD-11979,2026-08-03 10:27:46,CUST-1341,"4K Monitor 27""",Electronics,Gujarat,Vadodara,Retail Outlet,Returning,3,28000.0,0.25,21000.0,63000.0,51732.06,11267.94,17.89,UPI,Completed
ORD-11980,2026-08-03 10:28:33,CUST-1267,Mechanical Gaming Keyboard,Electronics,Gujarat,Surat,Direct Sales,Returning,1,6500.0,0.15,975.0,5525.0,3453.98,2071.02,37.48,Debit Card,Completed
ORD-11981,2026-08-03 13:15:06,CUST-1245,"4K Monitor 27""",Electronics,Karnataka,Mysuru,Direct Sales,Returning,3,28000.0,0.1,8400.0,75600.0,50519.32,25080.68,33.18,UPI,Completed
ORD-11982,2026-08-03 14:59:47,CUST-1121,Smart Fitness Watch,Accessories,Delhi NCR,Noida,Online Store,New,6,8500.0,0.1,5100.0,45900.0,25593.29,20306.71,44.24,Net Banking,Completed
ORD-11983,2026-08-03 10:11:31,CUST-1257,Mechanical Gaming Keyboard,Electronics,Maharashtra,Mumbai,Direct Sales,Returning,2,6500.0,0.2,2600.0,10400.0,7217.75,3182.25,30.6,Debit Card,Completed
ORD-11984,2026-08-03 20:14:34,CUST-1153,Ultra Smartphone,Electronics,Karnataka,Mysuru,Retail Outlet,Returning,4,55000.0,0.05,11000.0,209000.0,129154.02,79845.98,38.2,Net Banking,Completed
ORD-11985,2026-08-03 12:57:11,CUST-1087,"4K Monitor 27""",Electronics,Delhi NCR,Noida,Online Store,New,2,28000.0,0.15,8400.0,47600.0,34886.81,12713.19,26.71,UPI,Completed
ORD-11986,2026-08-03 19:18:41,CUST-1007,Mechanical Gaming Keyboard,Electronics,Gujarat,Ahmedabad,Distributor,Returning,3,6500.0,0.05,975.0,18525.0,11000.61,7524.39,40.62,Debit Card,Completed
ORD-11987,2026-08-03 15:29:53,CUST-1303,Mechanical Gaming Keyboard,Electronics,Delhi NCR,Gurugram,Retail Outlet,Returning,4,6500.0,0.2,5200.0,20800.0,13995.94,6804.06,32.71,UPI,Completed
ORD-11988,2026-08-03 09:03:07,CUST-1271,Ergonomic Office Chair,Furniture,Maharashtra,Pune,Online Store,Returning,2,18000.0,0.1,3600.0,32400.0,21535.58,10864.42,33.53,Credit Card,Completed
ORD-11989,2026-08-03 18:06:44,CUST-1110,Mechanical Gaming Keyboard,Electronics,Maharashtra,Nagpur,Retail Outlet,New,1,6500.0,0.15,975.0,5525.0,3449.13,2075.87,37.57,Credit Card,Completed
ORD-11990,2026-08-03 19:53:46,CUST-1033,Ergonomic Office Chair,Furniture,Maharashtra,Mumbai,Distributor,New,4,18000.0,0.0,0.0,72000.0,43339.02,28660.98,39.81,Debit Card,Completed
ORD-11991,2026-08-03 16:25:22,CUST-1127,Ergonomic Office Chair,Furniture,Karnataka,Mysuru,Online Store,New,1,18000.0,0.25,4500.0,13500.0,10679.24,2820.76,20.89,Net Banking,Completed
ORD-11992,2026-08-03 13:06:12,CUST-1016,Wireless Noise-Canceling Headphones,Electronics,Gujarat,Surat,Distributor,New,1,12000.0,0.05,600.0,11400.0,6084.84,5315.16,46.62,Net Banking,Completed
ORD-11993,2026-08-03 10:40:31,CUST-1214,Laptop Pro,Electronics,Tamil Nadu,Chennai,Online Store,Returning,1,75000.0,0.2,15000.0,60000.0,47304.26,12695.74,21.16,Credit Card,Completed
ORD-11994,2026-08-03 10:12:20,CUST-1221,USB-C Multiport Dock,Accessories,Delhi NCR,Noida,Distributor,New,6,4500.0,0.0,0.0,27000.0,12605.86,14394.14,53.31,Net Banking,Completed
ORD-11995,2026-08-03 10:01:20,CUST-1162,Laptop Pro,Electronics,Gujarat,Vadodara,Direct Sales,Returning,2,75000.0,0.15,22500.0,127500.0,100314.87,27185.13,21.32,UPI,Completed
ORD-11996,2026-08-03 18:20:36,CUST-1122,Ergonomic Office Chair,Furniture,Maharashtra,Pune,Direct Sales,New,1,18000.0,0.25,4500.0,13500.0,10265.58,3234.42,23.96,Credit Card,Completed
ORD-11997,2026-08-03 19:42:26,CUST-1031,Ergonomic Office Chair,Furniture,Tamil Nadu,Chennai,Online Store,Returning,3,18000.0,0.05,2700.0,51300.0,30785.27,20514.73,39.99,Net Banking,Completed
ORD-11998,2026-08-03 15:53:19,CUST-1272,"4K Monitor 27""",Electronics,Maharashtra,Mumbai,Online Store,Returning,3,28000.0,0.25,21000.0,63000.0,52443.37,10556.63,16.76,Debit Card,Completed
ORD-11999,2026-08-03 21:12:58,CUST-1230,Smart Fitness Watch,Accessories,Tamil Nadu,Chennai,Direct Sales,Returning,5,8500.0,0.15,6375.0,36125.0,21226.37,14898.63,41.24,Net Banking,Completed
ORD-12000,2026-08-03 14:11:31,CUST-1185,Mechanical Gaming Keyboard,Electronics,Maharashtra,Nagpur,Online Store,Returning,4,6500.0,0.15,3900.0,22100.0,14702.75,7397.25,33.47,UPI,Completed
ORD-12001,2026-08-03 07:53:44,CUST-1143,Ultra Smartphone,Electronics,Delhi NCR,New Delhi,Distributor,New,1,55000.0,0.05,2750.0,52250.0,32883.95,19366.05,37.06,Debit Card,Completed
ORD-12002,2026-08-03 08:36:33,CUST-1217,Smart Fitness Watch,Accessories,Maharashtra,Pune,Retail Outlet,Returning,1,8500.0,0.2,1700.0,6800.0,4537.01,2262.99,33.28,Net Banking,Completed
ORD-12003,2026-08-03 12:12:46,CUST-1176,Wireless Ergonomic Mouse,Accessories,Maharashtra,Pune,Online Store,Returning,5,2500.0,0.1,1250.0,11250.0,4914.57,6335.43,56.31,Credit Card,Completed
ORD-12004,2026-08-03 17:14:02,CUST-1262,USB-C Multiport Dock,Accessories,Maharashtra,Pune,Online Store,Returning,6,4500.0,0.15,4050.0,22950.0,12394.24,10555.76,45.99,Debit Card,Completed
ORD-12005,2026-08-03 14:19:50,CUST-1008,USB-C Multiport Dock,Accessories,Maharashtra,Nagpur,Direct Sales,Returning,1,4500.0,0.2,900.0,3600.0,2024.71,1575.29,43.76,Net Banking,Completed
ORD-12006,2026-08-03 13:53:00,CUST-1061,Ultra Smartphone,Electronics,Karnataka,Mysuru,Retail Outlet,Returning,3,55000.0,0.05,8250.0,156750.0,98390.17,58359.83,37.23,Net Banking,Completed
ORD-12007,2026-08-03 16:04:19,CUST-1082,Wireless Noise-Canceling Headphones,Electronics,Karnataka,Bengaluru,Distributor,Returning,4,12000.0,0.25,12000.0,36000.0,23752.07,12247.93,34.02,Credit Card,Completed
ORD-12008,2026-08-03 10:17:47,CUST-1155,"4K Monitor 27""",Electronics,Maharashtra,Nagpur,Distributor,New,1,28000.0,0.0,0.0,28000.0,17060.56,10939.44,39.07,Net Banking,Completed
ORD-12009,2026-08-03 13:58:01,CUST-1246,Laptop Pro,Electronics,Tamil Nadu,Chennai,Online Store,New,1,75000.0,0.0,0.0,75000.0,50035.89,24964.11,33.29,Credit Card,Completed
ORD-12010,2026-08-03 15:51:50,CUST-1135,USB-C Multiport Dock,Accessories,Karnataka,Bengaluru,Online Store,Returning,4,4500.0,0.1,1800.0,16200.0,8419.33,7780.67,48.03,Credit Card,Completed
ORD-12011,2026-08-03 09:19:27,CUST-1144,Smart Fitness Watch,Accessories,Delhi NCR,New Delhi,Online Store,Returning,4,8500.0,0.0,0.0,34000.0,17680.64,16319.36,48.0,Debit Card,Completed
ORD-12012,2026-08-03 11:14:24,CUST-1061,"4K Monitor 27""",Electronics,Delhi NCR,New Delhi,Direct Sales,New,2,28000.0,0.2,11200.0,44800.0,35713.26,9086.74,20.28,Credit Card,Completed
ORD-12013,2026-08-03 19:47:55,CUST-1021,Ultra Smartphone,Electronics,Gujarat,Vadodara,Retail Outlet,Returning,4,55000.0,0.15,33000.0,187000.0,136464.81,50535.19,27.02,Debit Card,Completed
ORD-12014,2026-08-03 11:32:00,CUST-1167,Wireless Noise-Canceling Headphones,Electronics,Delhi NCR,Noida,Online Store,New,4,12000.0,0.0,0.0,48000.0,23555.71,24444.29,50.93,Credit Card,Completed
ORD-12015,2026-08-03 18:15:47,CUST-1290,"4K Monitor 27""",Electronics,Maharashtra,Mumbai,Distributor,Returning,3,28000.0,0.0,0.0,84000.0,50694.93,33305.07,39.65,Credit Card,Completed
ORD-12016,2026-08-03 11:44:04,CUST-1047,Ergonomic Office Chair,Furniture,Maharashtra,Nagpur,Direct Sales,Returning,4,18000.0,0.0,0.0,72000.0,42342.72,29657.28,41.19,Net Banking,Completed
ORD-12017,2026-08-03 11:09:20,CUST-1144,Smart Fitness Watch,Accessories,Maharashtra,Pune,Retail Outlet,New,1,8500.0,0.1,850.0,7650.0,4569.56,3080.44,40.27,Debit Card,Completed
ORD-12018,2026-08-03 18:24:19,CUST-1202,Ultra Smartphone,Electronics,Tamil Nadu,Chennai,Distributor,Returning,4,55000.0,0.15,33000.0,187000.0,132351.6,54648.4,29.22,Net Banking,Completed
ORD-12019,2026-08-03 10:04:40,CUST-1128,"4K Monitor 27""",Electronics,Delhi NCR,Gurugram,Retail Outlet,New,3,28000.0,0.0,0.0,84000.0,53011.95,30988.05,36.89,Debit Card,Completed
ORD-12020,2026-08-03 20:31:19,CUST-1332,Smart Fitness Watch,Accessories,Gujarat,Ahmedabad,Retail Outlet,Returning,8,8500.0,0.15,10200.0,57800.0,35587.29,22212.71,38.43,UPI,Completed
ORD-12021,2026-08-03 16:02:15,CUST-1066,"4K Monitor 27""",Electronics,Gujarat,Ahmedabad,Retail Outlet,New,1,28000.0,0.15,4200.0,23800.0,17550.86,6249.14,26.26,Debit Card,Completed
ORD-12022,2026-08-03 14:34:08,CUST-1133,Wireless Noise-Canceling Headphones,Electronics,Maharashtra,Pune,Online Store,New,4,12000.0,0.2,9600.0,38400.0,23367.37,15032.63,39.15,Debit Card,Completed
ORD-12023,2026-08-03 18:49:04,CUST-1131,Ultra Smartphone,Electronics,Maharashtra,Mumbai,Direct Sales,Returning,2,55000.0,0.0,0.0,110000.0,66472.4,43527.6,39.57,Debit Card,Completed
ORD-12024,2026-08-03 19:22:33,CUST-1283,Wireless Noise-Canceling Headphones,Electronics,Tamil Nadu,Chennai,Direct Sales,Returning,2,12000.0,0.0,0.0,24000.0,12189.63,11810.37,49.21,Debit Card,Completed
ORD-12025,2026-08-03 18:06:48,CUST-1196,Wireless Ergonomic Mouse,Accessories,Gujarat,Vadodara,Distributor,Returning,7,2500.0,0.15,2625.0,14875.0,6795.14,8079.86,54.32,Credit Card,Completed
ORD-12026,2026-08-03 17:09:00,CUST-1181,Ultra Smartphone,Electronics,Karnataka,Bengaluru,Direct Sales,Returning,1,55000.0,0.15,8250.0,46750.0,33808.62,12941.38,27.68,UPI,Completed
ORD-12027,2026-08-03 17:04:45,CUST-1149,USB-C Multiport Dock,Accessories,Karnataka,Bengaluru,Distributor,Returning,4,4500.0,0.15,2700.0,15300.0,8203.67,7096.33,46.38,UPI,Completed
ORD-12028,2026-08-03 19:00:32,CUST-1227,Ultra Smartphone,Electronics,Delhi NCR,Noida,Direct Sales,Returning,1,55000.0,0.15,8250.0,46750.0,31741.84,15008.16,32.1,Net Banking,Completed
ORD-12029,2026-08-03 13:46:50,CUST-1242,Ergonomic Office Chair,Furniture,Maharashtra,Pune,Retail Outlet,Returning,1,18000.0,0.25,4500.0,13500.0,10685.92,2814.08,20.85,Debit Card,Completed
ORD-12030,2026-08-03 07:20:00,CUST-1104,Standing Desk,Furniture,Gujarat,Vadodara,Distributor,Returning,1,32000.0,0.15,4800.0,27200.0,20017.98,7182.02,26.4,Credit Card,Completed
ORD-12031,2026-08-03 11:12:27,CUST-1127,Ultra Smartphone,Electronics,Karnataka,Bengaluru,Distributor,Returning,1,55000.0,0.15,8250.0,46750.0,33387.04,13362.96,28.58,UPI,Completed
ORD-12032,2026-08-03 09:34:02,CUST-1088,Smart Fitness Watch,Accessories,Maharashtra,Nagpur,Distributor,Returning,6,8500.0,0.25,12750.0,38250.0,25554.17,12695.83,33.19,Net Banking,Completed
ORD-12033,2026-08-03 19:50:44,CUST-1151,Ultra Smartphone,Electronics,Karnataka,Bengaluru,Online Store,Returning,1,55000.0,0.1,5500.0,49500.0,34278.52,15221.48,30.75,Debit Card,Completed
ORD-12034,2026-08-03 19:31:48,CUST-1249,Wireless Noise-Canceling Headphones,Electronics,Maharashtra,Pune,Distributor,New,1,12000.0,0.15,1800.0,10200.0,6085.58,4114.42,40.34,Net Banking,Completed
ORD-12035,2026-08-03 20:21:02,CUST-1286,Wireless Ergonomic Mouse,Accessories,Delhi NCR,Noida,Online Store,New,5,2500.0,0.0,0.0,12500.0,5122.51,7377.49,59.02,UPI,Completed
ORD-12036,2026-08-03 13:34:15,CUST-1027,Laptop Pro,Electronics,Gujarat,Surat,Direct Sales,New,4,75000.0,0.0,0.0,300000.0,192097.35,107902.65,35.97,Debit Card,Completed
ORD-12037,2026-08-04 19:38:17,CUST-1075,USB-C Multiport Dock,Accessories,Maharashtra,Mumbai,Distributor,Returning,3,4500.0,0.25,3375.0,10125.0,6252.8,3872.2,38.24,Debit Card,Completed
ORD-12038,2026-08-04 08:53:07,CUST-1121,Wireless Noise-Canceling Headphones,Electronics,Delhi NCR,Noida,Direct Sales,Returning,2,12000.0,0.0,0.0,24000.0,12069.01,11930.99,49.71,UPI,Completed
ORD-12039,2026-08-04 17:00:40,CUST-1240,Laptop Pro,Electronics,Karnataka,Mysuru,Direct Sales,New,4,75000.0,0.2,60000.0,240000.0,194930.1,45069.9,18.78,Net Banking,Completed
ORD-12040,2026-08-04 16:35:27,CUST-1259,"4K Monitor 27""",Electronics,Delhi NCR,New Delhi,Direct Sales,Returning,1,28000.0,0.05,1400.0,26600.0,17428.52,9171.48,34.48,Credit Card,Completed
ORD-12041,2026-08-04 20:24:09,CUST-1096,Smart Fitness Watch,Accessories,Maharashtra,Nagpur,Online Store,Returning,5,8500.0,0.0,0.0,42500.0,22721.16,19778.84,46.54,UPI,Completed
ORD-12042,2026-08-04 16:11:20,CUST-1205,Standing Desk,Furniture,Maharashtra,Nagpur,Distributor,New,1,32000.0,0.0,0.0,32000.0,21103.78,10896.22,34.05,Debit Card,Completed
ORD-12043,2026-08-04 14:14:07,CUST-1204,Ultra Smartphone,Electronics,Maharashtra,Mumbai,Direct Sales,New,4,55000.0,0.1,22000.0,198000.0,132735.49,65264.51,32.96,Debit Card,Completed
ORD-12044,2026-08-04 10:08:05,CUST-1057,Wireless Noise-Canceling Headphones,Electronics,Karnataka,Bengaluru,Distributor,Returning,3,12000.0,0.15,5400.0,30600.0,17973.92,12626.08,41.26,Credit Card,Completed
ORD-12045,2026-08-04 16:38:20,CUST-1195,Wireless Ergonomic Mouse,Accessories,Gujarat,Ahmedabad,Retail Outlet,Returning,1,2500.0,0.2,500.0,2000.0,980.22,1019.78,50.99,Net Banking,Cancelled
ORD-12046,2026-08-04 07:59:45,CUST-1272,Wireless Noise-Canceling Headphones,Electronics,Delhi NCR,Gurugram,Retail Outlet,Returning,1,12000.0,0.2,2400.0,9600.0,5763.55,3836.45,39.96,Credit Card,Completed
ORD-12047,2026-08-04 13:43:09,CUST-1054,Smart Fitness Watch,Accessories,Tamil Nadu,Coimbatore,Distributor,New,6,8500.0,0.0,0.0,51000.0,27422.34,23577.66,46.23,Debit Card,Completed
ORD-12048,2026-08-04 20:40:52,CUST-1131,Ultra Smartphone,Electronics,Maharashtra,Mumbai,Direct Sales,Returning,1,55000.0,0.2,11000.0,44000.0,32405.74,11594.26,26.35,Credit Card,Completed
ORD-12049,2026-08-04 10:36:47,CUST-1163,"4K Monitor 27""",Electronics,Karnataka,Bengaluru,Online Store,Returning,3,28000.0,0.25,21000.0,63000.0,53345.18,9654.82,15.33,UPI,Completed
ORD-12050,2026-08-04 13:28:59,CUST-1003,Wireless Ergonomic Mouse,Accessories,Maharashtra,Pune,Retail Outlet,Returning,8,2500.0,0.0,0.0,20000.0,7763.51,12236.49,61.18,UPI,Completed
ORD-12051,2026-08-04 12:48:28,CUST-1297,Laptop Pro,Electronics,Karnataka,Bengaluru,Distributor,Returning,3,75000.0,0.2,45000.0,180000.0,149350.62,30649.38,17.03,Credit Card,Completed
ORD-12052,2026-08-04 08:23:34,CUST-1212,Smart Fitness Watch,Accessories,Maharashtra,Pune,Retail Outlet,Returning,8,8500.0,0.25,17000.0,51000.0,36700.87,14299.13,28.04,Net Banking,Completed
ORD-12053,2026-08-04 08:56:30,CUST-1170,Wireless Noise-Canceling Headphones,Electronics,Gujarat,Surat,Online Store,Returning,1,12000.0,0.05,600.0,11400.0,5797.66,5602.34,49.14,UPI,Completed
ORD-12054,2026-08-04 15:58:43,CUST-1112,Ergonomic Office Chair,Furniture,Gujarat,Ahmedabad,Online Store,New,1,18000.0,0.1,1800.0,16200.0,10077.65,6122.35,37.79,UPI,Completed
ORD-12055,2026-08-04 16:29:28,CUST-1226,"4K Monitor 27""",Electronics,Karnataka,Mysuru,Distributor,Returning,2,28000.0,0.2,11200.0,44800.0,34553.15,10246.85,22.87,Credit Card,Completed
ORD-12056,2026-08-04 12:57:46,CUST-1170,Mechanical Gaming Keyboard,Electronics,Gujarat,Vadodara,Retail Outlet,Returning,3,6500.0,0.1,1950.0,17550.0,11093.56,6456.44,36.79,Net Banking,Completed
ORD-12057,2026-08-04 20:38:48,CUST-1176,Ultra Smartphone,Electronics,Maharashtra,Pune,Retail Outlet,New,3,55000.0,0.2,33000.0,132000.0,96507.29,35492.71,26.89,UPI,Completed
ORD-12058,2026-08-04 16:00:21,CUST-1150,Smart Fitness Watch,Accessories,Maharashtra,Nagpur,Direct Sales,Returning,3,8500.0,0.0,0.0,25500.0,13368.29,12131.71,47.58,Net Banking,Completed
ORD-12059,2026-08-04 13:34:40,CUST-1214,Standing Desk,Furniture,Maharashtra,Mumbai,Distributor,New,2,32000.0,0.1,6400.0,57600.0,39464.68,18135.32,31.48,Credit Card,Completed
ORD-12060,2026-08-04 20:58:01,CUST-1281,USB-C Multiport Dock,Accessories,Gujarat,Surat,Retail Outlet,Returning,7,4500.0,0.05,1575.0,29925.0,14290.09,15634.91,52.25,UPI,Completed
ORD-12061,2026-08-04 09:56:52,CUST-1304,USB-C Multiport Dock,Accessories,Maharashtra,Nagpur,Direct Sales,Returning,2,4500.0,0.0,0.0,9000.0,4007.09,4992.91,55.48,UPI,Completed
ORD-12062,2026-08-04 15:31:48,CUST-1332,Laptop Pro,Electronics,Maharashtra,Pune,Online Store,New,1,75000.0,0.1,7500.0,67500.0,48594.83,18905.17,28.01,UPI,Completed
ORD-12063,2026-08-04 15:27:39,CUST-1030,Ultra Smartphone,Electronics,Karnataka,Mysuru,Retail Outlet,Returning,3,55000.0,0.05,8250.0,156750.0,101111.15,55638.85,35.5,Net Banking,Cancelled
ORD-12064,2026-08-04 11:37:29,CUST-1037,Wireless Ergonomic Mouse,Accessories,Maharashtra,Nagpur,Distributor,New,3,2500.0,0.1,750.0,6750.0,2901.45,3848.55,57.02,UPI,Completed
ORD-12065,2026-08-04 16:02:53,CUST-1207,Standing Desk,Furniture,Gujarat,Surat,Online Store,New,1,32000.0,0.2,6400.0,25600.0,20605.99,4994.01,19.51,Debit Card,Completed
ORD-12066,2026-08-04 15:42:20,CUST-1135,Ultra Smartphone,Electronics,Tamil Nadu,Chennai,Online Store,Returning,4,55000.0,0.2,44000.0,176000.0,133577.94,42422.06,24.1,Debit Card,Completed
ORD-12067,2026-08-04 16:43:33,CUST-1158,Wireless Noise-Canceling Headphones,Electronics,Maharashtra,Nagpur,Retail Outlet,Returning,4,12000.0,0.15,7200.0,40800.0,23999.53,16800.47,41.18,Debit Card,Completed
ORD-12068,2026-08-04 10:55:14,CUST-1211,Wireless Noise-Canceling Headphones,Electronics,Gujarat,Vadodara,Retail Outlet,Returning,3,12000.0,0.2,7200.0,28800.0,17837.74,10962.26,38.06,Credit Card,Completed
ORD-12069,2026-08-05 19:27:20,CUST-1263,Standing Desk,Furniture,Maharashtra,Pune,Direct Sales,Returning,3,32000.0,0.05,4800.0,91200.0,63680.63,27519.37,30.17,UPI,Completed
ORD-12070,2026-08-05 10:11:45,CUST-1009,Wireless Noise-Canceling Headphones,Electronics,Maharashtra,Pune,Direct Sales,Returning,2,12000.0,0.15,3600.0,20400.0,11850.73,8549.27,41.91,UPI,Completed
ORD-12071,2026-08-05 17:29:19,CUST-1306,Standing Desk,Furniture,Gujarat,Ahmedabad,Direct Sales,Returning,2,32000.0,0.15,9600.0,54400.0,39704.55,14695.45,27.01,UPI,Completed
ORD-12072,2026-08-05 16:22:57,CUST-1162,Ultra Smartphone,Electronics,Maharashtra,Nagpur,Online Store,New,1,55000.0,0.05,2750.0,52250.0,33028.43,19221.57,36.79,UPI,Completed
ORD-12073,2026-08-05 08:18:48,CUST-1112,Wireless Ergonomic Mouse,Accessories,Karnataka,Bengaluru,Online Store,New,3,2500.0,0.0,0.0,7500.0,2936.59,4563.41,60.85,UPI,Completed
ORD-12074,2026-08-05 17:36:51,CUST-1149,USB-C Multiport Dock,Accessories,Karnataka,Bengaluru,Distributor,Returning,6,4500.0,0.05,1350.0,25650.0,11949.35,13700.65,53.41,Credit Card,Completed
ORD-12075,2026-08-05 16:54:16,CUST-1062,Ergonomic Office Chair,Furniture,Maharashtra,Nagpur,Online Store,Returning,4,18000.0,0.0,0.0,72000.0,42627.96,29372.04,40.79,Credit Card,Completed
ORD-12076,2026-08-05 19:51:37,CUST-1218,Wireless Ergonomic Mouse,Accessories,Gujarat,Ahmedabad,Direct Sales,Returning,2,2500.0,0.0,0.0,5000.0,2076.74,2923.26,58.47,UPI,Completed
ORD-12077,2026-08-05 10:23:26,CUST-1298,Ultra Smartphone,Electronics,Maharashtra,Pune,Retail Outlet,Returning,2,55000.0,0.2,22000.0,88000.0,67726.35,20273.65,23.04,UPI,Completed
ORD-12078,2026-08-05 18:07:55,CUST-1339,Mechanical Gaming Keyboard,Electronics,Gujarat,Vadodara,Distributor,New,2,6500.0,0.15,1950.0,11050.0,7341.11,3708.89,33.56,Credit Card,Completed
ORD-12079,2026-08-05 16:42:19,CUST-1164,Wireless Ergonomic Mouse,Accessories,Maharashtra,Pune,Distributor,New,2,2500.0,0.0,0.0,5000.0,1947.1,3052.9,61.06,Credit Card,Completed
ORD-12080,2026-08-05 08:24:05,CUST-1340,Laptop Pro,Electronics,Gujarat,Surat,Online Store,Returning,3,75000.0,0.05,11250.0,213750.0,140617.49,73132.51,34.21,Net Banking,Completed
ORD-12081,2026-08-05 20:42:51,CUST-1062,Wireless Noise-Canceling Headphones,Electronics,Gujarat,Surat,Online Store,New,3,12000.0,0.05,1800.0,34200.0,17448.13,16751.87,48.98,Net Banking,Completed
ORD-12082,2026-08-05 12:37:14,CUST-1225,Smart Fitness Watch,Accessories,Maharashtra,Mumbai,Retail Outlet,Returning,5,8500.0,0.0,0.0,42500.0,21562.78,20937.22,49.26,Credit Card,Completed
ORD-12083,2026-08-05 11:41:17,CUST-1110,Wireless Noise-Canceling Headphones,Electronics,Karnataka,Mysuru,Retail Outlet,Returning,4,12000.0,0.1,4800.0,43200.0,23594.23,19605.77,45.38,Net Banking,Cancelled
ORD-12084,2026-08-05 07:16:19,CUST-1001,Wireless Ergonomic Mouse,Accessories,Maharashtra,Pune,Distributor,Returning,7,2500.0,0.05,875.0,16625.0,6883.38,9741.62,58.6,Net Banking,Cancelled
ORD-12085,2026-08-05 12:40:34,CUST-1228,USB-C Multiport Dock,Accessories,Delhi NCR,New Delhi,Online Store,Returning,2,4500.0,0.2,1800.0,7200.0,4077.18,3122.82,43.37,Credit Card,Completed
ORD-12086,2026-08-05 13:59:35,CUST-1318,"4K Monitor 27""",Electronics,Delhi NCR,New Delhi,Distributor,Returning,1,28000.0,0.15,4200.0,23800.0,17785.94,6014.06,25.27,Credit Card,Completed
ORD-12087,2026-08-05 10:02:49,CUST-1043,Wireless Noise-Canceling Headphones,Electronics,Gujarat,Vadodara,Distributor,Returning,2,12000.0,0.2,4800.0,19200.0,11865.1,7334.9,38.2,Net Banking,Completed
ORD-12088,2026-08-05 09:01:58,CUST-1010,Mechanical Gaming Keyboard,Electronics,Karnataka,Bengaluru,Online Store,New,2,6500.0,0.2,2600.0,10400.0,6991.31,3408.69,32.78,UPI,Completed
ORD-12089,2026-08-05 18:10:53,CUST-1293,Standing Desk,Furniture,Karnataka,Mysuru,Direct Sales,New,4,32000.0,0.05,6400.0,121600.0,84842.65,36757.35,30.23,Credit Card,Completed
ORD-12090,2026-08-05 12:51:13,CUST-1300,Mechanical Gaming Keyboard,Electronics,Delhi NCR,Noida,Online Store,Returning,1,6500.0,0.1,650.0,5850.0,3492.7,2357.3,40.3,Credit Card,Completed
ORD-12091,2026-08-05 09:18:04,CUST-1309,Ergonomic Office Chair,Furniture,Tamil Nadu,Chennai,Retail Outlet,Returning,4,18000.0,0.05,3600.0,68400.0,40673.9,27726.1,40.54,Credit Card,Completed
ORD-12092,2026-08-05 19:01:40,CUST-1019,Standing Desk,Furniture,Maharashtra,Mumbai,Direct Sales,Returning,4,32000.0,0.05,6400.0,121600.0,84906.7,36693.3,30.18,Debit Card,Completed
ORD-12093,2026-08-05 10:25:00,CUST-1171,Laptop Pro,Electronics,Karnataka,Mysuru,Online Store,Returning,4,75000.0,0.1,30000.0,270000.0,196621.2,73378.8,27.18,Net Banking,Completed
ORD-12094,2026-08-05 12:30:36,CUST-1324,Wireless Noise-Canceling Headphones,Electronics,Maharashtra,Pune,Online Store,Returning,4,12000.0,0.15,7200.0,40800.0,24128.22,16671.78,40.86,Credit Card,Completed
ORD-12095,2026-08-05 11:29:10,CUST-1140,Ultra Smartphone,Electronics,Maharashtra,Mumbai,Distributor,New,2,55000.0,0.15,16500.0,93500.0,67121.03,26378.97,28.21,UPI,Completed
ORD-12096,2026-08-05 17:42:09,CUST-1336,Standing Desk,Furniture,Maharashtra,Mumbai,Retail Outlet,New,4,32000.0,0.05,6400.0,121600.0,82967.41,38632.59,31.77,Net Banking,Completed
ORD-12097,2026-08-05 15:51:07,CUST-1058,USB-C Multiport Dock,Accessories,Maharashtra,Pune,Retail Outlet,New,3,4500.0,0.25,3375.0,10125.0,5857.68,4267.32,42.15,Net Banking,Completed
ORD-12098,2026-08-05 16:30:43,CUST-1067,Ergonomic Office Chair,Furniture,Delhi NCR,Gurugram,Retail Outlet,New,1,18000.0,0.1,1800.0,16200.0,10553.29,5646.71,34.86,Debit Card,Completed
ORD-12099,2026-08-05 18:53:15,CUST-1236,Mechanical Gaming Keyboard,Electronics,Tamil Nadu,Coimbatore,Retail Outlet,New,3,6500.0,0.2,3900.0,15600.0,10360.97,5239.03,33.58,Net Banking,Completed
ORD-12100,2026-08-05 16:48:38,CUST-1314,Standing Desk,Furniture,Gujarat,Surat,Online Store,New,4,32000.0,0.15,19200.0,108800.0,82865.2,25934.8,23.84,Credit Card,Completed
ORD-12101,2026-08-05 17:54:14,CUST-1121,Standing Desk,Furniture,Maharashtra,Pune,Retail Outlet,Returning,3,32000.0,0.2,19200.0,76800.0,60478.38,16321.62,21.25,Credit Card,Completed
ORD-12102,2026-08-05 15:49:37,CUST-1143,Ultra Smartphone,Electronics,Tamil Nadu,Chennai,Retail Outlet,Returning,1,55000.0,0.1,5500.0,49500.0,33978.59,15521.41,31.36,Credit Card,Completed
ORD-12103,2026-08-05 16:48:30,CUST-1051,Ultra Smartphone,Electronics,Maharashtra,Nagpur,Distributor,Returning,3,55000.0,0.2,33000.0,132000.0,100846.98,31153.02,23.6,UPI,Completed
ORD-12104,2026-08-05 13:23:38,CUST-1240,Laptop Pro,Electronics,Karnataka,Mysuru,Online Store,Returning,1,75000.0,0.2,15000.0,60000.0,48151.91,11848.09,19.75,Debit Card,Completed
ORD-12105,2026-08-05 13:06:55,CUST-1186,Wireless Noise-Canceling Headphones,Electronics,Gujarat,Vadodara,Retail Outlet,Returning,2,12000.0,0.25,6000.0,18000.0,12013.45,5986.55,33.26,Credit Card,Completed
ORD-12106,2026-08-05 09:53:11,CUST-1326,Wireless Noise-Canceling Headphones,Electronics,Gujarat,Ahmedabad,Distributor,Returning,4,12000.0,0.25,12000.0,36000.0,24208.69,11791.31,32.75,Credit Card,Completed
ORD-12107,2026-08-06 18:31:28,CUST-1013,Standing Desk,Furniture,Maharashtra,Nagpur,Online Store,Returning,4,32000.0,0.0,0.0,128000.0,85100.1,42899.9,33.52,Credit Card,Completed
ORD-12108,2026-08-06 11:42:17,CUST-1284,Laptop Pro,Electronics,Gujarat,Vadodara,Distributor,New,2,75000.0,0.15,22500.0,127500.0,97720.84,29779.16,23.36,Credit Card,Completed
ORD-12109,2026-08-06 20:05:43,CUST-1239,Wireless Noise-Canceling Headphones,Electronics,Delhi NCR,Noida,Distributor,Returning,1,12000.0,0.05,600.0,11400.0,5924.19,5475.81,48.03,Debit Card,Completed
ORD-12110,2026-08-06 17:13:23,CUST-1254,Laptop Pro,Electronics,Gujarat,Surat,Distributor,New,4,75000.0,0.1,30000.0,270000.0,199305.02,70694.98,26.18,Debit Card,Completed
ORD-12111,2026-08-06 18:03:30,CUST-1162,Wireless Ergonomic Mouse,Accessories,Karnataka,Bengaluru,Retail Outlet,Returning,7,2500.0,0.1,1750.0,15750.0,6815.36,8934.64,56.73,UPI,Completed
ORD-12112,2026-08-06 14:24:20,CUST-1085,USB-C Multiport Dock,Accessories,Delhi NCR,New Delhi,Distributor,Returning,4,4500.0,0.25,4500.0,13500.0,7987.34,5512.66,40.83,Debit Card,Completed
ORD-12113,2026-08-06 13:16:57,CUST-1293,Standing Desk,Furniture,Maharashtra,Nagpur,Distributor,Returning,4,32000.0,0.15,19200.0,108800.0,78686.42,30113.58,27.68,Net Banking,Completed
ORD-12114,2026-08-06 09:47:32,CUST-1197,Wireless Noise-Canceling Headphones,Electronics,Delhi NCR,Gurugram,Retail Outlet,New,4,12000.0,0.05,2400.0,45600.0,24341.55,21258.45,46.62,UPI,Completed
ORD-12115,2026-08-06 14:53:12,CUST-1336,Ultra Smartphone,Electronics,Tamil Nadu,Chennai,Online Store,Returning,3,55000.0,0.0,0.0,165000.0,100551.3,64448.7,39.06,Debit Card,Completed
ORD-12116,2026-08-06 13:55:27,CUST-1292,Laptop Pro,Electronics,Gujarat,Surat,Direct Sales,New,4,75000.0,0.0,0.0,300000.0,189960.16,110039.84,36.68,Credit Card,Completed
ORD-12117,2026-08-06 15:05:22,CUST-1320,Mechanical Gaming Keyboard,Electronics,Karnataka,Mysuru,Retail Outlet,New,1,6500.0,0.1,650.0,5850.0,3704.96,2145.04,36.67,UPI,Completed
ORD-12118,2026-08-06 15:21:29,CUST-1096,Wireless Ergonomic Mouse,Accessories,Gujarat,Surat,Distributor,Returning,3,2500.0,0.0,0.0,7500.0,2960.02,4539.98,60.53,Credit Card,Completed
ORD-12119,2026-08-06 14:13:18,CUST-1124,Ergonomic Office Chair,Furniture,Maharashtra,Mumbai,Online Store,Returning,3,18000.0,0.0,0.0,54000.0,32457.43,21542.57,39.89,Credit Card,Completed
ORD-12120,2026-08-06 12:51:26,CUST-1091,Ultra Smartphone,Electronics,Maharashtra,Mumbai,Online Store,New,1,55000.0,0.15,8250.0,46750.0,32681.29,14068.71,30.09,Net Banking,Completed
ORD-12121,2026-08-06 18:42:10,CUST-1338,Ultra Smartphone,Electronics,Tamil Nadu,Chennai,Retail Outlet,New,4,55000.0,0.15,33000.0,187000.0,135783.0,51217.0,27.39,Net Banking,Completed
ORD-12122,2026-08-06 19:24:07,CUST-1072,Laptop Pro,Electronics,Delhi NCR,Gurugram,Retail Outlet,Returning,1,75000.0,0.15,11250.0,63750.0,49877.13,13872.87,21.76,Debit Card,Completed
ORD-12123,2026-08-06 13:52:07,CUST-1159,Wireless Ergonomic Mouse,Accessories,Delhi NCR,Gurugram,Direct Sales,Returning,2,2500.0,0.0,0.0,5000.0,2017.88,2982.12,59.64,Net Banking,Completed
ORD-12124,2026-08-06 16:08:07,CUST-1057,Ergonomic Office Chair,Furniture,Delhi NCR,Noida,Direct Sales,New,3,18000.0,0.2,10800.0,43200.0,30997.4,12202.6,28.25,Net Banking,Completed
ORD-12125,2026-08-06 07:39:02,CUST-1075,Smart Fitness Watch,Accessories,Karnataka,Mysuru,Online Store,Returning,8,8500.0,0.1,6800.0,61200.0,35095.93,26104.07,42.65,UPI,Completed
ORD-12126,2026-08-06 18:10:49,CUST-1186,Laptop Pro,Electronics,Maharashtra,Nagpur,Online Store,Returning,4,75000.0,0.15,45000.0,255000.0,196539.39,58460.61,22.93,Credit Card,Completed
ORD-12127,2026-08-06 17:09:29,CUST-1234,Mechanical Gaming Keyboard,Electronics,Tamil Nadu,Chennai,Distributor,New,3,6500.0,0.0,0.0,19500.0,11103.35,8396.65,43.06,Debit Card,Completed
ORD-12128,2026-08-06 15:54:24,CUST-1153,Laptop Pro,Electronics,Karnataka,Bengaluru,Direct Sales,Returning,4,75000.0,0.0,0.0,300000.0,199780.28,100219.72,33.41,UPI,Completed
ORD-12129,2026-08-06 18:07:27,CUST-1120,USB-C Multiport Dock,Accessories,Delhi NCR,New Delhi,Retail Outlet,Returning,8,4500.0,0.15,5400.0,30600.0,16833.53,13766.47,44.99,Credit Card,Completed
ORD-12130,2026-08-06 12:56:20,CUST-1157,Wireless Noise-Canceling Headphones,Electronics,Delhi NCR,Gurugram,Online Store,Returning,4,12000.0,0.0,0.0,48000.0,23760.57,24239.43,50.5,Credit Card,Completed
ORD-12131,2026-08-06 13:39:37,CUST-1274,Laptop Pro,Electronics,Gujarat,Surat,Retail Outlet,Returning,1,75000.0,0.2,15000.0,60000.0,49329.91,10670.09,17.78,Credit Card,Completed
ORD-12132,2026-08-06 14:24:36,CUST-1036,Ultra Smartphone,Electronics,Karnataka,Bengaluru,Distributor,Returning,4,55000.0,0.25,55000.0,165000.0,132027.32,32972.68,19.98,UPI,Completed
ORD-12133,2026-08-06 16:30:22,CUST-1311,Wireless Ergonomic Mouse,Accessories,Maharashtra,Pune,Online Store,New,6,2500.0,0.0,0.0,15000.0,6029.64,8970.36,59.8,Net Banking,Completed
ORD-12134,2026-08-06 16:39:08,CUST-1327,Smart Fitness Watch,Accessories,Delhi NCR,Gurugram,Retail Outlet,Returning,7,8500.0,0.0,0.0,59500.0,30575.93,28924.07,48.61,Net Banking,Completed
ORD-12135,2026-08-06 10:43:28,CUST-1046,Wireless Noise-Canceling Headphones,Electronics,Gujarat,Vadodara,Direct Sales,Returning,1,12000.0,0.1,1200.0,10800.0,5993.91,4806.09,44.5,UPI,Completed
ORD-12136,2026-08-06 11:54:05,CUST-1266,Wireless Ergonomic Mouse,Accessories,Gujarat,Vadodara,Distributor,Returning,4,2500.0,0.25,2500.0,7500.0,3982.9,3517.1,46.89,UPI,Completed
ORD-12137,2026-08-06 09:40:48,CUST-1168,Laptop Pro,Electronics,Maharashtra,Pune,Online Store,Returning,3,75000.0,0.1,22500.0,202500.0,151631.8,50868.2,25.12,Credit Card,Completed
ORD-12138,2026-08-06 09:35:59,CUST-1266,Ergonomic Office Chair,Furniture,Delhi NCR,Noida,Online Store,New,3,18000.0,0.0,0.0,54000.0,31426.17,22573.83,41.8,Debit Card,Completed
ORD-12139,2026-08-06 14:12:14,CUST-1298,Ergonomic Office Chair,Furniture,Maharashtra,Pune,Online Store,New,1,18000.0,0.15,2700.0,15300.0,10504.1,4795.9,31.35,Credit Card,Completed
ORD-12140,2026-08-06 08:25:15,CUST-1111,Ultra Smartphone,Electronics,Karnataka,Mysuru,Retail Outlet,Returning,3,55000.0,0.05,8250.0,156750.0,95511.86,61238.14,39.07,UPI,Completed
ORD-12141,2026-08-06 12:54:33,CUST-1231,USB-C Multiport Dock,Accessories,Gujarat,Ahmedabad,Online Store,New,7,4500.0,0.2,6300.0,25200.0,14423.05,10776.95,42.77,Net Banking,Completed
ORD-12142,2026-08-06 12:27:23,CUST-1108,Standing Desk,Furniture,Tamil Nadu,Chennai,Direct Sales,Returning,1,32000.0,0.25,8000.0,24000.0,20548.55,3451.45,14.38,Debit Card,Completed
ORD-12143,2026-08-06 07:43:08,CUST-1037,Smart Fitness Watch,Accessories,Maharashtra,Mumbai,Retail Outlet,Returning,7,8500.0,0.0,0.0,59500.0,30704.8,28795.2,48.4,Debit Card,Completed
ORD-12144,2026-08-06 07:44:49,CUST-1283,Ultra Smartphone,Electronics,Maharashtra,Mumbai,Retail Outlet,New,1,55000.0,0.1,5500.0,49500.0,32913.89,16586.11,33.51,Debit Card,Completed
ORD-12145,2026-08-06 19:37:26,CUST-1179,USB-C Multiport Dock,Accessories,Maharashtra,Nagpur,Online Store,New,5,4500.0,0.25,5625.0,16875.0,9742.8,7132.2,42.26,UPI,Completed
ORD-12146,2026-08-07 20:48:41,CUST-1248,Wireless Ergonomic Mouse,Accessories,Gujarat,Surat,Retail Outlet,Returning,6,2500.0,0.05,750.0,14250.0,5830.66,8419.34,59.08,Credit Card,Completed
ORD-12147,2026-08-07 08:00:01,CUST-1033,USB-C Multiport Dock,Accessories,Maharashtra,Mumbai,Direct Sales,New,8,4500.0,0.05,1800.0,34200.0,15864.8,18335.2,53.61,Credit Card,Completed
ORD-12148,2026-08-07 20:27:27,CUST-1026,Wireless Ergonomic Mouse,Accessories,Gujarat,Surat,Retail Outlet,Returning,3,2500.0,0.2,1500.0,6000.0,3038.79,2961.21,49.35,Debit Card,Completed
ORD-12149,2026-08-07 20:58:48,CUST-1086,Wireless Ergonomic Mouse,Accessories,Delhi NCR,Noida,Online Store,Returning,5,2500.0,0.1,1250.0,11250.0,5093.55,6156.45,54.72,UPI,Completed
ORD-12150,2026-08-07 20:24:13,CUST-1058,Wireless Noise-Canceling Headphones,Electronics,Gujarat,Ahmedabad,Retail Outlet,New,3,12000.0,0.1,3600.0,32400.0,18080.79,14319.21,44.2,Credit Card,Completed
ORD-12151,2026-08-07 11:20:37,CUST-1211,Laptop Pro,Electronics,Karnataka,Bengaluru,Retail Outlet,New,2,75000.0,0.2,30000.0,120000.0,100354.5,19645.5,16.37,Net Banking,Completed
ORD-12152,2026-08-07 13:30:53,CUST-1176,"4K Monitor 27""",Electronics,Maharashtra,Pune,Retail Outlet,Returning,2,28000.0,0.05,2800.0,53200.0,34811.18,18388.82,34.57,Credit Card,Completed
ORD-12153,2026-08-07 14:32:18,CUST-1283,USB-C Multiport Dock,Accessories,Delhi NCR,New Delhi,Direct Sales,New,5,4500.0,0.25,5625.0,16875.0,10170.05,6704.95,39.73,UPI,Completed
ORD-12154,2026-08-07 11:39:58,CUST-1016,USB-C Multiport Dock,Accessories,Maharashtra,Nagpur,Distributor,Returning,5,4500.0,0.0,0.0,22500.0,9873.04,12626.96,56.12,Debit Card,Completed
ORD-12155,2026-08-07 16:25:35,CUST-1035,Mechanical Gaming Keyboard,Electronics,Maharashtra,Nagpur,Distributor,New,2,6500.0,0.1,1300.0,11700.0,7027.41,4672.59,39.94,Debit Card,Completed
ORD-12156,2026-08-07 13:33:32,CUST-1295,Wireless Noise-Canceling Headphones,Electronics,Gujarat,Ahmedabad,Retail Outlet,New,1,12000.0,0.1,1200.0,10800.0,5781.77,5018.23,46.47,Credit Card,Completed
ORD-12157,2026-08-07 20:04:00,CUST-1125,Standing Desk,Furniture,Delhi NCR,Noida,Retail Outlet,Returning,2,32000.0,0.1,6400.0,57600.0,40717.78,16882.22,29.31,Debit Card,Completed
ORD-12158,2026-08-07 17:55:55,CUST-1053,Ultra Smartphone,Electronics,Karnataka,Bengaluru,Online Store,Returning,4,55000.0,0.2,44000.0,176000.0,130064.29,45935.71,26.1,Credit Card,Completed
ORD-12159,2026-08-07 16:15:34,CUST-1044,Ergonomic Office Chair,Furniture,Maharashtra,Mumbai,Online Store,New,3,18000.0,0.05,2700.0,51300.0,31317.76,19982.24,38.95,Debit Card,Completed
ORD-12160,2026-08-07 13:09:00,CUST-1006,Standing Desk,Furniture,Gujarat,Surat,Retail Outlet,Returning,4,32000.0,0.05,6400.0,121600.0,79285.81,42314.19,34.8,Net Banking,Completed
ORD-12161,2026-08-07 09:05:40,CUST-1089,Wireless Noise-Canceling Headphones,Electronics,Maharashtra,Pune,Retail Outlet,Returning,3,12000.0,0.15,5400.0,30600.0,17309.04,13290.96,43.43,Debit Card,Completed
ORD-12162,2026-08-07 08:38:18,CUST-1151,Laptop Pro,Electronics,Karnataka,Mysuru,Direct Sales,New,4,75000.0,0.15,45000.0,255000.0,201072.88,53927.12,21.15,Credit Card,Completed
ORD-12163,2026-08-07 08:19:04,CUST-1214,Wireless Ergonomic Mouse,Accessories,Maharashtra,Nagpur,Retail Outlet,New,2,2500.0,0.0,0.0,5000.0,2005.25,2994.75,59.89,Credit Card,Completed
ORD-12164,2026-08-07 10:34:00,CUST-1085,Wireless Noise-Canceling Headphones,Electronics,Maharashtra,Pune,Online Store,New,2,12000.0,0.2,4800.0,19200.0,12340.22,6859.78,35.73,Credit Card,Completed
ORD-12165,2026-08-07 18:42:21,CUST-1097,USB-C Multiport Dock,Accessories,Tamil Nadu,Chennai,Online Store,Returning,5,4500.0,0.1,2250.0,20250.0,9757.5,10492.5,51.81,Debit Card,Completed
ORD-12166,2026-08-07 07:55:55,CUST-1281,Laptop Pro,Electronics,Maharashtra,Mumbai,Online Store,New,3,75000.0,0.1,22500.0,202500.0,146822.45,55677.55,27.5,Net Banking,Completed
ORD-12167,2026-08-07 18:14:35,CUST-1305,Ultra Smartphone,Electronics,Maharashtra,Pune,Online Store,New,3,55000.0,0.1,16500.0,148500.0,96396.47,52103.53,35.09,Debit Card,Completed
ORD-12168,2026-08-07 07:27:22,CUST-1019,"4K Monitor 27""",Electronics,Karnataka,Bengaluru,Direct Sales,Returning,4,28000.0,0.05,5600.0,106400.0,70295.26,36104.74,33.93,Debit Card,Completed
ORD-12169,2026-08-07 08:49:32,CUST-1264,Mechanical Gaming Keyboard,Electronics,Maharashtra,Nagpur,Retail Outlet,New,1,6500.0,0.2,1300.0,5200.0,3654.85,1545.15,29.71,Credit Card,Completed
ORD-12170,2026-08-07 14:27:39,CUST-1271,"4K Monitor 27""",Electronics,Maharashtra,Pune,Direct Sales,Returning,1,28000.0,0.15,4200.0,23800.0,17701.29,6098.71,25.62,Credit Card,Completed
ORD-12171,2026-08-07 19:18:44,CUST-1218,Wireless Ergonomic Mouse,Accessories,Gujarat,Vadodara,Retail Outlet,Returning,8,2500.0,0.05,1000.0,19000.0,7734.13,11265.87,59.29,Net Banking,Completed
ORD-12172,2026-08-07 20:38:56,CUST-1348,Smart Fitness Watch,Accessories,Karnataka,Mysuru,Retail Outlet,Returning,1,8500.0,0.2,1700.0,6800.0,4491.81,2308.19,33.94,Debit Card,Completed
ORD-12173,2026-08-07 07:23:06,CUST-1185,Ergonomic Office Chair,Furniture,Gujarat,Vadodara,Online Store,New,1,18000.0,0.05,900.0,17100.0,10622.15,6477.85,37.88,Debit Card,Completed
ORD-12174,2026-08-07 10:40:42,CUST-1088,Wireless Ergonomic Mouse,Accessories,Gujarat,Surat,Online Store,Returning,2,2500.0,0.15,750.0,4250.0,1955.09,2294.91,54.0,Net Banking,Completed
ORD-12175,2026-08-07 19:26:47,CUST-1257,"4K Monitor 27""",Electronics,Gujarat,Surat,Retail Outlet,New,1,28000.0,0.05,1400.0,26600.0,17545.76,9054.24,34.04,Debit Card,Completed
ORD-12176,2026-08-07 16:34:38,CUST-1153,Ergonomic Office Chair,Furniture,Gujarat,Surat,Distributor,Returning,3,18000.0,0.1,5400.0,48600.0,32223.34,16376.66,33.7,UPI,Completed
ORD-12177,2026-08-08 14:34:46,CUST-1200,Smart Fitness Watch,Accessories,Karnataka,Bengaluru,Direct Sales,New,5,8500.0,0.05,2125.0,40375.0,22488.78,17886.22,44.3,UPI,Completed
ORD-12178,2026-08-08 16:00:28,CUST-1291,Ergonomic Office Chair,Furniture,Maharashtra,Nagpur,Direct Sales,Returning,3,18000.0,0.2,10800.0,43200.0,32167.03,11032.97,25.54,UPI,Completed
ORD-12179,2026-08-08 08:08:54,CUST-1030,Standing Desk,Furniture,Delhi NCR,New Delhi,Distributor,Returning,3,32000.0,0.2,19200.0,76800.0,62407.36,14392.64,18.74,Net Banking,Completed
ORD-12180,2026-08-08 12:23:18,CUST-1193,Ergonomic Office Chair,Furniture,Tamil Nadu,Chennai,Distributor,Returning,2,18000.0,0.25,9000.0,27000.0,20323.93,6676.07,24.73,Credit Card,Completed
ORD-12181,2026-08-08 09:51:53,CUST-1083,USB-C Multiport Dock,Accessories,Tamil Nadu,Chennai,Distributor,New,7,4500.0,0.05,1575.0,29925.0,14299.17,15625.83,52.22,UPI,Completed
ORD-12182,2026-08-08 17:29:29,CUST-1260,Mechanical Gaming Keyboard,Electronics,Maharashtra,Pune,Distributor,Returning,2,6500.0,0.1,1300.0,11700.0,6942.55,4757.45,40.66,Credit Card,Completed
ORD-12183,2026-08-08 11:54:05,CUST-1179,Ultra Smartphone,Electronics,Delhi NCR,Gurugram,Distributor,Returning,1,55000.0,0.0,0.0,55000.0,33790.5,21209.5,38.56,UPI,Completed
ORD-12184,2026-08-08 17:32:32,CUST-1042,USB-C Multiport Dock,Accessories,Karnataka,Mysuru,Distributor,Returning,4,4500.0,0.25,4500.0,13500.0,8190.41,5309.59,39.33,Net Banking,Completed
ORD-12185,2026-08-08 18:44:17,CUST-1030,Smart Fitness Watch,Accessories,Karnataka,Mysuru,Distributor,New,3,8500.0,0.25,6375.0,19125.0,13338.72,5786.28,30.26,Debit Card,Completed
ORD-12186,2026-08-08 09:57:47,CUST-1303,"4K Monitor 27""",Electronics,Karnataka,Bengaluru,Direct Sales,Returning,3,28000.0,0.2,16800.0,67200.0,53947.84,13252.16,19.72,UPI,Completed
ORD-12187,2026-08-08 11:08:12,CUST-1085,Wireless Ergonomic Mouse,Accessories,Karnataka,Bengaluru,Online Store,Returning,7,2500.0,0.15,2625.0,14875.0,7275.25,7599.75,51.09,Net Banking,Completed
ORD-12188,2026-08-08 10:54:01,CUST-1181,Standing Desk,Furniture,Karnataka,Mysuru,Distributor,Returning,4,32000.0,0.2,25600.0,102400.0,83550.79,18849.21,18.41,Debit Card,Completed
ORD-12189,2026-08-08 11:18:10,CUST-1146,Wireless Noise-Canceling Headphones,Electronics,Maharashtra,Pune,Retail Outlet,New,2,12000.0,0.1,2400.0,21600.0,11555.28,10044.72,46.5,Credit Card,Completed
ORD-12190,2026-08-08 20:05:20,CUST-1261,Mechanical Gaming Keyboard,Electronics,Maharashtra,Nagpur,Distributor,Returning,3,6500.0,0.0,0.0,19500.0,11115.47,8384.53,43.0,Debit Card,Completed
ORD-12191,2026-08-08 11:27:53,CUST-1236,Wireless Ergonomic Mouse,Accessories,Gujarat,Surat,Retail Outlet,Returning,6,2500.0,0.0,0.0,15000.0,6172.05,8827.95,58.85,Debit Card,Completed
ORD-12192,2026-08-08 16:50:53,CUST-1245,Laptop Pro,Electronics,Karnataka,Mysuru,Online Store,Returning,4,75000.0,0.0,0.0,300000.0,196805.63,103194.37,34.4,UPI,Completed
ORD-12193,2026-08-08 15:26:19,CUST-1143,Laptop Pro,Electronics,Delhi NCR,Gurugram,Online Store,Returning,3,75000.0,0.25,56250.0,168750.0,140551.56,28198.44,16.71,Credit Card,Completed
ORD-12194,2026-08-08 17:52:11,CUST-1063,"4K Monitor 27""",Electronics,Tamil Nadu,Coimbatore,Distributor,New,4,28000.0,0.0,0.0,112000.0,70460.59,41539.41,37.09,UPI,Completed
ORD-12195,2026-08-08 11:04:08,CUST-1039,"4K Monitor 27""",Electronics,Karnataka,Bengaluru,Retail Outlet,Returning,2,28000.0,0.25,14000.0,42000.0,35260.61,6739.39,16.05,Debit Card,Completed
ORD-12196,2026-08-08 13:32:50,CUST-1161,Laptop Pro,Electronics,Gujarat,Vadodara,Retail Outlet,New,1,75000.0,0.1,7500.0,67500.0,47285.54,20214.46,29.95,Net Banking,Completed
ORD-12197,2026-08-08 12:16:24,CUST-1083,Ergonomic Office Chair,Furniture,Maharashtra,Mumbai,Retail Outlet,Returning,1,18000.0,0.15,2700.0,15300.0,10312.83,4987.17,32.6,UPI,Completed
ORD-12198,2026-08-08 15:58:38,CUST-1234,USB-C Multiport Dock,Accessories,Gujarat,Surat,Distributor,Returning,8,4500.0,0.05,1800.0,34200.0,15996.68,18203.32,53.23,UPI,Completed
ORD-12199,2026-08-08 19:29:32,CUST-1185,Laptop Pro,Electronics,Maharashtra,Mumbai,Online Store,Returning,3,75000.0,0.05,11250.0,213750.0,148085.88,65664.12,30.72,Net Banking,Completed
ORD-12200,2026-08-08 16:21:20,CUST-1342,Smart Fitness Watch,Accessories,Gujarat,Ahmedabad,Online Store,New,2,8500.0,0.1,1700.0,15300.0,8599.03,6700.97,43.8,Credit Card,Completed
ORD-12201,2026-08-08 11:50:25,CUST-1189,Laptop Pro,Electronics,Maharashtra,Pune,Direct Sales,Returning,3,75000.0,0.05,11250.0,213750.0,145612.8,68137.2,31.88,UPI,Completed
ORD-12202,2026-08-08 08:44:51,CUST-1278,USB-C Multiport Dock,Accessories,Maharashtra,Nagpur,Direct Sales,Returning,7,4500.0,0.2,6300.0,25200.0,14196.18,11003.82,43.67,Debit Card,Completed
ORD-12203,2026-08-08 07:41:38,CUST-1001,Ultra Smartphone,Electronics,Tamil Nadu,Chennai,Direct Sales,Returning,2,55000.0,0.15,16500.0,93500.0,63509.27,29990.73,32.08,UPI,Completed
ORD-12204,2026-08-08 10:47:58,CUST-1123,Ultra Smartphone,Electronics,Tamil Nadu,Coimbatore,Distributor,New,2,55000.0,0.1,11000.0,99000.0,67505.4,31494.6,31.81,Debit Card,Completed
ORD-12205,2026-08-08 18:46:52,CUST-1191,"4K Monitor 27""",Electronics,Gujarat,Surat,Direct Sales,New,3,28000.0,0.1,8400.0,75600.0,51073.48,24526.52,32.44,UPI,Completed
ORD-12206,2026-08-08 19:25:14,CUST-1090,Standing Desk,Furniture,Tamil Nadu,Chennai,Direct Sales,New,1,32000.0,0.15,4800.0,27200.0,20761.33,6438.67,23.67,Credit Card,Completed
ORD-12207,2026-08-08 20:35:01,CUST-1103,USB-C Multiport Dock,Accessories,Maharashtra,Pune,Distributor,Returning,4,4500.0,0.05,900.0,17100.0,8278.45,8821.55,51.59,UPI,Completed
ORD-12208,2026-08-08 18:06:43,CUST-1316,Wireless Noise-Canceling Headphones,Electronics,Delhi NCR,Gurugram,Online Store,Returning,3,12000.0,0.0,0.0,36000.0,18136.2,17863.8,49.62,Credit Card,Completed
ORD-12209,2026-08-08 10:59:39,CUST-1060,Smart Fitness Watch,Accessories,Maharashtra,Pune,Online Store,New,8,8500.0,0.05,3400.0,64600.0,35953.58,28646.42,44.34,Net Banking,Completed
ORD-12210,2026-08-08 08:51:47,CUST-1160,Wireless Noise-Canceling Headphones,Electronics,Gujarat,Ahmedabad,Retail Outlet,Returning,2,12000.0,0.15,3600.0,20400.0,11815.34,8584.66,42.08,UPI,Completed
ORD-12211,2026-08-08 20:56:38,CUST-1211,Wireless Ergonomic Mouse,Accessories,Delhi NCR,Noida,Online Store,Returning,1,2500.0,0.2,500.0,2000.0,1031.43,968.57,48.43,Net Banking,Completed
ORD-12212,2026-08-08 08:49:55,CUST-1342,Standing Desk,Furniture,Gujarat,Ahmedabad,Retail Outlet,Returning,4,32000.0,0.15,19200.0,108800.0,84943.35,23856.65,21.93,Net Banking,Completed
ORD-12213,2026-08-08 12:19:51,CUST-1008,Smart Fitness Watch,Accessories,Karnataka,Mysuru,Direct Sales,New,2,8500.0,0.05,850.0,16150.0,8883.18,7266.82,45.0,Credit Card,Completed
ORD-12214,2026-08-08 11:03:34,CUST-1259,Mechanical Gaming Keyboard,Electronics,Gujarat,Surat,Retail Outlet,Returning,1,6500.0,0.0,0.0,6500.0,3693.52,2806.48,43.18,Credit Card,Completed
ORD-12215,2026-08-09 13:30:12,CUST-1154,"4K Monitor 27""",Electronics,Maharashtra,Pune,Direct Sales,Returning,1,28000.0,0.25,7000.0,21000.0,17097.95,3902.05,18.58,UPI,Completed
ORD-12216,2026-08-09 17:16:21,CUST-1130,Ultra Smartphone,Electronics,Maharashtra,Nagpur,Retail Outlet,Returning,2,55000.0,0.1,11000.0,99000.0,66714.03,32285.97,32.61,Credit Card,Completed
ORD-12217,2026-08-09 08:13:29,CUST-1017,Standing Desk,Furniture,Gujarat,Vadodara,Direct Sales,Returning,3,32000.0,0.2,19200.0,76800.0,61345.64,15454.36,20.12,UPI,Completed
ORD-12218,2026-08-09 10:27:02,CUST-1169,Wireless Noise-Canceling Headphones,Electronics,Maharashtra,Mumbai,Distributor,Returning,3,12000.0,0.2,7200.0,28800.0,17605.26,11194.74,38.87,UPI,Completed
ORD-12219,2026-08-09 19:22:41,CUST-1101,Laptop Pro,Electronics,Delhi NCR,Gurugram,Online Store,New,1,75000.0,0.15,11250.0,63750.0,49128.84,14621.16,22.94,Debit Card,Completed
ORD-12220,2026-08-09 12:06:22,CUST-1010,Wireless Ergonomic Mouse,Accessories,Delhi NCR,New Delhi,Distributor,Returning,5,2500.0,0.2,2500.0,10000.0,4921.14,5078.86,50.79,UPI,Completed
ORD-12221,2026-08-09 16:26:51,CUST-1252,Mechanical Gaming Keyboard,Electronics,Gujarat,Ahmedabad,Direct Sales,Returning,4,6500.0,0.2,5200.0,20800.0,13774.6,7025.4,33.78,Debit Card,Completed
ORD-12222,2026-08-09 13:19:09,CUST-1120,Laptop Pro,Electronics,Tamil Nadu,Chennai,Retail Outlet,Returning,1,75000.0,0.25,18750.0,56250.0,49213.57,7036.43,12.51,Credit Card,Completed
ORD-12223,2026-08-09 13:46:49,CUST-1349,Smart Fitness Watch,Accessories,Maharashtra,Nagpur,Direct Sales,Returning,1,8500.0,0.15,1275.0,7225.0,4296.13,2928.87,40.54,Credit Card,Completed
ORD-12224,2026-08-09 08:02:06,CUST-1003,Ergonomic Office Chair,Furniture,Karnataka,Mysuru,Direct Sales,Returning,1,18000.0,0.25,4500.0,13500.0,10065.86,3434.14,25.44,Debit Card,Completed
ORD-12225,2026-08-09 09:03:31,CUST-1035,Mechanical Gaming Keyboard,Electronics,Tamil Nadu,Chennai,Retail Outlet,New,3,6500.0,0.05,975.0,18525.0,10374.21,8150.79,44.0,Credit Card,Completed
ORD-12226,2026-08-09 11:15:45,CUST-1079,Wireless Ergonomic Mouse,Accessories,Karnataka,Mysuru,Retail Outlet,New,4,2500.0,0.15,1500.0,8500.0,4141.49,4358.51,51.28,Debit Card,Completed
ORD-12227,2026-08-09 17:23:53,CUST-1307,Wireless Noise-Canceling Headphones,Electronics,Maharashtra,Pune,Retail Outlet,Returning,2,12000.0,0.1,2400.0,21600.0,12458.77,9141.23,42.32,Debit Card,Completed
ORD-12228,2026-08-09 11:27:46,CUST-1258,Wireless Noise-Canceling Headphones,Electronics,Tamil Nadu,Chennai,Online Store,Returning,2,12000.0,0.2,4800.0,19200.0,12213.24,6986.76,36.39,UPI,Completed
ORD-12229,2026-08-09 17:59:54,CUST-1260,USB-C Multiport Dock,Accessories,Karnataka,Mysuru,Distributor,New,2,4500.0,0.25,2250.0,6750.0,4107.41,2642.59,39.15,Net Banking,Completed
ORD-12230,2026-08-09 15:37:00,CUST-1161,Wireless Ergonomic Mouse,Accessories,Maharashtra,Nagpur,Retail Outlet,Returning,6,2500.0,0.2,3000.0,12000.0,6115.35,5884.65,49.04,Credit Card,Cancelled
ORD-12231,2026-08-09 12:05:16,CUST-1302,Wireless Ergonomic Mouse,Accessories,Gujarat,Vadodara,Retail Outlet,Returning,7,2500.0,0.1,1750.0,15750.0,7205.28,8544.72,54.25,Debit Card,Completed
ORD-12232,2026-08-09 17:59:58,CUST-1328,Ultra Smartphone,Electronics,Gujarat,Vadodara,Distributor,New,2,55000.0,0.0,0.0,110000.0,64129.62,45870.38,41.7,Net Banking,Completed
ORD-12233,2026-08-09 12:03:14,CUST-1238,USB-C Multiport Dock,Accessories,Tamil Nadu,Coimbatore,Online Store,Returning,6,4500.0,0.2,5400.0,21600.0,12090.43,9509.57,44.03,Debit Card,Completed
ORD-12234,2026-08-09 11:05:34,CUST-1223,Smart Fitness Watch,Accessories,Maharashtra,Nagpur,Retail Outlet,Returning,2,8500.0,0.2,3400.0,13600.0,9089.44,4510.56,33.17,Debit Card,Completed
ORD-12235,2026-08-09 14:35:55,CUST-1046,Ergonomic Office Chair,Furniture,Maharashtra,Pune,Online Store,Returning,1,18000.0,0.25,4500.0,13500.0,10632.47,2867.53,21.24,Credit Card,Completed
ORD-12236,2026-08-09 16:07:42,CUST-1327,Smart Fitness Watch,Accessories,Maharashtra,Pune,Retail Outlet,Returning,7,8500.0,0.15,8925.0,50575.0,31061.41,19513.59,38.58,Net Banking,Completed
ORD-12237,2026-08-09 20:51:59,CUST-1312,"4K Monitor 27""",Electronics,Tamil Nadu,Chennai,Retail Outlet,Returning,2,28000.0,0.0,0.0,56000.0,35336.36,20663.64,36.9,Debit Card,Completed
ORD-12238,2026-08-09 14:22:47,CUST-1085,USB-C Multiport Dock,Accessories,Gujarat,Surat,Direct Sales,New,4,4500.0,0.1,1800.0,16200.0,7978.8,8221.2,50.75,Net Banking,Completed
ORD-12239,2026-08-09 14:54:43,CUST-1042,USB-C Multiport Dock,Accessories,Delhi NCR,New Delhi,Direct Sales,Returning,6,4500.0,0.15,4050.0,22950.0,12425.4,10524.6,45.86,Net Banking,Completed
ORD-12240,2026-08-09 08:49:17,CUST-1061,Smart Fitness Watch,Accessories,Maharashtra,Pune,Direct Sales,New,6,8500.0,0.1,5100.0,45900.0,26606.93,19293.07,42.03,Net Banking,Completed
ORD-12241,2026-08-09 10:36:23,CUST-1331,Laptop Pro,Electronics,Gujarat,Vadodara,Retail Outlet,Returning,3,75000.0,0.2,45000.0,180000.0,145051.51,34948.49,19.42,Debit Card,Completed
ORD-12242,2026-08-09 11:35:29,CUST-1029,Smart Fitness Watch,Accessories,Karnataka,Bengaluru,Online Store,New,1,8500.0,0.1,850.0,7650.0,4363.28,3286.72,42.96,Debit Card,Completed
ORD-12243,2026-08-09 21:04:30,CUST-1138,"4K Monitor 27""",Electronics,Maharashtra,Mumbai,Direct Sales,Returning,3,28000.0,0.2,16800.0,67200.0,54100.23,13099.77,19.49,Debit Card,Completed
ORD-12244,2026-08-09 10:58:20,CUST-1033,Standing Desk,Furniture,Maharashtra,Nagpur,Direct Sales,New,3,32000.0,0.2,19200.0,76800.0,61390.06,15409.94,20.07,UPI,Completed
ORD-12245,2026-08-09 14:31:00,CUST-1334,Ergonomic Office Chair,Furniture,Karnataka,Bengaluru,Direct Sales,Returning,4,18000.0,0.2,14400.0,57600.0,41858.91,15741.09,27.33,Credit Card,Completed
ORD-12246,2026-08-09 11:04:19,CUST-1230,Wireless Ergonomic Mouse,Accessories,Gujarat,Vadodara,Direct Sales,Returning,7,2500.0,0.1,1750.0,15750.0,7121.56,8628.44,54.78,Net Banking,Completed
ORD-12247,2026-08-09 09:26:36,CUST-1006,Standing Desk,Furniture,Tamil Nadu,Chennai,Retail Outlet,Returning,1,32000.0,0.1,3200.0,28800.0,21059.12,7740.88,26.88,Credit Card,Completed
ORD-12248,2026-08-09 08:32:21,CUST-1094,Wireless Noise-Canceling Headphones,Electronics,Maharashtra,Nagpur,Online Store,Returning,3,12000.0,0.2,7200.0,28800.0,18626.35,10173.65,35.33,Debit Card,Completed
ORD-12249,2026-08-09 15:08:04,CUST-1025,Mechanical Gaming Keyboard,Electronics,Maharashtra,Mumbai,Retail Outlet,Returning,2,6500.0,0.05,650.0,12350.0,6864.99,5485.01,44.41,Debit Card,Completed
ORD-12250,2026-08-09 19:15:36,CUST-1310,Ergonomic Office Chair,Furniture,Maharashtra,Pune,Direct Sales,New,4,18000.0,0.1,7200.0,64800.0,40324.26,24475.74,37.77,Net Banking,Completed
ORD-12251,2026-08-09 10:20:03,CUST-1159,Smart Fitness Watch,Accessories,Maharashtra,Nagpur,Online Store,Returning,2,8500.0,0.05,850.0,16150.0,8979.69,7170.31,44.4,Debit Card,Completed
ORD-12252,2026-08-09 14:02:50,CUST-1335,Laptop Pro,Electronics,Maharashtra,Nagpur,Retail Outlet,Returning,4,75000.0,0.05,15000.0,285000.0,190590.52,94409.48,33.13,Debit Card,Completed
ORD-12253,2026-08-09 16:19:43,CUST-1028,Laptop Pro,Electronics,Maharashtra,Mumbai,Direct Sales,New,4,75000.0,0.05,15000.0,285000.0,190735.69,94264.31,33.08,Net Banking,Completed
ORD-12254,2026-08-09 08:32:59,CUST-1176,Wireless Ergonomic Mouse,Accessories,Karnataka,Bengaluru,Distributor,Returning,2,2500.0,0.15,750.0,4250.0,1931.68,2318.32,54.55,Net Banking,Completed
ORD-12255,2026-08-09 08:19:35,CUST-1210,Standing Desk,Furniture,Tamil Nadu,Chennai,Retail Outlet,New,2,32000.0,0.05,3200.0,60800.0,42305.87,18494.13,30.42,Credit Card,Completed
ORD-12256,2026-08-09 17:10:57,CUST-1182,Ergonomic Office Chair,Furniture,Gujarat,Ahmedabad,Online Store,Returning,2,18000.0,0.2,7200.0,28800.0,20825.46,7974.54,27.69,Debit Card,Completed
ORD-12257,2026-08-09 17:58:45,CUST-1274,Wireless Ergonomic Mouse,Accessories,Karnataka,Mysuru,Distributor,Returning,6,2500.0,0.05,750.0,14250.0,5854.01,8395.99,58.92,UPI,Completed
ORD-12258,2026-08-09 10:11:29,CUST-1272,Ultra Smartphone,Electronics,Karnataka,Mysuru,Direct Sales,Returning,2,55000.0,0.05,5500.0,104500.0,68428.19,36071.81,34.52,UPI,Completed
ORD-12259,2026-08-09 20:07:03,CUST-1266,Ergonomic Office Chair,Furniture,Maharashtra,Nagpur,Distributor,New,4,18000.0,0.05,3600.0,68400.0,40677.38,27722.62,40.53,Credit Card,Completed
ORD-12260,2026-08-09 14:45:11,CUST-1294,"4K Monitor 27""",Electronics,Maharashtra,Nagpur,Distributor,New,1,28000.0,0.05,1400.0,26600.0,17697.07,8902.93,33.47,Debit Card,Completed
ORD-12261,2026-08-09 10:38:50,CUST-1042,Ultra Smartphone,Electronics,Maharashtra,Pune,Distributor,New,4,55000.0,0.1,22000.0,198000.0,134892.68,63107.32,31.87,Credit Card,Completed
ORD-12262,2026-08-09 12:34:43,CUST-1267,Ultra Smartphone,Electronics,Delhi NCR,New Delhi,Retail Outlet,Returning,1,55000.0,0.15,8250.0,46750.0,32293.9,14456.1,30.92,Debit Card,Completed
ORD-12263,2026-08-09 16:12:46,CUST-1127,USB-C Multiport Dock,Accessories,Gujarat,Surat,Direct Sales,Returning,5,4500.0,0.2,4500.0,18000.0,10041.51,7958.49,44.21,Net Banking,Completed
ORD-12264,2026-08-09 11:48:18,CUST-1270,Mechanical Gaming Keyboard,Electronics,Karnataka,Bengaluru,Distributor,New,1,6500.0,0.0,0.0,6500.0,3697.07,2802.93,43.12,Net Banking,Completed
ORD-12265,2026-08-09 14:16:27,CUST-1234,Ergonomic Office Chair,Furniture,Tamil Nadu,Chennai,Distributor,New,2,18000.0,0.1,3600.0,32400.0,20981.23,11418.77,35.24,Net Banking,Completed
ORD-12266,2026-08-09 14:33:53,CUST-1275,Wireless Noise-Canceling Headphones,Electronics,Delhi NCR,New Delhi,Online Store,Returning,2,12000.0,0.0,0.0,24000.0,12390.33,11609.67,48.37,Debit Card,Completed
ORD-12267,2026-08-09 14:10:04,CUST-1042,Ergonomic Office Chair,Furniture,Delhi NCR,Noida,Online Store,New,4,18000.0,0.15,10800.0,61200.0,43131.1,18068.9,29.52,Debit Card,Completed
ORD-12268,2026-08-09 18:57:44,CUST-1325,Wireless Noise-Canceling Headphones,Electronics,Karnataka,Mysuru,Online Store,Returning,3,12000.0,0.2,7200.0,28800.0,18252.14,10547.86,36.62,Net Banking,Completed
ORD-12269,2026-08-09 17:43:24,CUST-1183,Laptop Pro,Electronics,Maharashtra,Mumbai,Retail Outlet,Returning,2,75000.0,0.0,0.0,150000.0,97077.46,52922.54,35.28,Debit Card,Cancelled
ORD-12270,2026-08-09 14:01:22,CUST-1198,Smart Fitness Watch,Accessories,Maharashtra,Nagpur,Distributor,New,8,8500.0,0.15,10200.0,57800.0,33985.15,23814.85,41.2,Credit Card,Completed
ORD-12271,2026-08-09 18:31:39,CUST-1080,"4K Monitor 27""",Electronics,Karnataka,Bengaluru,Direct Sales,Returning,4,28000.0,0.1,11200.0,100800.0,71948.96,28851.04,28.62,Net Banking,Completed
ORD-12272,2026-08-10 13:08:05,CUST-1137,Smart Fitness Watch,Accessories,Maharashtra,Pune,Retail Outlet,Returning,5,8500.0,0.15,6375.0,36125.0,22391.76,13733.24,38.02,Net Banking,Completed
ORD-12273,2026-08-10 11:27:05,CUST-1178,Ultra Smartphone,Electronics,Maharashtra,Mumbai,Direct Sales,Returning,3,55000.0,0.2,33000.0,132000.0,95524.66,36475.34,27.63,Debit Card,Completed
ORD-12274,2026-08-10 20:32:11,CUST-1327,Ergonomic Office Chair,Furniture,Gujarat,Surat,Retail Outlet,New,2,18000.0,0.1,3600.0,32400.0,21240.19,11159.81,34.44,Net Banking,Completed
ORD-12275,2026-08-10 11:26:55,CUST-1105,Ultra Smartphone,Electronics,Karnataka,Mysuru,Direct Sales,New,3,55000.0,0.1,16500.0,148500.0,100212.6,48287.4,32.52,Credit Card,Completed
ORD-12276,2026-08-10 18:55:25,CUST-1320,"4K Monitor 27""",Electronics,Tamil Nadu,Coimbatore,Direct Sales,Returning,1,28000.0,0.1,2800.0,25200.0,17009.89,8190.11,32.5,Debit Card,Completed
ORD-12277,2026-08-10 20:18:33,CUST-1112,Mechanical Gaming Keyboard,Electronics,Maharashtra,Pune,Direct Sales,New,2,6500.0,0.15,1950.0,11050.0,7243.65,3806.35,34.45,Credit Card,Completed
ORD-12278,2026-08-10 17:57:08,CUST-1027,USB-C Multiport Dock,Accessories,Delhi NCR,New Delhi,Online Store,Returning,1,4500.0,0.1,450.0,4050.0,1997.71,2052.29,50.67,Credit Card,Completed
ORD-12279,2026-08-10 18:50:44,CUST-1068,USB-C Multiport Dock,Accessories,Maharashtra,Mumbai,Online Store,Returning,1,4500.0,0.1,450.0,4050.0,2042.2,2007.8,49.58,Net Banking,Completed
ORD-12280,2026-08-10 20:51:02,CUST-1207,Wireless Noise-Canceling Headphones,Electronics,Karnataka,Mysuru,Online Store,New,4,12000.0,0.0,0.0,48000.0,23068.9,24931.1,51.94,UPI,Completed
ORD-12281,2026-08-10 16:40:27,CUST-1328,Mechanical Gaming Keyboard,Electronics,Gujarat,Surat,Distributor,New,3,6500.0,0.0,0.0,19500.0,10973.24,8526.76,43.73,Debit Card,Completed
ORD-12282,2026-08-10 17:15:49,CUST-1111,Smart Fitness Watch,Accessories,Gujarat,Vadodara,Retail Outlet,New,5,8500.0,0.0,0.0,42500.0,22494.12,20005.88,47.07,UPI,Completed
ORD-12283,2026-08-10 11:17:34,CUST-1041,Smart Fitness Watch,Accessories,Karnataka,Bengaluru,Online Store,New,2,8500.0,0.2,3400.0,13600.0,8851.35,4748.65,34.92,Net Banking,Completed
ORD-12284,2026-08-10 20:37:17,CUST-1177,USB-C Multiport Dock,Accessories,Gujarat,Vadodara,Distributor,New,7,4500.0,0.0,0.0,31500.0,14381.58,17118.42,54.34,UPI,Completed
ORD-12285,2026-08-10 14:53:25,CUST-1084,Mechanical Gaming Keyboard,Electronics,Maharashtra,Nagpur,Distributor,New,3,6500.0,0.25,4875.0,14625.0,10695.12,3929.88,26.87,Credit Card,Completed
ORD-12286,2026-08-10 13:11:28,CUST-1346,Mechanical Gaming Keyboard,Electronics,Tamil Nadu,Coimbatore,Retail Outlet,New,3,6500.0,0.1,1950.0,17550.0,10638.19,6911.81,39.38,Credit Card,Cancelled
ORD-12287,2026-08-10 09:33:54,CUST-1034,"4K Monitor 27""",Electronics,Gujarat,Vadodara,Retail Outlet,New,3,28000.0,0.0,0.0,84000.0,50698.67,33301.33,39.64,Net Banking,Completed
ORD-12288,2026-08-10 17:56:18,CUST-1192,Ergonomic Office Chair,Furniture,Maharashtra,Nagpur,Retail Outlet,New,1,18000.0,0.0,0.0,18000.0,10209.18,7790.82,43.28,UPI,Cancelled
ORD-12289,2026-08-10 09:35:52,CUST-1331,USB-C Multiport Dock,Accessories,Delhi NCR,Noida,Online Store,Returning,3,4500.0,0.0,0.0,13500.0,5886.46,7613.54,56.4,Debit Card,Completed
ORD-12290,2026-08-10 12:45:57,CUST-1285,Mechanical Gaming Keyboard,Electronics,Maharashtra,Nagpur,Direct Sales,New,1,6500.0,0.25,1625.0,4875.0,3451.5,1423.5,29.2,Debit Card,Completed
ORD-12291,2026-08-10 08:52:04,CUST-1165,Wireless Ergonomic Mouse,Accessories,Karnataka,Mysuru,Retail Outlet,New,4,2500.0,0.05,500.0,9500.0,3914.43,5585.57,58.8,Debit Card,Completed
ORD-12292,2026-08-10 13:51:38,CUST-1245,Smart Fitness Watch,Accessories,Gujarat,Vadodara,Direct Sales,Returning,5,8500.0,0.0,0.0,42500.0,21904.84,20595.16,48.46,Debit Card,Cancelled
ORD-12293,2026-08-10 20:24:38,CUST-1127,Ultra Smartphone,Electronics,Maharashtra,Pune,Online Store,New,4,55000.0,0.0,0.0,220000.0,127528.82,92471.18,42.03,UPI,Completed
ORD-12294,2026-08-10 11:43:39,CUST-1215,"4K Monitor 27""",Electronics,Maharashtra,Mumbai,Retail Outlet,Returning,1,28000.0,0.25,7000.0,21000.0,17484.01,3515.99,16.74,Credit Card,Completed
ORD-12295,2026-08-10 12:24:33,CUST-1124,Ultra Smartphone,Electronics,Maharashtra,Pune,Retail Outlet,Returning,4,55000.0,0.0,0.0,220000.0,131521.6,88478.4,40.22,Credit Card,Completed
ORD-12296,2026-08-10 11:48:06,CUST-1128,Ultra Smartphone,Electronics,Maharashtra,Mumbai,Direct Sales,New,4,55000.0,0.05,11000.0,209000.0,129584.6,79415.4,38.0,UPI,Cancelled
ORD-12297,2026-08-10 15:54:46,CUST-1174,Ultra Smartphone,Electronics,Maharashtra,Pune,Online Store,New,1,55000.0,0.05,2750.0,52250.0,32475.9,19774.1,37.85,Credit Card,Completed
ORD-12298,2026-08-10 15:50:33,CUST-1023,Ergonomic Office Chair,Furniture,Maharashtra,Nagpur,Direct Sales,Returning,3,18000.0,0.0,0.0,54000.0,30651.99,23348.01,43.24,UPI,Completed
ORD-12299,2026-08-10 20:57:53,CUST-1261,"4K Monitor 27""",Electronics,Gujarat,Surat,Retail Outlet,Returning,3,28000.0,0.15,12600.0,71400.0,51733.85,19666.15,27.54,Net Banking,Completed
ORD-12300,2026-08-10 18:43:16,CUST-1025,Standing Desk,Furniture,Maharashtra,Nagpur,Distributor,New,1,32000.0,0.05,1600.0,30400.0,21154.59,9245.41,30.41,Credit Card,Completed
ORD-12301,2026-08-10 08:05:46,CUST-1179,USB-C Multiport Dock,Accessories,Delhi NCR,New Delhi,Online Store,Returning,7,4500.0,0.1,3150.0,28350.0,13800.86,14549.14,51.32,UPI,Completed
ORD-12302,2026-08-10 08:54:10,CUST-1087,Mechanical Gaming Keyboard,Electronics,Maharashtra,Pune,Retail Outlet,New,4,6500.0,0.1,2600.0,23400.0,14282.67,9117.33,38.96,Credit Card,Completed
ORD-12303,2026-08-10 07:25:06,CUST-1051,Wireless Ergonomic Mouse,Accessories,Maharashtra,Pune,Retail Outlet,Returning,5,2500.0,0.1,1250.0,11250.0,4912.06,6337.94,56.34,Credit Card,Completed
ORD-12304,2026-08-10 18:05:18,CUST-1295,"4K Monitor 27""",Electronics,Karnataka,Bengaluru,Retail Outlet,Returning,1,28000.0,0.2,5600.0,22400.0,17784.31,4615.69,20.61,Credit Card,Completed
ORD-12305,2026-08-10 19:20:58,CUST-1026,Ergonomic Office Chair,Furniture,Maharashtra,Nagpur,Direct Sales,Returning,2,18000.0,0.05,1800.0,34200.0,21259.7,12940.3,37.84,Credit Card,Completed
ORD-12306,2026-08-10 18:25:53,CUST-1032,Wireless Ergonomic Mouse,Accessories,Gujarat,Ahmedabad,Direct Sales,New,6,2500.0,0.1,1500.0,13500.0,6175.08,7324.92,54.26,Debit Card,Completed
ORD-12307,2026-08-10 12:15:53,CUST-1245,Laptop Pro,Electronics,Maharashtra,Pune,Retail Outlet,New,4,75000.0,0.1,30000.0,270000.0,189594.36,80405.64,29.78,Net Banking,Completed
ORD-12308,2026-08-10 07:38:30,CUST-1022,Wireless Ergonomic Mouse,Accessories,Maharashtra,Nagpur,Distributor,Returning,6,2500.0,0.2,3000.0,12000.0,6141.62,5858.38,48.82,Credit Card,Completed
ORD-12309,2026-08-10 11:11:32,CUST-1020,Wireless Noise-Canceling Headphones,Electronics,Gujarat,Surat,Distributor,Returning,1,12000.0,0.15,1800.0,10200.0,5954.04,4245.96,41.63,Credit Card,Completed
ORD-12310,2026-08-10 20:19:08,CUST-1131,Ergonomic Office Chair,Furniture,Gujarat,Vadodara,Retail Outlet,Returning,2,18000.0,0.15,5400.0,30600.0,20482.56,10117.44,33.06,Debit Card,Completed
ORD-12311,2026-08-10 14:34:38,CUST-1318,Mechanical Gaming Keyboard,Electronics,Gujarat,Ahmedabad,Direct Sales,Returning,4,6500.0,0.05,1300.0,24700.0,13825.94,10874.06,44.02,Credit Card,Completed
ORD-12312,2026-08-10 16:07:51,CUST-1281,Wireless Ergonomic Mouse,Accessories,Karnataka,Mysuru,Retail Outlet,Returning,4,2500.0,0.15,1500.0,8500.0,3954.23,4545.77,53.48,Debit Card,Completed
ORD-12313,2026-08-10 14:56:41,CUST-1111,Standing Desk,Furniture,Maharashtra,Mumbai,Distributor,Returning,4,32000.0,0.2,25600.0,102400.0,84667.22,17732.78,17.32,Debit Card,Completed
ORD-12314,2026-08-10 13:31:57,CUST-1174,Smart Fitness Watch,Accessories,Maharashtra,Pune,Direct Sales,Returning,1,8500.0,0.05,425.0,8075.0,4307.59,3767.41,46.66,Net Banking,Completed
ORD-12315,2026-08-10 12:18:04,CUST-1185,Wireless Noise-Canceling Headphones,Electronics,Tamil Nadu,Chennai,Distributor,Returning,4,12000.0,0.0,0.0,48000.0,23891.27,24108.73,50.23,Credit Card,Completed
ORD-12316,2026-08-10 21:00:05,CUST-1029,Ultra Smartphone,Electronics,Tamil Nadu,Chennai,Direct Sales,New,4,55000.0,0.1,22000.0,198000.0,135294.5,62705.5,31.67,Net Banking,Completed
ORD-12317,2026-08-10 17:38:14,CUST-1103,Standing Desk,Furniture,Gujarat,Ahmedabad,Direct Sales,Returning,2,32000.0,0.2,12800.0,51200.0,41955.17,9244.83,18.06,Net Banking,Completed
ORD-12318,2026-08-11 20:52:52,CUST-1093,Ergonomic Office Chair,Furniture,Tamil Nadu,Coimbatore,Direct Sales,Returning,2,18000.0,0.0,0.0,36000.0,20151.7,15848.3,44.02,Credit Card,Completed
ORD-12319,2026-08-11 19:44:56,CUST-1166,Wireless Ergonomic Mouse,Accessories,Tamil Nadu,Coimbatore,Direct Sales,Returning,6,2500.0,0.1,1500.0,13500.0,6009.75,7490.25,55.48,Credit Card,Completed
ORD-12320,2026-08-11 10:16:49,CUST-1256,Smart Fitness Watch,Accessories,Delhi NCR,Noida,Retail Outlet,Returning,8,8500.0,0.2,13600.0,54400.0,35194.94,19205.06,35.3,Net Banking,Completed
ORD-12321,2026-08-11 16:43:42,CUST-1328,Ergonomic Office Chair,Furniture,Maharashtra,Nagpur,Distributor,Returning,4,18000.0,0.15,10800.0,61200.0,42880.4,18319.6,29.93,Credit Card,Completed
ORD-12322,2026-08-11 19:42:33,CUST-1129,"4K Monitor 27""",Electronics,Karnataka,Mysuru,Distributor,New,3,28000.0,0.15,12600.0,71400.0,53877.69,17522.31,24.54,Credit Card,Completed
ORD-12323,2026-08-11 18:54:47,CUST-1087,Ultra Smartphone,Electronics,Delhi NCR,Noida,Online Store,Returning,4,55000.0,0.05,11000.0,209000.0,134453.72,74546.28,35.67,UPI,Completed
ORD-12324,2026-08-11 11:00:33,CUST-1089,Smart Fitness Watch,Accessories,Gujarat,Surat,Distributor,New,6,8500.0,0.1,5100.0,45900.0,27024.55,18875.45,41.12,Net Banking,Completed
ORD-12325,2026-08-11 07:19:58,CUST-1291,Standing Desk,Furniture,Maharashtra,Mumbai,Retail Outlet,Returning,2,32000.0,0.1,6400.0,57600.0,41842.5,15757.5,27.36,Credit Card,Completed
ORD-12326,2026-08-11 20:12:52,CUST-1100,Smart Fitness Watch,Accessories,Karnataka,Mysuru,Retail Outlet,Returning,3,8500.0,0.1,2550.0,22950.0,13028.82,9921.18,43.23,Net Banking,Completed
ORD-12327,2026-08-11 13:19:53,CUST-1349,Wireless Ergonomic Mouse,Accessories,Maharashtra,Pune,Online Store,Returning,2,2500.0,0.0,0.0,5000.0,1991.91,3008.09,60.16,Credit Card,Completed
ORD-12328,2026-08-11 07:24:39,CUST-1025,Laptop Pro,Electronics,Tamil Nadu,Chennai,Distributor,New,4,75000.0,0.1,30000.0,270000.0,197432.27,72567.73,26.88,UPI,Completed
ORD-12329,2026-08-11 11:24:06,CUST-1011,Standing Desk,Furniture,Gujarat,Vadodara,Direct Sales,New,4,32000.0,0.05,6400.0,121600.0,84425.39,37174.61,30.57,Credit Card,Completed
ORD-12330,2026-08-11 10:52:56,CUST-1320,Ultra Smartphone,Electronics,Gujarat,Ahmedabad,Distributor,New,4,55000.0,0.05,11000.0,209000.0,135182.28,73817.72,35.32,Credit Card,Completed
ORD-12331,2026-08-11 11:12:54,CUST-1303,Ultra Smartphone,Electronics,Maharashtra,Pune,Retail Outlet,Returning,3,55000.0,0.15,24750.0,140250.0,95704.99,44545.01,31.76,Credit Card,Completed
ORD-12332,2026-08-11 10:10:02,CUST-1122,"4K Monitor 27""",Electronics,Delhi NCR,Noida,Distributor,Returning,3,28000.0,0.1,8400.0,75600.0,52300.84,23299.16,30.82,Credit Card,Completed
ORD-12333,2026-08-11 09:23:49,CUST-1256,Wireless Noise-Canceling Headphones,Electronics,Maharashtra,Pune,Retail Outlet,Returning,3,12000.0,0.2,7200.0,28800.0,17660.4,11139.6,38.68,UPI,Completed
ORD-12334,2026-08-11 15:34:30,CUST-1205,Wireless Noise-Canceling Headphones,Electronics,Maharashtra,Nagpur,Online Store,Returning,1,12000.0,0.1,1200.0,10800.0,5764.93,5035.07,46.62,Debit Card,Completed
ORD-12335,2026-08-11 19:04:48,CUST-1161,USB-C Multiport Dock,Accessories,Maharashtra,Mumbai,Direct Sales,Returning,3,4500.0,0.2,2700.0,10800.0,6181.7,4618.3,42.76,UPI,Completed
ORD-12336,2026-08-11 18:23:25,CUST-1147,Standing Desk,Furniture,Maharashtra,Pune,Direct Sales,Returning,1,32000.0,0.25,8000.0,24000.0,21154.13,2845.87,11.86,UPI,Completed
ORD-12337,2026-08-11 14:55:00,CUST-1232,Standing Desk,Furniture,Maharashtra,Pune,Retail Outlet,Returning,1,32000.0,0.2,6400.0,25600.0,20917.63,4682.37,18.29,UPI,Completed
ORD-12338,2026-08-11 20:15:42,CUST-1142,Wireless Noise-Canceling Headphones,Electronics,Maharashtra,Nagpur,Distributor,Returning,3,12000.0,0.15,5400.0,30600.0,18493.87,12106.13,39.56,Credit Card,Completed
ORD-12339,2026-08-11 08:50:06,CUST-1022,Laptop Pro,Electronics,Tamil Nadu,Coimbatore,Online Store,New,2,75000.0,0.0,0.0,150000.0,99682.36,50317.64,33.55,UPI,Completed
ORD-12340,2026-08-11 15:51:13,CUST-1179,Standing Desk,Furniture,Gujarat,Vadodara,Direct Sales,New,1,32000.0,0.2,6400.0,25600.0,19984.19,5615.81,21.94,Net Banking,Completed
ORD-12341,2026-08-11 10:26:42,CUST-1203,Wireless Ergonomic Mouse,Accessories,Delhi NCR,Noida,Online Store,New,3,2500.0,0.25,1875.0,5625.0,3086.85,2538.15,45.12,Credit Card,Completed
ORD-12342,2026-08-11 18:40:49,CUST-1244,Ultra Smartphone,Electronics,Maharashtra,Mumbai,Online Store,New,1,55000.0,0.05,2750.0,52250.0,32657.23,19592.77,37.5,Net Banking,Completed
ORD-12343,2026-08-11 19:22:08,CUST-1215,Smart Fitness Watch,Accessories,Maharashtra,Nagpur,Direct Sales,Returning,1,8500.0,0.05,425.0,8075.0,4268.74,3806.26,47.14,UPI,Completed
ORD-12344,2026-08-11 16:16:01,CUST-1178,Smart Fitness Watch,Accessories,Maharashtra,Mumbai,Retail Outlet,New,2,8500.0,0.1,1700.0,15300.0,8812.72,6487.28,42.4,Debit Card,Completed
ORD-12345,2026-08-11 10:47:20,CUST-1336,Mechanical Gaming Keyboard,Electronics,Maharashtra,Pune,Online Store,Returning,2,6500.0,0.0,0.0,13000.0,7104.59,5895.41,45.35,Credit Card,Completed
ORD-12346,2026-08-11 17:30:10,CUST-1243,Smart Fitness Watch,Accessories,Maharashtra,Nagpur,Distributor,Returning,5,8500.0,0.15,6375.0,36125.0,22047.31,14077.69,38.97,Net Banking,Completed
ORD-12347,2026-08-11 20:50:50,CUST-1050,Standing Desk,Furniture,Tamil Nadu,Coimbatore,Retail Outlet,Returning,4,32000.0,0.0,0.0,128000.0,84604.17,43395.83,33.9,Credit Card,Completed
ORD-12348,2026-08-11 12:58:40,CUST-1321,Wireless Noise-Canceling Headphones,Electronics,Gujarat,Vadodara,Retail Outlet,Returning,3,12000.0,0.15,5400.0,30600.0,18083.67,12516.33,40.9,Credit Card,Completed
ORD-12349,2026-08-11 13:20:40,CUST-1192,Mechanical Gaming Keyboard,Electronics,Delhi NCR,New Delhi,Retail Outlet,New,2,6500.0,0.2,2600.0,10400.0,7346.67,3053.33,29.36,Debit Card,Completed
ORD-12350,2026-08-11 18:01:14,CUST-1235,Mechanical Gaming Keyboard,Electronics,Maharashtra,Nagpur,Direct Sales,Returning,1,6500.0,0.2,1300.0,5200.0,3517.62,1682.38,32.35,UPI,Completed
ORD-12351,2026-08-11 11:32:16,CUST-1277,USB-C Multiport Dock,Accessories,Delhi NCR,Gurugram,Direct Sales,Returning,1,4500.0,0.1,450.0,4050.0,2022.88,2027.12,50.05,UPI,Completed
ORD-12352,2026-08-11 09:08:39,CUST-1050,"4K Monitor 27""",Electronics,Maharashtra,Mumbai,Retail Outlet,Returning,4,28000.0,0.05,5600.0,106400.0,67201.93,39198.07,36.84,Net Banking,Completed
ORD-12353,2026-08-11 18:37:37,CUST-1327,Mechanical Gaming Keyboard,Electronics,Delhi NCR,New Delhi,Online Store,Returning,3,6500.0,0.1,1950.0,17550.0,10319.1,7230.9,41.2,Net Banking,Completed
ORD-12354,2026-08-11 20:55:18,CUST-1340,Ultra Smartphone,Electronics,Karnataka,Bengaluru,Online Store,Returning,2,55000.0,0.15,16500.0,93500.0,63982.23,29517.77,31.57,UPI,Completed
ORD-12355,2026-08-11 15:50:22,CUST-1016,Smart Fitness Watch,Accessories,Delhi NCR,Gurugram,Distributor,New,3,8500.0,0.1,2550.0,22950.0,13661.68,9288.32,40.47,UPI,Completed
ORD-12356,2026-08-11 21:12:52,CUST-1343,USB-C Multiport Dock,Accessories,Maharashtra,Nagpur,Distributor,Returning,6,4500.0,0.05,1350.0,25650.0,12245.52,13404.48,52.26,Debit Card,Completed
ORD-12357,2026-08-11 20:34:06,CUST-1096,Ergonomic Office Chair,Furniture,Maharashtra,Pune,Distributor,Returning,2,18000.0,0.0,0.0,36000.0,21486.81,14513.19,40.31,UPI,Completed
ORD-12358,2026-08-11 12:27:15,CUST-1086,Laptop Pro,Electronics,Gujarat,Vadodara,Retail Outlet,Returning,2,75000.0,0.2,30000.0,120000.0,94239.71,25760.29,21.47,UPI,Completed
ORD-12359,2026-08-11 17:08:13,CUST-1269,USB-C Multiport Dock,Accessories,Karnataka,Mysuru,Retail Outlet,Returning,8,4500.0,0.15,5400.0,30600.0,15848.74,14751.26,48.21,Credit Card,Cancelled
ORD-12360,2026-08-11 19:33:42,CUST-1193,Mechanical Gaming Keyboard,Electronics,Karnataka,Mysuru,Online Store,Returning,4,6500.0,0.15,3900.0,22100.0,14135.25,7964.75,36.04,Net Banking,Completed
ORD-12361,2026-08-11 07:55:39,CUST-1090,Wireless Ergonomic Mouse,Accessories,Maharashtra,Pune,Retail Outlet,Returning,2,2500.0,0.0,0.0,5000.0,1959.72,3040.28,60.81,Debit Card,Completed
ORD-12362,2026-08-12 14:35:49,CUST-1126,USB-C Multiport Dock,Accessories,Maharashtra,Mumbai,Direct Sales,New,1,4500.0,0.15,675.0,3825.0,1994.96,1830.04,47.84,UPI,Completed
ORD-12363,2026-08-12 16:58:24,CUST-1192,Ultra Smartphone,Electronics,Maharashtra,Mumbai,Retail Outlet,New,3,55000.0,0.0,0.0,165000.0,102561.68,62438.32,37.84,Credit Card,Completed
ORD-12364,2026-08-12 08:06:00,CUST-1251,Laptop Pro,Electronics,Gujarat,Ahmedabad,Distributor,New,4,75000.0,0.25,75000.0,225000.0,187645.8,37354.2,16.6,Debit Card,Completed
ORD-12365,2026-08-12 18:19:04,CUST-1048,USB-C Multiport Dock,Accessories,Delhi NCR,Noida,Distributor,Returning,8,4500.0,0.05,1800.0,34200.0,15736.9,18463.1,53.99,Debit Card,Completed
ORD-12366,2026-08-12 19:28:50,CUST-1284,Standing Desk,Furniture,Tamil Nadu,Coimbatore,Direct Sales,Returning,4,32000.0,0.1,12800.0,115200.0,85102.13,30097.87,26.13,Debit Card,Completed
ORD-12367,2026-08-12 15:40:02,CUST-1163,Smart Fitness Watch,Accessories,Maharashtra,Nagpur,Direct Sales,New,3,8500.0,0.1,2550.0,22950.0,13599.91,9350.09,40.74,Net Banking,Completed
ORD-12368,2026-08-12 19:24:52,CUST-1014,Ergonomic Office Chair,Furniture,Delhi NCR,Gurugram,Distributor,Returning,2,18000.0,0.1,3600.0,32400.0,20453.49,11946.51,36.87,Net Banking,Completed
ORD-12369,2026-08-12 16:44:35,CUST-1180,Standing Desk,Furniture,Tamil Nadu,Coimbatore,Distributor,New,1,32000.0,0.05,1600.0,30400.0,19909.91,10490.09,34.51,UPI,Completed
ORD-12370,2026-08-12 08:32:30,CUST-1187,Standing Desk,Furniture,Tamil Nadu,Coimbatore,Distributor,Returning,2,32000.0,0.1,6400.0,57600.0,40090.24,17509.76,30.4,Net Banking,Completed
ORD-12371,2026-08-12 10:40:26,CUST-1060,"4K Monitor 27""",Electronics,Maharashtra,Pune,Online Store,Returning,4,28000.0,0.1,11200.0,100800.0,69605.29,31194.71,30.95,Net Banking,Completed
ORD-12372,2026-08-12 15:06:57,CUST-1181,Wireless Ergonomic Mouse,Accessories,Karnataka,Mysuru,Distributor,New,1,2500.0,0.1,250.0,2250.0,1030.07,1219.93,54.22,Debit Card,Completed
ORD-12373,2026-08-12 17:34:57,CUST-1208,Wireless Ergonomic Mouse,Accessories,Karnataka,Bengaluru,Retail Outlet,New,8,2500.0,0.05,1000.0,19000.0,8039.55,10960.45,57.69,Debit Card,Completed
ORD-12374,2026-08-12 17:53:42,CUST-1254,Ultra Smartphone,Electronics,Maharashtra,Nagpur,Online Store,New,3,55000.0,0.05,8250.0,156750.0,98926.33,57823.67,36.89,Debit Card,Completed
ORD-12375,2026-08-12 08:38:42,CUST-1002,Wireless Noise-Canceling Headphones,Electronics,Karnataka,Mysuru,Direct Sales,Returning,4,12000.0,0.15,7200.0,40800.0,24715.71,16084.29,39.42,Debit Card,Completed
ORD-12376,2026-08-12 08:41:07,CUST-1078,Wireless Noise-Canceling Headphones,Electronics,Maharashtra,Nagpur,Direct Sales,New,4,12000.0,0.2,9600.0,38400.0,23195.65,15204.35,39.59,Debit Card,Completed
ORD-12377,2026-08-12 19:32:53,CUST-1140,Smart Fitness Watch,Accessories,Karnataka,Bengaluru,Retail Outlet,Returning,6,8500.0,0.2,10200.0,40800.0,27065.74,13734.26,33.66,Net Banking,Completed
ORD-12378,2026-08-12 14:45:15,CUST-1339,Wireless Noise-Canceling Headphones,Electronics,Maharashtra,Pune,Distributor,Returning,4,12000.0,0.1,4800.0,43200.0,23180.93,20019.07,46.34,Credit Card,Completed
ORD-12379,2026-08-12 08:10:40,CUST-1308,Mechanical Gaming Keyboard,Electronics,Tamil Nadu,Chennai,Direct Sales,Returning,1,6500.0,0.0,0.0,6500.0,3443.26,3056.74,47.03,Credit Card,Completed
ORD-12380,2026-08-12 09:24:45,CUST-1311,Mechanical Gaming Keyboard,Electronics,Maharashtra,Nagpur,Direct Sales,New,3,6500.0,0.2,3900.0,15600.0,10806.6,4793.4,30.73,UPI,Completed
ORD-12381,2026-08-12 14:57:09,CUST-1232,Laptop Pro,Electronics,Karnataka,Mysuru,Direct Sales,Returning,1,75000.0,0.05,3750.0,71250.0,49522.81,21727.19,30.49,Credit Card,Completed
ORD-12382,2026-08-12 14:23:04,CUST-1012,Smart Fitness Watch,Accessories,Delhi NCR,Gurugram,Online Store,New,3,8500.0,0.0,0.0,25500.0,13674.7,11825.3,46.37,Debit Card,Completed
ORD-12383,2026-08-12 10:19:22,CUST-1104,"4K Monitor 27""",Electronics,Gujarat,Vadodara,Direct Sales,Returning,4,28000.0,0.1,11200.0,100800.0,67120.67,33679.33,33.41,UPI,Completed
ORD-12384,2026-08-12 17:56:02,CUST-1288,Laptop Pro,Electronics,Tamil Nadu,Coimbatore,Retail Outlet,New,2,75000.0,0.15,22500.0,127500.0,97175.81,30324.19,23.78,UPI,Completed
ORD-12385,2026-08-12 11:57:48,CUST-1018,Ergonomic Office Chair,Furniture,Maharashtra,Mumbai,Online Store,New,1,18000.0,0.25,4500.0,13500.0,10418.26,3081.74,22.83,Net Banking,Completed
ORD-12386,2026-08-12 14:14:08,CUST-1181,Standing Desk,Furniture,Gujarat,Vadodara,Retail Outlet,Returning,2,32000.0,0.15,9600.0,54400.0,41968.92,12431.08,22.85,Debit Card,Completed
ORD-12387,2026-08-12 12:06:24,CUST-1036,Ergonomic Office Chair,Furniture,Tamil Nadu,Chennai,Direct Sales,Returning,3,18000.0,0.05,2700.0,51300.0,31666.87,19633.13,38.27,UPI,Completed
ORD-12388,2026-08-12 10:37:27,CUST-1130,Wireless Noise-Canceling Headphones,Electronics,Delhi NCR,Gurugram,Direct Sales,Returning,1,12000.0,0.15,1800.0,10200.0,6177.32,4022.68,39.44,Debit Card,Completed
ORD-12389,2026-08-12 21:07:45,CUST-1343,Mechanical Gaming Keyboard,Electronics,Delhi NCR,Noida,Distributor,Returning,1,6500.0,0.25,1625.0,4875.0,3542.45,1332.55,27.33,Credit Card,Completed
ORD-12390,2026-08-12 08:14:05,CUST-1102,"4K Monitor 27""",Electronics,Maharashtra,Pune,Online Store,Returning,3,28000.0,0.1,8400.0,75600.0,51598.56,24001.44,31.75,Net Banking,Completed
ORD-12391,2026-08-12 07:35:16,CUST-1285,Standing Desk,Furniture,Gujarat,Vadodara,Direct Sales,New,2,32000.0,0.25,16000.0,48000.0,39511.64,8488.36,17.68,Credit Card,Completed
ORD-12392,2026-08-12 13:44:46,CUST-1256,Ultra Smartphone,Electronics,Karnataka,Mysuru,Retail Outlet,Returning,4,55000.0,0.15,33000.0,187000.0,131400.54,55599.46,29.73,Debit Card,Completed
ORD-12393,2026-08-12 09:41:57,CUST-1075,Mechanical Gaming Keyboard,Electronics,Delhi NCR,New Delhi,Online Store,New,4,6500.0,0.25,6500.0,19500.0,13911.62,5588.38,28.66,UPI,Completed
ORD-12394,2026-08-12 13:41:04,CUST-1278,Laptop Pro,Electronics,Maharashtra,Mumbai,Online Store,New,1,75000.0,0.0,0.0,75000.0,47483.86,27516.14,36.69,UPI,Completed
ORD-12395,2026-08-12 13:36:30,CUST-1048,Laptop Pro,Electronics,Maharashtra,Nagpur,Distributor,Returning,4,75000.0,0.1,30000.0,270000.0,193258.72,76741.28,28.42,UPI,Completed
ORD-12396,2026-08-12 20:38:48,CUST-1020,Wireless Ergonomic Mouse,Accessories,Tamil Nadu,Chennai,Online Store,Returning,2,2500.0,0.05,250.0,4750.0,2048.04,2701.96,56.88,Credit Card,Completed
ORD-12397,2026-08-12 21:04:55,CUST-1209,Mechanical Gaming Keyboard,Electronics,Delhi NCR,New Delhi,Direct Sales,Returning,1,6500.0,0.0,0.0,6500.0,3700.82,2799.18,43.06,UPI,Completed
ORD-12398,2026-08-12 19:32:39,CUST-1333,Smart Fitness Watch,Accessories,Gujarat,Vadodara,Online Store,New,8,8500.0,0.05,3400.0,64600.0,34389.86,30210.14,46.76,Debit Card,Completed
ORD-12399,2026-08-12 17:01:24,CUST-1194,Ultra Smartphone,Electronics,Gujarat,Vadodara,Retail Outlet,New,1,55000.0,0.25,13750.0,41250.0,32030.56,9219.44,22.35,Debit Card,Completed
ORD-12400,2026-08-12 19:26:11,CUST-1108,Ultra Smartphone,Electronics,Tamil Nadu,Coimbatore,Distributor,Returning,4,55000.0,0.1,22000.0,198000.0,132590.79,65409.21,33.03,Credit Card,Completed
ORD-12401,2026-08-12 09:45:38,CUST-1321,Mechanical Gaming Keyboard,Electronics,Maharashtra,Pune,Direct Sales,New,3,6500.0,0.05,975.0,18525.0,10887.47,7637.53,41.23,Debit Card,Completed
ORD-12402,2026-08-12 17:41:36,CUST-1258,Standing Desk,Furniture,Maharashtra,Pune,Direct Sales,New,2,32000.0,0.05,3200.0,60800.0,41858.42,18941.58,31.15,Net Banking,Completed
ORD-12403,2026-08-12 08:53:01,CUST-1213,Mechanical Gaming Keyboard,Electronics,Karnataka,Bengaluru,Distributor,Returning,2,6500.0,0.15,1950.0,11050.0,7236.67,3813.33,34.51,Net Banking,Completed
ORD-12404,2026-08-12 10:18:39,CUST-1317,Wireless Noise-Canceling Headphones,Electronics,Delhi NCR,Noida,Online Store,New,1,12000.0,0.2,2400.0,9600.0,6084.3,3515.7,36.62,Credit Card,Completed
ORD-12405,2026-08-12 19:46:26,CUST-1154,Mechanical Gaming Keyboard,Electronics,Tamil Nadu,Coimbatore,Distributor,Returning,2,6500.0,0.1,1300.0,11700.0,7207.93,4492.07,38.39,Credit Card,Completed
ORD-12406,2026-08-12 12:09:26,CUST-1171,Mechanical Gaming Keyboard,Electronics,Maharashtra,Nagpur,Direct Sales,New,2,6500.0,0.15,1950.0,11050.0,6877.24,4172.76,37.76,UPI,Completed
ORD-12407,2026-08-13 20:45:15,CUST-1284,Ergonomic Office Chair,Furniture,Delhi NCR,New Delhi,Online Store,Returning,3,18000.0,0.15,8100.0,45900.0,31142.35,14757.65,32.15,Debit Card,Completed
ORD-12408,2026-08-13 07:17:09,CUST-1349,Ergonomic Office Chair,Furniture,Maharashtra,Pune,Online Store,Returning,3,18000.0,0.25,13500.0,40500.0,30527.86,9972.14,24.62,UPI,Cancelled
ORD-12409,2026-08-13 09:07:23,CUST-1083,Standing Desk,Furniture,Maharashtra,Nagpur,Retail Outlet,Returning,1,32000.0,0.05,1600.0,30400.0,20788.49,9611.51,31.62,Debit Card,Completed
ORD-12410,2026-08-13 16:35:26,CUST-1004,Wireless Ergonomic Mouse,Accessories,Maharashtra,Mumbai,Retail Outlet,New,3,2500.0,0.15,1125.0,6375.0,3061.45,3313.55,51.98,Debit Card,Completed
ORD-12411,2026-08-13 08:07:06,CUST-1281,Wireless Noise-Canceling Headphones,Electronics,Karnataka,Bengaluru,Retail Outlet,Returning,2,12000.0,0.15,3600.0,20400.0,12472.58,7927.42,38.86,Debit Card,Completed
ORD-12412,2026-08-13 10:00:09,CUST-1194,Wireless Ergonomic Mouse,Accessories,Maharashtra,Nagpur,Retail Outlet,Returning,8,2500.0,0.15,3000.0,17000.0,8043.98,8956.02,52.68,UPI,Completed
ORD-12413,2026-08-13 11:34:12,CUST-1081,Smart Fitness Watch,Accessories,Delhi NCR,Gurugram,Retail Outlet,Returning,3,8500.0,0.05,1275.0,24225.0,13600.65,10624.35,43.86,Net Banking,Completed
ORD-12414,2026-08-13 08:34:02,CUST-1155,Wireless Noise-Canceling Headphones,Electronics,Maharashtra,Pune,Retail Outlet,Returning,3,12000.0,0.15,5400.0,30600.0,18561.0,12039.0,39.34,Debit Card,Completed
ORD-12415,2026-08-13 19:01:40,CUST-1299,Smart Fitness Watch,Accessories,Maharashtra,Nagpur,Distributor,Returning,5,8500.0,0.0,0.0,42500.0,21943.26,20556.74,48.37,Credit Card,Completed
ORD-12416,2026-08-13 12:36:00,CUST-1151,USB-C Multiport Dock,Accessories,Tamil Nadu,Chennai,Online Store,Returning,4,4500.0,0.05,900.0,17100.0,7826.52,9273.48,54.23,Credit Card,Completed
ORD-12417,2026-08-13 11:27:35,CUST-1138,Wireless Noise-Canceling Headphones,Electronics,Gujarat,Surat,Online Store,New,4,12000.0,0.15,7200.0,40800.0,23097.86,17702.14,43.39,Credit Card,Completed
ORD-12418,2026-08-13 12:18:46,CUST-1169,Mechanical Gaming Keyboard,Electronics,Maharashtra,Mumbai,Distributor,Returning,1,6500.0,0.1,650.0,5850.0,3674.36,2175.64,37.19,Debit Card,Cancelled
ORD-12419,2026-08-13 17:40:46,CUST-1100,Wireless Noise-Canceling Headphones,Electronics,Maharashtra,Nagpur,Retail Outlet,Returning,3,12000.0,0.0,0.0,36000.0,17472.79,18527.21,51.46,Credit Card,Completed
ORD-12420,2026-08-13 16:50:29,CUST-1241,Wireless Noise-Canceling Headphones,Electronics,Gujarat,Surat,Online Store,Returning,4,12000.0,0.25,12000.0,36000.0,24641.44,11358.56,31.55,Debit Card,Completed
ORD-12421,2026-08-13 12:47:58,CUST-1317,Standing Desk,Furniture,Gujarat,Vadodara,Retail Outlet,Returning,2,32000.0,0.0,0.0,64000.0,40838.98,23161.02,36.19,UPI,Completed
ORD-12422,2026-08-13 08:20:20,CUST-1237,Ergonomic Office Chair,Furniture,Maharashtra,Pune,Distributor,Returning,3,18000.0,0.0,0.0,54000.0,31003.74,22996.26,42.59,Credit Card,Completed
ORD-12423,2026-08-13 07:30:27,CUST-1026,Wireless Ergonomic Mouse,Accessories,Delhi NCR,Noida,Distributor,Returning,1,2500.0,0.1,250.0,2250.0,984.52,1265.48,56.24,UPI,Completed
ORD-12424,2026-08-13 20:22:32,CUST-1003,Wireless Noise-Canceling Headphones,Electronics,Gujarat,Ahmedabad,Distributor,Returning,2,12000.0,0.2,4800.0,19200.0,12247.48,6952.52,36.21,Credit Card,Completed
ORD-12425,2026-08-13 10:14:10,CUST-1287,Smart Fitness Watch,Accessories,Karnataka,Bengaluru,Distributor,Returning,5,8500.0,0.05,2125.0,40375.0,21286.78,19088.22,47.28,Credit Card,Completed
ORD-12426,2026-08-13 07:19:32,CUST-1258,"4K Monitor 27""",Electronics,Delhi NCR,Gurugram,Online Store,New,1,28000.0,0.1,2800.0,25200.0,17570.09,7629.91,30.28,Net Banking,Completed
ORD-12427,2026-08-13 11:45:22,CUST-1323,Ergonomic Office Chair,Furniture,Maharashtra,Pune,Online Store,Returning,3,18000.0,0.05,2700.0,51300.0,31728.7,19571.3,38.15,Debit Card,Completed
ORD-12428,2026-08-13 14:26:48,CUST-1334,Wireless Noise-Canceling Headphones,Electronics,Delhi NCR,Gurugram,Direct Sales,New,4,12000.0,0.05,2400.0,45600.0,23185.07,22414.93,49.16,Net Banking,Completed
ORD-12429,2026-08-13 20:07:28,CUST-1275,"4K Monitor 27""",Electronics,Delhi NCR,Noida,Distributor,Returning,1,28000.0,0.1,2800.0,25200.0,17741.13,7458.87,29.6,Debit Card,Completed
ORD-12430,2026-08-13 10:50:31,CUST-1144,Wireless Noise-Canceling Headphones,Electronics,Karnataka,Mysuru,Direct Sales,Returning,3,12000.0,0.05,1800.0,34200.0,18040.97,16159.03,47.25,Debit Card,Completed
ORD-12431,2026-08-13 10:46:32,CUST-1289,Ultra Smartphone,Electronics,Karnataka,Bengaluru,Distributor,Returning,2,55000.0,0.0,0.0,110000.0,67107.78,42892.22,38.99,Debit Card,Completed
ORD-12432,2026-08-13 20:31:33,CUST-1201,Ergonomic Office Chair,Furniture,Karnataka,Mysuru,Online Store,New,3,18000.0,0.0,0.0,54000.0,31518.62,22481.38,41.63,Debit Card,Completed
ORD-12433,2026-08-13 15:07:58,CUST-1228,Laptop Pro,Electronics,Gujarat,Surat,Distributor,Returning,1,75000.0,0.05,3750.0,71250.0,47075.2,24174.8,33.93,Credit Card,Completed
ORD-12434,2026-08-13 09:46:02,CUST-1302,USB-C Multiport Dock,Accessories,Gujarat,Ahmedabad,Direct Sales,New,3,4500.0,0.05,675.0,12825.0,6159.31,6665.69,51.97,Debit Card,Completed
ORD-12435,2026-08-13 09:05:20,CUST-1167,Standing Desk,Furniture,Karnataka,Mysuru,Direct Sales,Returning,4,32000.0,0.2,25600.0,102400.0,83973.79,18426.21,17.99,Credit Card,Completed
ORD-12436,2026-08-13 13:42:23,CUST-1070,Wireless Ergonomic Mouse,Accessories,Maharashtra,Pune,Retail Outlet,Returning,5,2500.0,0.15,1875.0,10625.0,4801.01,5823.99,54.81,Net Banking,Completed
ORD-12437,2026-08-13 19:30:24,CUST-1011,"4K Monitor 27""",Electronics,Gujarat,Ahmedabad,Distributor,New,2,28000.0,0.25,14000.0,42000.0,35212.19,6787.81,16.16,Credit Card,Cancelled
ORD-12438,2026-08-13 17:45:28,CUST-1190,Ultra Smartphone,Electronics,Maharashtra,Mumbai,Online Store,New,2,55000.0,0.25,27500.0,82500.0,66179.42,16320.58,19.78,UPI,Completed
ORD-12439,2026-08-13 11:50:30,CUST-1108,Wireless Ergonomic Mouse,Accessories,Gujarat,Vadodara,Retail Outlet,Returning,5,2500.0,0.2,2500.0,10000.0,5093.86,4906.14,49.06,Net Banking,Completed
ORD-12440,2026-08-13 12:23:09,CUST-1222,Wireless Noise-Canceling Headphones,Electronics,Gujarat,Vadodara,Retail Outlet,New,2,12000.0,0.1,2400.0,21600.0,12151.77,9448.23,43.74,Debit Card,Completed
ORD-12441,2026-08-13 13:16:57,CUST-1348,Ergonomic Office Chair,Furniture,Maharashtra,Pune,Retail Outlet,Returning,3,18000.0,0.05,2700.0,51300.0,31559.11,19740.89,38.48,Debit Card,Completed
ORD-12442,2026-08-13 11:49:06,CUST-1292,Laptop Pro,Electronics,Maharashtra,Pune,Distributor,Returning,4,75000.0,0.15,45000.0,255000.0,187913.94,67086.06,26.31,Credit Card,Completed
ORD-12443,2026-08-13 19:16:48,CUST-1242,Ergonomic Office Chair,Furniture,Karnataka,Mysuru,Retail Outlet,New,2,18000.0,0.2,7200.0,28800.0,21399.1,7400.9,25.7,UPI,Completed
ORD-12444,2026-08-13 14:33:53,CUST-1058,Mechanical Gaming Keyboard,Electronics,Gujarat,Vadodara,Retail Outlet,Returning,2,6500.0,0.1,1300.0,11700.0,7241.89,4458.11,38.1,Debit Card,Completed
ORD-12445,2026-08-13 12:41:27,CUST-1260,Laptop Pro,Electronics,Gujarat,Vadodara,Direct Sales,Returning,2,75000.0,0.2,30000.0,120000.0,96280.06,23719.94,19.77,Credit Card,Cancelled
ORD-12446,2026-08-13 17:50:15,CUST-1291,Wireless Noise-Canceling Headphones,Electronics,Gujarat,Vadodara,Direct Sales,Returning,3,12000.0,0.0,0.0,36000.0,18495.94,17504.06,48.62,Net Banking,Completed
ORD-12447,2026-08-13 17:16:32,CUST-1118,Mechanical Gaming Keyboard,Electronics,Karnataka,Bengaluru,Online Store,Returning,1,6500.0,0.05,325.0,6175.0,3445.22,2729.78,44.21,Debit Card,Completed
ORD-12448,2026-08-13 15:28:04,CUST-1300,Wireless Noise-Canceling Headphones,Electronics,Maharashtra,Nagpur,Online Store,Returning,3,12000.0,0.1,3600.0,32400.0,17976.89,14423.11,44.52,Net Banking,Completed
ORD-12449,2026-08-14 19:06:25,CUST-1207,Wireless Ergonomic Mouse,Accessories,Gujarat,Ahmedabad,Retail Outlet,New,7,2500.0,0.25,4375.0,13125.0,7014.82,6110.18,46.55,Credit Card,Completed
ORD-12450,2026-08-14 18:26:36,CUST-1010,Ergonomic Office Chair,Furniture,Maharashtra,Pune,Distributor,Returning,1,18000.0,0.2,3600.0,14400.0,10630.34,3769.66,26.18,Credit Card,Completed
ORD-12451,2026-08-14 16:22:07,CUST-1233,Laptop Pro,Electronics,Maharashtra,Nagpur,Direct Sales,New,3,75000.0,0.05,11250.0,213750.0,144625.05,69124.95,32.34,Net Banking,Completed
ORD-12452,2026-08-14 10:01:18,CUST-1173,"4K Monitor 27""",Electronics,Maharashtra,Pune,Retail Outlet,Returning,4,28000.0,0.15,16800.0,95200.0,72000.84,23199.16,24.37,Credit Card,Completed
ORD-12453,2026-08-14 10:45:22,CUST-1015,Mechanical Gaming Keyboard,Electronics,Maharashtra,Mumbai,Distributor,Returning,4,6500.0,0.0,0.0,26000.0,14113.36,11886.64,45.72,Credit Card,Completed
ORD-12454,2026-08-14 14:28:08,CUST-1179,Mechanical Gaming Keyboard,Electronics,Karnataka,Mysuru,Retail Outlet,Returning,3,6500.0,0.1,1950.0,17550.0,10815.35,6734.65,38.37,UPI,Completed
ORD-12455,2026-08-14 16:38:14,CUST-1293,USB-C Multiport Dock,Accessories,Tamil Nadu,Chennai,Distributor,Returning,8,4500.0,0.1,3600.0,32400.0,16581.0,15819.0,48.82,Net Banking,Completed
ORD-12456,2026-08-14 12:28:04,CUST-1069,Ultra Smartphone,Electronics,Maharashtra,Nagpur,Distributor,Returning,3,55000.0,0.0,0.0,165000.0,101847.3,63152.7,38.27,Debit Card,Completed
ORD-12457,2026-08-14 18:13:07,CUST-1052,Laptop Pro,Electronics,Gujarat,Vadodara,Direct Sales,Returning,1,75000.0,0.1,7500.0,67500.0,49016.15,18483.85,27.38,Net Banking,Completed
ORD-12458,2026-08-14 17:43:57,CUST-1099,Laptop Pro,Electronics,Gujarat,Vadodara,Direct Sales,New,2,75000.0,0.0,0.0,150000.0,100020.61,49979.39,33.32,Credit Card,Completed
ORD-12459,2026-08-14 13:59:11,CUST-1214,Smart Fitness Watch,Accessories,Delhi NCR,Gurugram,Retail Outlet,New,2,8500.0,0.05,850.0,16150.0,8916.47,7233.53,44.79,Debit Card,Completed
ORD-12460,2026-08-14 12:14:05,CUST-1111,Laptop Pro,Electronics,Karnataka,Mysuru,Distributor,Returning,2,75000.0,0.0,0.0,150000.0,97231.29,52768.71,35.18,Net Banking,Completed
ORD-12461,2026-08-14 13:30:06,CUST-1251,USB-C Multiport Dock,Accessories,Karnataka,Mysuru,Online Store,Returning,8,4500.0,0.1,3600.0,32400.0,16825.23,15574.77,48.07,Debit Card,Completed
ORD-12462,2026-08-14 12:27:42,CUST-1309,Ultra Smartphone,Electronics,Delhi NCR,Noida,Online Store,New,2,55000.0,0.1,11000.0,99000.0,64861.46,34138.54,34.48,Credit Card,Completed
ORD-12463,2026-08-14 07:47:50,CUST-1265,Standing Desk,Furniture,Karnataka,Mysuru,Online Store,New,1,32000.0,0.0,0.0,32000.0,20759.59,11240.41,35.13,Debit Card,Completed
ORD-12464,2026-08-14 16:35:53,CUST-1168,Laptop Pro,Electronics,Tamil Nadu,Chennai,Online Store,Returning,4,75000.0,0.15,45000.0,255000.0,187594.5,67405.5,26.43,Credit Card,Completed
ORD-12465,2026-08-14 14:55:14,CUST-1339,Standing Desk,Furniture,Delhi NCR,New Delhi,Retail Outlet,Returning,1,32000.0,0.2,6400.0,25600.0,21074.72,4525.28,17.68,UPI,Completed
ORD-12466,2026-08-14 20:14:57,CUST-1168,Smart Fitness Watch,Accessories,Karnataka,Bengaluru,Retail Outlet,Returning,1,8500.0,0.05,425.0,8075.0,4558.6,3516.4,43.55,UPI,Completed
ORD-12467,2026-08-14 12:11:42,CUST-1221,Standing Desk,Furniture,Gujarat,Surat,Direct Sales,Returning,3,32000.0,0.0,0.0,96000.0,61007.23,34992.77,36.45,Debit Card,Completed
ORD-12468,2026-08-14 15:20:30,CUST-1043,Laptop Pro,Electronics,Tamil Nadu,Chennai,Direct Sales,Returning,4,75000.0,0.2,60000.0,240000.0,197212.37,42787.63,17.83,Net Banking,Completed
ORD-12469,2026-08-14 08:30:05,CUST-1130,Standing Desk,Furniture,Maharashtra,Pune,Direct Sales,Returning,1,32000.0,0.15,4800.0,27200.0,21014.95,6185.05,22.74,UPI,Completed
ORD-12470,2026-08-14 18:10:42,CUST-1258,"4K Monitor 27""",Electronics,Gujarat,Surat,Retail Outlet,Returning,1,28000.0,0.0,0.0,28000.0,18015.23,9984.77,35.66,Credit Card,Completed
ORD-12471,2026-08-14 10:48:45,CUST-1143,Laptop Pro,Electronics,Karnataka,Bengaluru,Online Store,Returning,4,75000.0,0.05,15000.0,285000.0,199897.27,85102.73,29.86,Debit Card,Completed
ORD-12472,2026-08-14 11:41:19,CUST-1043,Mechanical Gaming Keyboard,Electronics,Delhi NCR,Noida,Distributor,Returning,1,6500.0,0.2,1300.0,5200.0,3455.0,1745.0,33.56,Credit Card,Completed
ORD-12473,2026-08-14 16:48:26,CUST-1164,"4K Monitor 27""",Electronics,Tamil Nadu,Coimbatore,Direct Sales,Returning,4,28000.0,0.15,16800.0,95200.0,68052.76,27147.24,28.52,UPI,Completed
ORD-12474,2026-08-14 12:36:20,CUST-1290,Wireless Noise-Canceling Headphones,Electronics,Maharashtra,Mumbai,Direct Sales,Returning,1,12000.0,0.0,0.0,12000.0,5847.14,6152.86,51.27,Debit Card,Completed
ORD-12475,2026-08-14 09:32:50,CUST-1290,"4K Monitor 27""",Electronics,Gujarat,Ahmedabad,Direct Sales,New,2,28000.0,0.05,2800.0,53200.0,34092.76,19107.24,35.92,UPI,Completed
ORD-12476,2026-08-14 11:56:06,CUST-1011,Wireless Ergonomic Mouse,Accessories,Tamil Nadu,Chennai,Online Store,Returning,4,2500.0,0.1,1000.0,9000.0,4025.39,4974.61,55.27,Debit Card,Completed
ORD-12477,2026-08-14 20:53:24,CUST-1218,Wireless Noise-Canceling Headphones,Electronics,Gujarat,Surat,Online Store,New,3,12000.0,0.0,0.0,36000.0,18394.02,17605.98,48.91,Debit Card,Completed
ORD-12478,2026-08-14 09:34:59,CUST-1092,USB-C Multiport Dock,Accessories,Maharashtra,Pune,Distributor,Returning,8,4500.0,0.05,1800.0,34200.0,16781.22,17418.78,50.93,Credit Card,Completed
ORD-12479,2026-08-14 09:37:35,CUST-1143,Laptop Pro,Electronics,Karnataka,Bengaluru,Online Store,New,2,75000.0,0.05,7500.0,142500.0,100523.44,41976.56,29.46,Credit Card,Completed
ORD-12480,2026-08-14 12:30:31,CUST-1047,"4K Monitor 27""",Electronics,Karnataka,Bengaluru,Online Store,New,1,28000.0,0.05,1400.0,26600.0,17440.92,9159.08,34.43,UPI,Completed
ORD-12481,2026-08-14 20:38:14,CUST-1336,Mechanical Gaming Keyboard,Electronics,Tamil Nadu,Coimbatore,Distributor,Returning,2,6500.0,0.05,650.0,12350.0,7396.94,4953.06,40.11,Credit Card,Completed
ORD-12482,2026-08-14 15:32:07,CUST-1058,Standing Desk,Furniture,Gujarat,Vadodara,Online Store,Returning,4,32000.0,0.15,19200.0,108800.0,78991.66,29808.34,27.4,Net Banking,Completed
ORD-12483,2026-08-14 14:53:24,CUST-1237,Ergonomic Office Chair,Furniture,Maharashtra,Nagpur,Distributor,Returning,3,18000.0,0.15,8100.0,45900.0,32467.25,13432.75,29.27,Debit Card,Completed
ORD-12484,2026-08-14 20:44:58,CUST-1015,"4K Monitor 27""",Electronics,Tamil Nadu,Chennai,Retail Outlet,New,2,28000.0,0.1,5600.0,50400.0,34628.28,15771.72,31.29,Net Banking,Completed
ORD-12485,2026-08-15 18:42:38,CUST-1178,Wireless Ergonomic Mouse,Accessories,Maharashtra,Pune,Direct Sales,Returning,1,2500.0,0.0,0.0,2500.0,990.58,1509.42,60.38,UPI,Completed
ORD-12486,2026-08-15 15:06:47,CUST-1184,"4K Monitor 27""",Electronics,Gujarat,Ahmedabad,Distributor,Returning,1,28000.0,0.15,4200.0,23800.0,17861.07,5938.93,24.95,Credit Card,Completed
ORD-12487,2026-08-15 11:24:18,CUST-1049,Mechanical Gaming Keyboard,Electronics,Delhi NCR,New Delhi,Online Store,Returning,3,6500.0,0.15,2925.0,16575.0,10985.63,5589.37,33.72,Debit Card,Completed
ORD-12488,2026-08-15 19:37:30,CUST-1061,Wireless Noise-Canceling Headphones,Electronics,Tamil Nadu,Chennai,Direct Sales,New,3,12000.0,0.05,1800.0,34200.0,17497.95,16702.05,48.84,Debit Card,Completed
ORD-12489,2026-08-15 20:47:50,CUST-1148,Mechanical Gaming Keyboard,Electronics,Maharashtra,Nagpur,Online Store,Returning,1,6500.0,0.15,975.0,5525.0,3519.38,2005.62,36.3,Debit Card,Completed
ORD-12490,2026-08-15 07:35:32,CUST-1059,Laptop Pro,Electronics,Gujarat,Ahmedabad,Distributor,Returning,3,75000.0,0.2,45000.0,180000.0,151013.62,28986.38,16.1,Debit Card,Completed
ORD-12491,2026-08-15 16:37:48,CUST-1076,"4K Monitor 27""",Electronics,Delhi NCR,New Delhi,Direct Sales,Returning,2,28000.0,0.1,5600.0,50400.0,33351.51,17048.49,33.83,Debit Card,Completed
ORD-12492,2026-08-15 07:24:12,CUST-1151,Wireless Ergonomic Mouse,Accessories,Delhi NCR,New Delhi,Direct Sales,New,2,2500.0,0.2,1000.0,4000.0,2047.38,1952.62,48.82,Debit Card,Completed
ORD-12493,2026-08-15 12:59:26,CUST-1169,Wireless Ergonomic Mouse,Accessories,Maharashtra,Mumbai,Direct Sales,Returning,4,2500.0,0.1,1000.0,9000.0,3908.0,5092.0,56.58,Credit Card,Completed
ORD-12494,2026-08-15 14:24:13,CUST-1294,USB-C Multiport Dock,Accessories,Delhi NCR,New Delhi,Online Store,New,3,4500.0,0.1,1350.0,12150.0,5967.52,6182.48,50.88,Credit Card,Completed
ORD-12495,2026-08-15 19:36:30,CUST-1110,Ultra Smartphone,Electronics,Delhi NCR,Noida,Online Store,Returning,4,55000.0,0.2,44000.0,176000.0,134092.6,41907.4,23.81,UPI,Completed
ORD-12496,2026-08-15 11:50:26,CUST-1317,Smart Fitness Watch,Accessories,Delhi NCR,New Delhi,Retail Outlet,Returning,5,8500.0,0.15,6375.0,36125.0,21278.96,14846.04,41.1,Credit Card,Completed
ORD-12497,2026-08-15 17:57:57,CUST-1126,"4K Monitor 27""",Electronics,Maharashtra,Pune,Online Store,Returning,2,28000.0,0.0,0.0,56000.0,34403.02,21596.98,38.57,Net Banking,Completed
ORD-12498,2026-08-15 14:28:37,CUST-1112,"4K Monitor 27""",Electronics,Karnataka,Bengaluru,Online Store,Returning,2,28000.0,0.15,8400.0,47600.0,35992.11,11607.89,24.39,Debit Card,Completed
ORD-12499,2026-08-15 09:07:47,CUST-1323,Mechanical Gaming Keyboard,Electronics,Maharashtra,Pune,Retail Outlet,New,3,6500.0,0.1,1950.0,17550.0,10361.28,7188.72,40.96,Debit Card,Completed
ORD-12500,2026-08-15 13:30:29,CUST-1063,Standing Desk,Furniture,Gujarat,Ahmedabad,Retail Outlet,Returning,3,32000.0,0.0,0.0,96000.0,59114.67,36885.33,38.42,UPI,Completed
ORD-12501,2026-08-15 11:29:39,CUST-1170,Standing Desk,Furniture,Maharashtra,Mumbai,Direct Sales,Returning,2,32000.0,0.05,3200.0,60800.0,42078.88,18721.12,30.79,Credit Card,Completed
ORD-12502,2026-08-15 12:25:48,CUST-1169,"4K Monitor 27""",Electronics,Maharashtra,Mumbai,Retail Outlet,Returning,4,28000.0,0.05,5600.0,106400.0,67381.16,39018.84,36.67,UPI,Completed
ORD-12503,2026-08-15 14:29:32,CUST-1096,Mechanical Gaming Keyboard,Electronics,Delhi NCR,New Delhi,Online Store,Returning,1,6500.0,0.15,975.0,5525.0,3481.57,2043.43,36.99,Credit Card,Completed
ORD-12504,2026-08-15 16:57:43,CUST-1082,Ergonomic Office Chair,Furniture,Maharashtra,Mumbai,Online Store,New,3,18000.0,0.2,10800.0,43200.0,32513.42,10686.58,24.74,Net Banking,Completed
ORD-12505,2026-08-15 13:45:27,CUST-1115,Standing Desk,Furniture,Delhi NCR,Noida,Online Store,Returning,2,32000.0,0.05,3200.0,60800.0,41969.0,18831.0,30.97,UPI,Completed
ORD-12506,2026-08-15 10:47:16,CUST-1170,USB-C Multiport Dock,Accessories,Gujarat,Surat,Direct Sales,New,2,4500.0,0.15,1350.0,7650.0,3998.84,3651.16,47.73,Debit Card,Cancelled
ORD-12507,2026-08-15 09:34:43,CUST-1243,Wireless Noise-Canceling Headphones,Electronics,Maharashtra,Mumbai,Retail Outlet,Returning,2,12000.0,0.0,0.0,24000.0,11691.01,12308.99,51.29,Debit Card,Completed
ORD-12508,2026-08-15 08:23:14,CUST-1035,Wireless Noise-Canceling Headphones,Electronics,Maharashtra,Nagpur,Distributor,New,3,12000.0,0.2,7200.0,28800.0,17522.16,11277.84,39.16,UPI,Completed
ORD-12509,2026-08-15 10:22:55,CUST-1121,Standing Desk,Furniture,Tamil Nadu,Coimbatore,Direct Sales,New,4,32000.0,0.25,32000.0,96000.0,85165.76,10834.24,11.29,Debit Card,Completed
ORD-12510,2026-08-15 18:39:00,CUST-1004,Wireless Noise-Canceling Headphones,Electronics,Gujarat,Surat,Direct Sales,Returning,1,12000.0,0.05,600.0,11400.0,6186.93,5213.07,45.73,Debit Card,Completed
ORD-12511,2026-08-15 11:42:18,CUST-1087,Mechanical Gaming Keyboard,Electronics,Maharashtra,Pune,Distributor,New,3,6500.0,0.05,975.0,18525.0,10782.58,7742.42,41.79,Debit Card,Completed
ORD-12512,2026-08-15 18:19:40,CUST-1165,Smart Fitness Watch,Accessories,Gujarat,Surat,Direct Sales,Returning,4,8500.0,0.1,3400.0,30600.0,16994.49,13605.51,44.46,Credit Card,Completed
ORD-12513,2026-08-15 15:39:43,CUST-1004,Smart Fitness Watch,Accessories,Tamil Nadu,Coimbatore,Retail Outlet,New,3,8500.0,0.05,1275.0,24225.0,13751.55,10473.45,43.23,Debit Card,Completed
ORD-12514,2026-08-15 12:14:54,CUST-1008,Laptop Pro,Electronics,Karnataka,Bengaluru,Online Store,New,1,75000.0,0.15,11250.0,63750.0,48410.07,15339.93,24.06,UPI,Completed
ORD-12515,2026-08-15 20:35:55,CUST-1344,"4K Monitor 27""",Electronics,Maharashtra,Pune,Online Store,Returning,4,28000.0,0.05,5600.0,106400.0,71314.21,35085.79,32.98,Credit Card,Completed
ORD-12516,2026-08-15 15:06:38,CUST-1023,Laptop Pro,Electronics,Delhi NCR,Gurugram,Distributor,Returning,2,75000.0,0.1,15000.0,135000.0,97923.16,37076.84,27.46,Net Banking,Completed
ORD-12517,2026-08-15 09:39:28,CUST-1258,"4K Monitor 27""",Electronics,Karnataka,Mysuru,Direct Sales,Returning,4,28000.0,0.2,22400.0,89600.0,66775.08,22824.92,25.47,Credit Card,Completed
ORD-12518,2026-08-15 15:51:12,CUST-1033,Standing Desk,Furniture,Delhi NCR,Gurugram,Online Store,New,2,32000.0,0.25,16000.0,48000.0,39517.01,8482.99,17.67,Debit Card,Completed
ORD-12519,2026-08-15 20:11:28,CUST-1039,Wireless Noise-Canceling Headphones,Electronics,Gujarat,Surat,Direct Sales,Returning,1,12000.0,0.0,0.0,12000.0,6221.69,5778.31,48.15,Credit Card,Completed
ORD-12520,2026-08-15 16:05:21,CUST-1025,Ergonomic Office Chair,Furniture,Maharashtra,Nagpur,Retail Outlet,Returning,1,18000.0,0.15,2700.0,15300.0,10200.25,5099.75,33.33,Net Banking,Completed
ORD-12521,2026-08-15 10:04:19,CUST-1046,Wireless Noise-Canceling Headphones,Electronics,Maharashtra,Nagpur,Distributor,Returning,2,12000.0,0.0,0.0,24000.0,12327.73,11672.27,48.63,Net Banking,Completed
ORD-12522,2026-08-15 12:48:29,CUST-1122,USB-C Multiport Dock,Accessories,Delhi NCR,Gurugram,Distributor,New,1,4500.0,0.05,225.0,4275.0,2017.38,2257.62,52.81,Net Banking,Cancelled
ORD-12523,2026-08-15 13:56:57,CUST-1328,Wireless Noise-Canceling Headphones,Electronics,Maharashtra,Mumbai,Retail Outlet,Returning,2,12000.0,0.15,3600.0,20400.0,11834.33,8565.67,41.99,Debit Card,Completed
ORD-12524,2026-08-15 18:33:11,CUST-1059,Standing Desk,Furniture,Maharashtra,Nagpur,Direct Sales,Returning,1,32000.0,0.1,3200.0,28800.0,21166.98,7633.02,26.5,UPI,Completed
ORD-12525,2026-08-15 14:08:29,CUST-1059,"4K Monitor 27""",Electronics,Delhi NCR,Noida,Distributor,New,1,28000.0,0.2,5600.0,22400.0,17770.47,4629.53,20.67,Debit Card,Completed
ORD-12526,2026-08-15 17:15:29,CUST-1246,USB-C Multiport Dock,Accessories,Karnataka,Bengaluru,Retail Outlet,New,1,4500.0,0.15,675.0,3825.0,2038.79,1786.21,46.7,Debit Card,Completed
ORD-12527,2026-08-15 10:51:09,CUST-1090,Wireless Noise-Canceling Headphones,Electronics,Tamil Nadu,Coimbatore,Retail Outlet,New,3,12000.0,0.15,5400.0,30600.0,17916.96,12683.04,41.45,UPI,Completed
ORD-12528,2026-08-15 18:12:17,CUST-1341,Wireless Noise-Canceling Headphones,Electronics,Delhi NCR,New Delhi,Direct Sales,Returning,4,12000.0,0.0,0.0,48000.0,23932.49,24067.51,50.14,Debit Card,Completed
ORD-12529,2026-08-15 18:43:48,CUST-1277,"4K Monitor 27""",Electronics,Maharashtra,Nagpur,Distributor,New,3,28000.0,0.1,8400.0,75600.0,53410.97,22189.03,29.35,UPI,Cancelled
ORD-12530,2026-08-15 17:31:26,CUST-1092,"4K Monitor 27""",Electronics,Maharashtra,Nagpur,Direct Sales,New,1,28000.0,0.05,1400.0,26600.0,16760.81,9839.19,36.99,UPI,Completed
ORD-12531,2026-08-15 18:04:38,CUST-1228,Standing Desk,Furniture,Maharashtra,Pune,Direct Sales,New,1,32000.0,0.1,3200.0,28800.0,20684.03,8115.97,28.18,UPI,Cancelled
ORD-12532,2026-08-15 15:03:51,CUST-1253,Wireless Noise-Canceling Headphones,Electronics,Tamil Nadu,Coimbatore,Distributor,Returning,4,12000.0,0.05,2400.0,45600.0,24893.83,20706.17,45.41,UPI,Completed
ORD-12533,2026-08-16 18:28:30,CUST-1143,Laptop Pro,Electronics,Maharashtra,Pune,Distributor,Returning,3,75000.0,0.25,56250.0,168750.0,141182.72,27567.28,16.34,Net Banking,Completed
ORD-12534,2026-08-16 17:15:27,CUST-1312,Standing Desk,Furniture,Gujarat,Surat,Direct Sales,Returning,3,32000.0,0.25,24000.0,72000.0,62709.81,9290.19,12.9,UPI,Completed
ORD-12535,2026-08-16 20:47:31,CUST-1073,Ergonomic Office Chair,Furniture,Maharashtra,Pune,Direct Sales,Returning,2,18000.0,0.05,1800.0,34200.0,20687.46,13512.54,39.51,Debit Card,Completed
ORD-12536,2026-08-16 20:43:17,CUST-1245,Ergonomic Office Chair,Furniture,Maharashtra,Nagpur,Distributor,Returning,4,18000.0,0.15,10800.0,61200.0,40435.97,20764.03,33.93,Net Banking,Completed
ORD-12537,2026-08-16 20:33:17,CUST-1054,Smart Fitness Watch,Accessories,Tamil Nadu,Chennai,Online Store,Returning,2,8500.0,0.05,850.0,16150.0,8802.11,7347.89,45.5,Debit Card,Completed
ORD-12538,2026-08-16 20:09:14,CUST-1110,Ultra Smartphone,Electronics,Maharashtra,Nagpur,Distributor,Returning,1,55000.0,0.05,2750.0,52250.0,32179.88,20070.12,38.41,UPI,Completed
ORD-12539,2026-08-16 17:47:04,CUST-1101,Mechanical Gaming Keyboard,Electronics,Maharashtra,Pune,Direct Sales,New,3,6500.0,0.15,2925.0,16575.0,11100.76,5474.24,33.03,Credit Card,Completed
ORD-12540,2026-08-16 17:05:30,CUST-1144,Mechanical Gaming Keyboard,Electronics,Karnataka,Bengaluru,Retail Outlet,Returning,2,6500.0,0.15,1950.0,11050.0,6907.64,4142.36,37.49,UPI,Completed
ORD-12541,2026-08-16 07:23:06,CUST-1012,Wireless Ergonomic Mouse,Accessories,Maharashtra,Nagpur,Retail Outlet,Returning,8,2500.0,0.2,4000.0,16000.0,7764.26,8235.74,51.47,UPI,Completed
ORD-12542,2026-08-16 09:58:28,CUST-1326,Wireless Ergonomic Mouse,Accessories,Karnataka,Mysuru,Retail Outlet,New,3,2500.0,0.2,1500.0,6000.0,2953.99,3046.01,50.77,Net Banking,Completed
ORD-12543,2026-08-16 07:53:30,CUST-1084,Ergonomic Office Chair,Furniture,Maharashtra,Nagpur,Distributor,New,4,18000.0,0.0,0.0,72000.0,40215.42,31784.58,44.15,Net Banking,Completed
ORD-12544,2026-08-16 20:40:46,CUST-1246,USB-C Multiport Dock,Accessories,Maharashtra,Mumbai,Distributor,New,4,4500.0,0.25,4500.0,13500.0,8081.19,5418.81,40.14,Credit Card,Completed
ORD-12545,2026-08-16 10:11:41,CUST-1081,Laptop Pro,Electronics,Tamil Nadu,Coimbatore,Online Store,Returning,3,75000.0,0.15,33750.0,191250.0,140535.22,50714.78,26.52,UPI,Completed
ORD-12546,2026-08-16 11:12:43,CUST-1214,Smart Fitness Watch,Accessories,Tamil Nadu,Chennai,Retail Outlet,New,5,8500.0,0.1,4250.0,38250.0,22423.1,15826.9,41.38,UPI,Completed
ORD-12547,2026-08-16 15:50:32,CUST-1136,Wireless Ergonomic Mouse,Accessories,Delhi NCR,New Delhi,Online Store,Returning,1,2500.0,0.0,0.0,2500.0,1013.22,1486.78,59.47,UPI,Completed
ORD-12548,2026-08-16 21:04:29,CUST-1341,USB-C Multiport Dock,Accessories,Karnataka,Bengaluru,Direct Sales,New,2,4500.0,0.2,1800.0,7200.0,4162.13,3037.87,42.19,Credit Card,Completed
ORD-12549,2026-08-16 09:17:33,CUST-1189,Ultra Smartphone,Electronics,Tamil Nadu,Coimbatore,Distributor,New,4,55000.0,0.15,33000.0,187000.0,136130.05,50869.95,27.2,Debit Card,Completed
ORD-12550,2026-08-16 14:20:58,CUST-1089,USB-C Multiport Dock,Accessories,Tamil Nadu,Chennai,Distributor,Returning,7,4500.0,0.0,0.0,31500.0,13659.09,17840.91,56.64,UPI,Completed
ORD-12551,2026-08-16 10:35:44,CUST-1344,Smart Fitness Watch,Accessories,Gujarat,Surat,Retail Outlet,Returning,8,8500.0,0.2,13600.0,54400.0,35152.73,19247.27,35.38,Credit Card,Completed
ORD-12552,2026-08-16 09:28:43,CUST-1268,Smart Fitness Watch,Accessories,Karnataka,Bengaluru,Retail Outlet,New,7,8500.0,0.2,11900.0,47600.0,29758.2,17841.8,37.48,UPI,Completed
ORD-12553,2026-08-16 19:14:32,CUST-1212,Smart Fitness Watch,Accessories,Tamil Nadu,Chennai,Online Store,Returning,3,8500.0,0.0,0.0,25500.0,13591.81,11908.19,46.7,UPI,Completed
ORD-12554,2026-08-16 10:19:23,CUST-1279,Wireless Noise-Canceling Headphones,Electronics,Delhi NCR,New Delhi,Retail Outlet,Returning,2,12000.0,0.0,0.0,24000.0,12216.13,11783.87,49.1,UPI,Completed
ORD-12555,2026-08-16 13:14:38,CUST-1094,Smart Fitness Watch,Accessories,Maharashtra,Nagpur,Distributor,New,1,8500.0,0.05,425.0,8075.0,4558.47,3516.53,43.55,Debit Card,Completed
ORD-12556,2026-08-16 08:51:03,CUST-1151,Wireless Ergonomic Mouse,Accessories,Maharashtra,Pune,Retail Outlet,Returning,3,2500.0,0.15,1125.0,6375.0,2922.49,3452.51,54.16,UPI,Completed
ORD-12557,2026-08-16 10:31:14,CUST-1273,"4K Monitor 27""",Electronics,Maharashtra,Mumbai,Direct Sales,New,2,28000.0,0.2,11200.0,44800.0,33864.14,10935.86,24.41,Credit Card,Completed
ORD-12558,2026-08-16 20:20:21,CUST-1034,"4K Monitor 27""",Electronics,Karnataka,Bengaluru,Online Store,Returning,3,28000.0,0.1,8400.0,75600.0,52145.22,23454.78,31.02,Net Banking,Completed
ORD-12559,2026-08-16 13:23:15,CUST-1301,Ultra Smartphone,Electronics,Maharashtra,Nagpur,Retail Outlet,Returning,3,55000.0,0.1,16500.0,148500.0,99805.08,48694.92,32.79,Debit Card,Completed
ORD-12560,2026-08-16 16:50:54,CUST-1221,Laptop Pro,Electronics,Karnataka,Bengaluru,Direct Sales,Returning,1,75000.0,0.2,15000.0,60000.0,50449.56,9550.44,15.92,Credit Card,Completed
ORD-12561,2026-08-16 18:17:24,CUST-1171,Standing Desk,Furniture,Karnataka,Bengaluru,Distributor,New,1,32000.0,0.1,3200.0,28800.0,20557.26,8242.74,28.62,Net Banking,Completed
ORD-12562,2026-08-16 17:13:05,CUST-1291,Ultra Smartphone,Electronics,Tamil Nadu,Coimbatore,Distributor,New,1,55000.0,0.1,5500.0,49500.0,32245.83,17254.17,34.86,Debit Card,Completed
ORD-12563,2026-08-16 16:29:38,CUST-1181,Smart Fitness Watch,Accessories,Maharashtra,Pune,Retail Outlet,Returning,1,8500.0,0.2,1700.0,6800.0,4279.16,2520.84,37.07,UPI,Completed
ORD-12564,2026-08-16 12:53:52,CUST-1025,Smart Fitness Watch,Accessories,Delhi NCR,Noida,Direct Sales,Returning,2,8500.0,0.0,0.0,17000.0,8883.56,8116.44,47.74,Credit Card,Completed
ORD-12565,2026-08-16 12:57:21,CUST-1217,Wireless Ergonomic Mouse,Accessories,Karnataka,Bengaluru,Online Store,Returning,6,2500.0,0.25,3750.0,11250.0,6208.75,5041.25,44.81,Credit Card,Completed
ORD-12566,2026-08-16 07:30:53,CUST-1342,Standing Desk,Furniture,Gujarat,Surat,Online Store,New,3,32000.0,0.1,9600.0,86400.0,63371.0,23029.0,26.65,UPI,Completed
ORD-12567,2026-08-16 21:01:14,CUST-1249,"4K Monitor 27""",Electronics,Maharashtra,Nagpur,Online Store,Returning,2,28000.0,0.15,8400.0,47600.0,35160.03,12439.97,26.13,Debit Card,Completed
ORD-12568,2026-08-16 12:56:15,CUST-1154,Smart Fitness Watch,Accessories,Karnataka,Bengaluru,Retail Outlet,New,2,8500.0,0.2,3400.0,13600.0,9035.12,4564.88,33.57,Debit Card,Completed
ORD-12569,2026-08-16 15:48:31,CUST-1274,USB-C Multiport Dock,Accessories,Maharashtra,Mumbai,Direct Sales,Returning,8,4500.0,0.15,5400.0,30600.0,16756.26,13843.74,45.24,UPI,Completed
ORD-12570,2026-08-16 17:25:33,CUST-1260,Smart Fitness Watch,Accessories,Tamil Nadu,Chennai,Retail Outlet,Returning,4,8500.0,0.05,1700.0,32300.0,17803.0,14497.0,44.88,Net Banking,Completed
ORD-12571,2026-08-16 19:14:40,CUST-1126,USB-C Multiport Dock,Accessories,Delhi NCR,New Delhi,Distributor,New,2,4500.0,0.2,1800.0,7200.0,3929.45,3270.55,45.42,Net Banking,Completed
ORD-12572,2026-08-16 07:40:34,CUST-1108,Smart Fitness Watch,Accessories,Gujarat,Vadodara,Direct Sales,Returning,8,8500.0,0.1,6800.0,61200.0,34257.85,26942.15,44.02,Credit Card,Completed
ORD-12573,2026-08-16 08:10:04,CUST-1034,Laptop Pro,Electronics,Gujarat,Surat,Retail Outlet,New,4,75000.0,0.2,60000.0,240000.0,194930.59,45069.41,18.78,Net Banking,Completed
ORD-12574,2026-08-16 13:20:53,CUST-1056,Wireless Noise-Canceling Headphones,Electronics,Karnataka,Bengaluru,Online Store,Returning,1,12000.0,0.25,3000.0,9000.0,5959.43,3040.57,33.78,Net Banking,Completed
ORD-12575,2026-08-16 11:48:39,CUST-1142,Mechanical Gaming Keyboard,Electronics,Maharashtra,Mumbai,Distributor,Returning,3,6500.0,0.2,3900.0,15600.0,10671.73,4928.27,31.59,Credit Card,Completed
ORD-12576,2026-08-16 14:53:47,CUST-1239,"4K Monitor 27""",Electronics,Maharashtra,Mumbai,Retail Outlet,Returning,2,28000.0,0.15,8400.0,47600.0,34685.78,12914.22,27.13,UPI,Completed
ORD-12577,2026-08-16 07:39:25,CUST-1289,Wireless Noise-Canceling Headphones,Electronics,Maharashtra,Nagpur,Retail Outlet,Returning,4,12000.0,0.25,12000.0,36000.0,23475.57,12524.43,34.79,Credit Card,Completed
ORD-12578,2026-08-16 16:05:05,CUST-1017,Wireless Noise-Canceling Headphones,Electronics,Maharashtra,Mumbai,Online Store,Returning,2,12000.0,0.2,4800.0,19200.0,12326.6,6873.4,35.8,Debit Card,Completed
ORD-12579,2026-08-16 21:03:20,CUST-1209,Ergonomic Office Chair,Furniture,Karnataka,Bengaluru,Online Store,Returning,4,18000.0,0.05,3600.0,68400.0,41592.99,26807.01,39.19,Debit Card,Cancelled
ORD-12580,2026-08-16 18:46:18,CUST-1212,"4K Monitor 27""",Electronics,Tamil Nadu,Coimbatore,Retail Outlet,Returning,1,28000.0,0.2,5600.0,22400.0,17003.14,5396.86,24.09,Debit Card,Completed
ORD-12581,2026-08-16 14:03:21,CUST-1222,Smart Fitness Watch,Accessories,Tamil Nadu,Coimbatore,Retail Outlet,Returning,5,8500.0,0.05,2125.0,40375.0,21227.15,19147.85,47.43,Net Banking,Completed
ORD-12582,2026-08-16 16:59:41,CUST-1203,"4K Monitor 27""",Electronics,Gujarat,Ahmedabad,Retail Outlet,Returning,2,28000.0,0.1,5600.0,50400.0,34163.12,16236.88,32.22,UPI,Completed
ORD-12583,2026-08-16 14:36:01,CUST-1324,Laptop Pro,Electronics,Tamil Nadu,Coimbatore,Retail Outlet,Returning,4,75000.0,0.0,0.0,300000.0,195715.86,104284.14,34.76,Net Banking,Cancelled
ORD-12584,2026-08-16 17:54:19,CUST-1107,Mechanical Gaming Keyboard,Electronics,Maharashtra,Mumbai,Direct Sales,Returning,1,6500.0,0.0,0.0,6500.0,3692.21,2807.79,43.2,Debit Card,Completed
ORD-12585,2026-08-16 07:31:53,CUST-1315,USB-C Multiport Dock,Accessories,Delhi NCR,Gurugram,Distributor,New,6,4500.0,0.2,5400.0,21600.0,11917.53,9682.47,44.83,Net Banking,Completed
ORD-12586,2026-08-16 09:10:14,CUST-1092,Wireless Ergonomic Mouse,Accessories,Gujarat,Surat,Distributor,New,6,2500.0,0.2,3000.0,12000.0,5978.53,6021.47,50.18,Debit Card,Completed
ORD-12587,2026-08-16 07:44:47,CUST-1260,"4K Monitor 27""",Electronics,Gujarat,Vadodara,Online Store,Returning,3,28000.0,0.2,16800.0,67200.0,53910.11,13289.89,19.78,Debit Card,Completed
ORD-12588,2026-08-16 17:13:44,CUST-1200,"4K Monitor 27""",Electronics,Maharashtra,Mumbai,Distributor,New,4,28000.0,0.05,5600.0,106400.0,68542.3,37857.7,35.58,Net Banking,Completed
ORD-12589,2026-08-16 11:39:26,CUST-1183,Wireless Ergonomic Mouse,Accessories,Maharashtra,Pune,Distributor,New,5,2500.0,0.05,625.0,11875.0,5058.76,6816.24,57.4,Net Banking,Completed
ORD-12590,2026-08-16 15:49:58,CUST-1006,Mechanical Gaming Keyboard,Electronics,Gujarat,Surat,Retail Outlet,Returning,4,6500.0,0.0,0.0,26000.0,13973.53,12026.47,46.26,UPI,Completed
ORD-12591,2026-08-16 12:51:48,CUST-1043,Wireless Noise-Canceling Headphones,Electronics,Maharashtra,Nagpur,Retail Outlet,Returning,2,12000.0,0.15,3600.0,20400.0,12300.56,8099.44,39.7,Debit Card,Completed
ORD-12592,2026-08-16 07:27:56,CUST-1323,Ultra Smartphone,Electronics,Delhi NCR,New Delhi,Distributor,New,4,55000.0,0.0,0.0,220000.0,127294.2,92705.8,42.14,Net Banking,Completed
ORD-12593,2026-08-16 08:02:05,CUST-1023,"4K Monitor 27""",Electronics,Gujarat,Ahmedabad,Distributor,Returning,1,28000.0,0.15,4200.0,23800.0,18035.61,5764.39,24.22,Net Banking,Completed
ORD-12594,2026-08-16 20:57:00,CUST-1084,Smart Fitness Watch,Accessories,Delhi NCR,Noida,Distributor,New,6,8500.0,0.0,0.0,51000.0,27474.79,23525.21,46.13,UPI,Completed
ORD-12595,2026-08-17 15:57:19,CUST-1138,Mechanical Gaming Keyboard,Electronics,Tamil Nadu,Chennai,Direct Sales,Returning,1,6500.0,0.2,1300.0,5200.0,3227.75,1972.25,37.93,UPI,Completed
ORD-12596,2026-08-17 19:17:30,CUST-6911,Ultra Smartphone,Electronics,Karnataka,Bengaluru,Online Store,New,3,55000.0,0.05,8250.0,156750.0,108580.82,48169.18,30.73,UPI,Completed
ORD-12597,2026-08-17 09:14:09,CUST-1029,Ultra Smartphone,Electronics,Karnataka,Mysuru,Distributor,Returning,1,55000.0,0.2,11000.0,44000.0,29182.22,14817.78,33.68,Debit Card,Completed
ORD-12598,2026-08-17 10:12:50,CUST-1242,Mechanical Gaming Keyboard,Electronics,Gujarat,Ahmedabad,Distributor,Returning,2,6500.0,0.15,1950.0,11050.0,7085.69,3964.31,35.88,Net Banking,Completed
ORD-12599,2026-08-17 12:17:56,CUST-8125,Wireless Ergonomic Mouse,Accessories,Delhi NCR,New Delhi,Distributor,New,5,2500.0,0.15,1875.0,10625.0,4680.5,5944.5,55.95,Credit Card,Completed
ORD-12600,2026-08-17 17:35:36,CUST-3485,Laptop Pro,Electronics,Maharashtra,Pune,Distributor,New,2,75000.0,0.1,15000.0,135000.0,100093.96,34906.04,25.86,UPI,Completed
ORD-12601,2026-08-17 16:20:56,CUST-1333,Laptop Pro,Electronics,Karnataka,Mysuru,Online Store,Returning,3,75000.0,0.05,11250.0,213750.0,153607.82,60142.18,28.14,Debit Card,Completed
ORD-12602,2026-08-17 11:01:40,CUST-8470,Ergonomic Office Chair,Furniture,Gujarat,Ahmedabad,Retail Outlet,New,1,18000.0,0.15,2700.0,15300.0,9961.21,5338.79,34.89,Net Banking,Completed
ORD-12603,2026-08-17 15:07:59,CUST-1190,Ergonomic Office Chair,Furniture,Gujarat,Ahmedabad,Retail Outlet,Returning,1,18000.0,0.2,3600.0,14400.0,9393.22,5006.78,34.77,Credit Card,Completed
ORD-12604,2026-08-17 12:07:59,CUST-1333,Wireless Noise-Canceling Headphones,Electronics,Delhi NCR,New Delhi,Online Store,Returning,3,12000.0,0.2,7200.0,28800.0,16159.13,12640.87,43.89,Debit Card,Completed
ORD-12605,2026-08-17 21:12:15,CUST-1089,Ultra Smartphone,Electronics,Maharashtra,Pune,Distributor,Returning,2,55000.0,0.15,16500.0,93500.0,62979.35,30520.65,32.64,Net Banking,Completed
ORD-12606,2026-08-17 21:11:51,CUST-1302,Standing Desk,Furniture,Tamil Nadu,Coimbatore,Online Store,Returning,1,32000.0,0.15,4800.0,27200.0,19630.21,7569.79,27.83,UPI,Completed
ORD-12607,2026-08-17 19:56:02,CUST-1074,Ultra Smartphone,Electronics,Delhi NCR,New Delhi,Retail Outlet,Returning,3,55000.0,0.05,8250.0,156750.0,108853.12,47896.88,30.56,Credit Card,Completed
ORD-12608,2026-08-17 09:23:45,CUST-7498,Ergonomic Office Chair,Furniture,Karnataka,Mysuru,Retail Outlet,New,3,18000.0,0.2,10800.0,43200.0,28294.31,14905.69,34.5,Credit Card,Completed
ORD-12609,2026-08-17 11:32:33,CUST-1248,USB-C Multiport Dock,Accessories,Delhi NCR,Noida,Online Store,Returning,6,4500.0,0.3,8100.0,18900.0,9698.27,9201.73,48.69,UPI,Completed
ORD-12610,2026-08-17 11:40:54,CUST-1130,Mechanical Gaming Keyboard,Electronics,Gujarat,Surat,Distributor,Returning,1,6500.0,0.15,975.0,5525.0,3389.39,2135.61,38.65,UPI,Completed
ORD-12611,2026-08-17 15:38:07,CUST-1058,Standing Desk,Furniture,Tamil Nadu,Coimbatore,Distributor,Returning,1,32000.0,0.1,3200.0,28800.0,20801.44,7998.56,27.77,Net Banking,Completed
ORD-12612,2026-08-17 15:20:41,CUST-7746,Wireless Noise-Canceling Headphones,Electronics,Tamil Nadu,Coimbatore,Direct Sales,New,4,12000.0,0.05,2400.0,45600.0,26259.43,19340.57,42.41,Net Banking,Completed
ORD-12613,2026-08-17 10:30:02,CUST-1239,Wireless Noise-Canceling Headphones,Electronics,Maharashtra,Mumbai,Direct Sales,Returning,1,12000.0,0.2,2400.0,9600.0,5445.1,4154.9,43.28,Net Banking,Completed
ORD-12614,2026-08-17 19:04:27,CUST-1220,Wireless Ergonomic Mouse,Accessories,Gujarat,Vadodara,Direct Sales,Returning,8,2500.0,0.1,2000.0,18000.0,7948.58,10051.42,55.84,UPI,Completed
ORD-12615,2026-08-17 16:55:55,CUST-8575,Standing Desk,Furniture,Karnataka,Mysuru,Retail Outlet,New,2,32000.0,0.2,12800.0,51200.0,36860.04,14339.96,28.01,Debit Card,Completed
ORD-12616,2026-08-17 20:53:56,CUST-1039,Ultra Smartphone,Electronics,Maharashtra,Mumbai,Direct Sales,Returning,1,55000.0,0.15,8250.0,46750.0,32014.99,14735.01,31.52,Credit Card,Completed
ORD-12617,2026-08-17 10:09:37,CUST-1094,Wireless Ergonomic Mouse,Accessories,Tamil Nadu,Chennai,Direct Sales,Returning,7,2500.0,0.15,2625.0,14875.0,6708.34,8166.66,54.9,UPI,Completed
ORD-12618,2026-08-17 20:40:29,CUST-1150,Mechanical Gaming Keyboard,Electronics,Gujarat,Ahmedabad,Retail Outlet,Returning,1,6500.0,0.15,975.0,5525.0,3496.89,2028.11,36.71,UPI,Completed
ORD-12619,2026-08-17 21:42:12,CUST-1180,Ergonomic Office Chair,Furniture,Maharashtra,Nagpur,Distributor,Returning,3,18000.0,0.0,0.0,54000.0,35421.95,18578.05,34.4,Net Banking,Completed
ORD-12620,2026-08-17 08:07:41,CUST-1105,Smart Fitness Watch,Accessories,Maharashtra,Mumbai,Direct Sales,Returning,2,8500.0,0.1,1700.0,15300.0,9207.39,6092.61,39.82,Debit Card,Completed
ORD-12621,2026-08-17 18:10:36,CUST-1188,Ergonomic Office Chair,Furniture,Maharashtra,Mumbai,Direct Sales,Returning,3,18000.0,0.0,0.0,54000.0,36113.91,17886.09,33.12,Debit Card,Completed
ORD-12622,2026-08-17 09:12:22,CUST-1165,Standing Desk,Furniture,Karnataka,Bengaluru,Online Store,Returning,2,32000.0,0.2,12800.0,51200.0,37276.69,13923.31,27.19,Debit Card,Completed
ORD-12623,2026-08-17 10:07:53,CUST-1123,Ergonomic Office Chair,Furniture,Maharashtra,Mumbai,Online Store,Returning,3,18000.0,0.2,10800.0,43200.0,27536.53,15663.47,36.26,Credit Card,Completed
ORD-12624,2026-08-17 08:49:47,CUST-1180,Standing Desk,Furniture,Gujarat,Ahmedabad,Retail Outlet,Returning,1,32000.0,0.1,3200.0,28800.0,20563.0,8237.0,28.6,Debit Card,Completed
ORD-12625,2026-08-17 12:39:31,CUST-1212,USB-C Multiport Dock,Accessories,Maharashtra,Pune,Distributor,Returning,5,4500.0,0.2,4500.0,18000.0,9518.24,8481.76,47.12,Credit Card,Completed
ORD-12626,2026-08-17 16:40:37,CUST-1335,Laptop Pro,Electronics,Karnataka,Bengaluru,Online Store,Returning,1,75000.0,0.3,22500.0,52500.0,39299.07,13200.93,25.14,UPI,Completed
ORD-12627,2026-08-17 17:44:35,CUST-7076,Wireless Noise-Canceling Headphones,Electronics,Maharashtra,Nagpur,Retail Outlet,New,4,12000.0,0.05,2400.0,45600.0,26718.23,18881.77,41.41,Net Banking,Completed
ORD-12628,2026-08-17 14:53:28,CUST-1057,Wireless Noise-Canceling Headphones,Electronics,Maharashtra,Nagpur,Retail Outlet,Returning,2,12000.0,0.05,1200.0,22800.0,12704.18,10095.82,44.28,Net Banking,Completed
ORD-12629,2026-08-17 21:56:34,CUST-5736,Smart Fitness Watch,Accessories,Maharashtra,Mumbai,Direct Sales,New,2,8500.0,0.05,850.0,16150.0,9648.01,6501.99,40.26,Credit Card,Completed
ORD-12630,2026-08-17 08:20:51,CUST-1297,Smart Fitness Watch,Accessories,Maharashtra,Nagpur,Online Store,Returning,1,8500.0,0.0,0.0,8500.0,5117.42,3382.58,39.8,Credit Card,Completed
ORD-12631,2026-08-17 10:27:55,CUST-2646,Ultra Smartphone,Electronics,Delhi NCR,Noida,Direct Sales,New,4,55000.0,0.0,0.0,220000.0,153029.7,66970.3,30.44,Debit Card,Completed
ORD-12632,2026-08-17 18:48:52,CUST-2430,"4K Monitor 27""",Electronics,Tamil Nadu,Coimbatore,Distributor,New,4,28000.0,0.05,5600.0,106400.0,76185.48,30214.52,28.4,Net Banking,Completed
ORD-12633,2026-08-17 15:55:27,CUST-8128,"4K Monitor 27""",Electronics,Karnataka,Bengaluru,Retail Outlet,New,3,28000.0,0.1,8400.0,75600.0,53659.28,21940.72,29.02,Debit Card,Completed
ORD-12634,2026-08-17 09:20:33,CUST-1164,Wireless Noise-Canceling Headphones,Electronics,Maharashtra,Pune,Distributor,Returning,1,12000.0,0.2,2400.0,9600.0,5439.46,4160.54,43.34,Debit Card,Completed
ORD-12635,2026-08-17 14:44:37,CUST-7324,Smart Fitness Watch,Accessories,Maharashtra,Nagpur,Retail Outlet,New,2,8500.0,0.1,1700.0,15300.0,8770.29,6529.71,42.68,UPI,Completed
ORD-12636,2026-08-17 13:45:11,CUST-1085,"4K Monitor 27""",Electronics,Maharashtra,Pune,Distributor,Returning,1,28000.0,0.0,0.0,28000.0,20189.49,7810.51,27.89,Net Banking,Completed
ORD-12637,2026-08-17 19:53:18,CUST-1323,Wireless Noise-Canceling Headphones,Electronics,Maharashtra,Nagpur,Distributor,Returning,3,12000.0,0.0,0.0,36000.0,20242.47,15757.53,43.77,Credit Card,Completed
ORD-12638,2026-08-17 21:12:44,CUST-4015,USB-C Multiport Dock,Accessories,Gujarat,Vadodara,Online Store,New,3,4500.0,0.0,0.0,13500.0,6849.29,6650.71,49.26,UPI,Completed
ORD-12639,2026-08-17 09:24:36,CUST-1328,USB-C Multiport Dock,Accessories,Karnataka,Mysuru,Retail Outlet,Returning,2,4500.0,0.0,0.0,9000.0,4751.65,4248.35,47.2,Net Banking,Completed
ORD-12640,2026-08-17 18:33:18,CUST-1206,Wireless Ergonomic Mouse,Accessories,Gujarat,Ahmedabad,Direct Sales,Returning,6,2500.0,0.15,2250.0,12750.0,5853.05,6896.95,54.09,UPI,Completed
ORD-12641,2026-08-17 18:50:40,CUST-1296,Mechanical Gaming Keyboard,Electronics,Maharashtra,Mumbai,Retail Outlet,Returning,1,6500.0,0.0,0.0,6500.0,4066.83,2433.17,37.43,Net Banking,Completed
ORD-12642,2026-08-17 14:09:05,CUST-1287,Wireless Noise-Canceling Headphones,Electronics,Tamil Nadu,Chennai,Direct Sales,Returning,1,12000.0,0.2,2400.0,9600.0,5334.67,4265.33,44.43,Credit Card,Completed
ORD-12643,2026-08-18 14:29:41,CUST-2655,Standing Desk,Furniture,Gujarat,Ahmedabad,Distributor,New,1,32000.0,0.2,6400.0,25600.0,18186.82,7413.18,28.96,Credit Card,Completed
ORD-12644,2026-08-18 20:23:10,CUST-1277,Standing Desk,Furniture,Maharashtra,Mumbai,Retail Outlet,Returning,4,32000.0,0.05,6400.0,121600.0,87228.87,34371.13,28.27,Net Banking,Completed
ORD-12645,2026-08-18 10:53:00,CUST-4537,Ergonomic Office Chair,Furniture,Delhi NCR,Noida,Direct Sales,New,4,18000.0,0.1,7200.0,64800.0,43213.3,21586.7,33.31,Debit Card,Completed
ORD-12646,2026-08-18 18:37:03,CUST-1238,Laptop Pro,Electronics,Maharashtra,Nagpur,Retail Outlet,Returning,4,75000.0,0.25,75000.0,225000.0,168812.97,56187.03,24.97,Credit Card,Completed
ORD-12647,2026-08-18 15:47:54,CUST-1078,Wireless Noise-Canceling Headphones,Electronics,Maharashtra,Nagpur,Online Store,Returning,1,12000.0,0.1,1200.0,10800.0,6200.48,4599.52,42.59,Net Banking,Completed
ORD-12648,2026-08-18 10:01:37,CUST-1328,Smart Fitness Watch,Accessories,Tamil Nadu,Chennai,Retail Outlet,Returning,7,8500.0,0.3,17850.0,41650.0,24607.51,17042.49,40.92,Net Banking,Completed
ORD-12649,2026-08-18 16:43:34,CUST-1267,Mechanical Gaming Keyboard,Electronics,Delhi NCR,Noida,Retail Outlet,Returning,4,6500.0,0.25,6500.0,19500.0,11848.87,7651.13,39.24,Net Banking,Completed
ORD-12650,2026-08-18 14:54:42,CUST-1133,USB-C Multiport Dock,Accessories,Karnataka,Mysuru,Retail Outlet,Returning,1,4500.0,0.0,0.0,4500.0,2342.52,2157.48,47.94,Net Banking,Completed
ORD-12651,2026-08-18 08:25:13,CUST-1252,Laptop Pro,Electronics,Maharashtra,Mumbai,Retail Outlet,Returning,4,75000.0,0.0,0.0,300000.0,220226.89,79773.11,26.59,Net Banking,Completed
ORD-12652,2026-08-18 20:26:22,CUST-1229,Laptop Pro,Electronics,Tamil Nadu,Coimbatore,Distributor,Returning,1,75000.0,0.0,0.0,75000.0,55863.02,19136.98,25.52,Debit Card,Completed
ORD-12653,2026-08-18 13:47:35,CUST-4747,Ergonomic Office Chair,Furniture,Tamil Nadu,Coimbatore,Online Store,New,3,18000.0,0.05,2700.0,51300.0,34445.91,16854.09,32.85,UPI,Completed
ORD-12654,2026-08-18 16:37:06,CUST-1080,Laptop Pro,Electronics,Maharashtra,Mumbai,Distributor,Returning,2,75000.0,0.05,7500.0,142500.0,106030.9,36469.1,25.59,Debit Card,Completed
ORD-12655,2026-08-18 14:21:44,CUST-1533,Wireless Ergonomic Mouse,Accessories,Gujarat,Surat,Distributor,New,2,2500.0,0.15,750.0,4250.0,1902.84,2347.16,55.23,UPI,Completed
ORD-12656,2026-08-18 19:05:03,CUST-1160,Standing Desk,Furniture,Gujarat,Ahmedabad,Direct Sales,Returning,1,32000.0,0.2,6400.0,25600.0,18219.98,7380.02,28.83,Credit Card,Completed
ORD-12657,2026-08-18 19:34:03,CUST-1270,"4K Monitor 27""",Electronics,Gujarat,Surat,Distributor,Returning,2,28000.0,0.2,11200.0,44800.0,31416.63,13383.37,29.87,Debit Card,Completed
ORD-12658,2026-08-18 18:43:24,CUST-1320,Wireless Ergonomic Mouse,Accessories,Karnataka,Bengaluru,Direct Sales,Returning,7,2500.0,0.15,2625.0,14875.0,6563.3,8311.7,55.88,Credit Card,Completed
ORD-12659,2026-08-18 20:23:45,CUST-2962,Mechanical Gaming Keyboard,Electronics,Maharashtra,Nagpur,Direct Sales,New,2,6500.0,0.2,2600.0,10400.0,6399.32,4000.68,38.47,UPI,Completed
ORD-12660,2026-08-18 12:19:06,CUST-2245,Standing Desk,Furniture,Delhi NCR,Noida,Online Store,New,1,32000.0,0.1,3200.0,28800.0,20613.63,8186.37,28.42,UPI,Completed
ORD-12661,2026-08-18 09:43:40,CUST-1048,Smart Fitness Watch,Accessories,Delhi NCR,New Delhi,Distributor,Returning,6,8500.0,0.05,2550.0,48450.0,27642.75,20807.25,42.95,Net Banking,Completed
ORD-12662,2026-08-18 11:51:10,CUST-1142,Smart Fitness Watch,Accessories,Gujarat,Ahmedabad,Distributor,Returning,8,8500.0,0.0,0.0,68000.0,40661.3,27338.7,40.2,Debit Card,Completed
ORD-12663,2026-08-18 21:52:49,CUST-1908,Ergonomic Office Chair,Furniture,Maharashtra,Nagpur,Distributor,New,2,18000.0,0.3,10800.0,25200.0,16656.16,8543.84,33.9,Debit Card,Completed
ORD-12664,2026-08-18 16:17:50,CUST-8549,Wireless Ergonomic Mouse,Accessories,Karnataka,Bengaluru,Direct Sales,New,8,2500.0,0.2,4000.0,16000.0,7244.0,8756.0,54.72,Credit Card,Completed
ORD-12665,2026-08-18 15:36:27,CUST-6033,Laptop Pro,Electronics,Karnataka,Mysuru,Distributor,New,1,75000.0,0.15,11250.0,63750.0,46208.38,17541.62,27.52,Credit Card,Completed
ORD-12666,2026-08-18 20:14:54,CUST-1335,Ultra Smartphone,Electronics,Maharashtra,Mumbai,Direct Sales,Returning,4,55000.0,0.2,44000.0,176000.0,121403.36,54596.64,31.02,Credit Card,Completed
ORD-12667,2026-08-18 20:11:09,CUST-1080,Standing Desk,Furniture,Delhi NCR,Gurugram,Direct Sales,Returning,1,32000.0,0.05,1600.0,30400.0,21791.64,8608.36,28.32,Credit Card,Completed
ORD-12668,2026-08-18 09:09:37,CUST-7134,Wireless Ergonomic Mouse,Accessories,Maharashtra,Pune,Online Store,New,3,2500.0,0.05,375.0,7125.0,3173.21,3951.79,55.46,Debit Card,Completed
ORD-12669,2026-08-18 18:49:29,CUST-6812,"4K Monitor 27""",Electronics,Maharashtra,Mumbai,Distributor,New,1,28000.0,0.1,2800.0,25200.0,18367.03,6832.97,27.11,UPI,Completed
ORD-12670,2026-08-18 13:09:53,CUST-8170,Wireless Ergonomic Mouse,Accessories,Gujarat,Surat,Distributor,New,1,2500.0,0.2,500.0,2000.0,911.96,1088.04,54.4,Net Banking,Completed
ORD-12671,2026-08-18 14:00:54,CUST-1070,Standing Desk,Furniture,Maharashtra,Pune,Distributor,Returning,1,32000.0,0.15,4800.0,27200.0,19906.29,7293.71,26.82,Debit Card,Completed
ORD-12672,2026-08-18 16:17:10,CUST-7922,Wireless Noise-Canceling Headphones,Electronics,Delhi NCR,New Delhi,Retail Outlet,New,3,12000.0,0.1,3600.0,32400.0,18885.84,13514.16,41.71,Debit Card,Completed
ORD-12673,2026-08-18 15:33:47,CUST-1332,Smart Fitness Watch,Accessories,Maharashtra,Nagpur,Distributor,Returning,4,8500.0,0.05,1700.0,32300.0,18689.06,13610.94,42.14,UPI,Completed
ORD-12674,2026-08-18 13:41:49,CUST-7052,Laptop Pro,Electronics,Karnataka,Mysuru,Direct Sales,New,2,75000.0,0.05,7500.0,142500.0,103683.59,38816.41,27.24,Net Banking,Completed
ORD-12675,2026-08-18 12:25:56,CUST-1051,Smart Fitness Watch,Accessories,Maharashtra,Pune,Distributor,Returning,1,8500.0,0.0,0.0,8500.0,5040.39,3459.61,40.7,UPI,Completed
ORD-12676,2026-08-18 21:54:07,CUST-1318,Smart Fitness Watch,Accessories,Maharashtra,Mumbai,Distributor,Returning,4,8500.0,0.15,5100.0,28900.0,16820.6,12079.4,41.8,UPI,Completed
ORD-12677,2026-08-18 17:41:15,CUST-1031,Laptop Pro,Electronics,Karnataka,Bengaluru,Direct Sales,Returning,1,75000.0,0.0,0.0,75000.0,54387.01,20612.99,27.48,Net Banking,Completed
ORD-12678,2026-08-18 21:19:48,CUST-2571,Wireless Ergonomic Mouse,Accessories,Maharashtra,Nagpur,Direct Sales,New,4,2500.0,0.2,2000.0,8000.0,3721.22,4278.78,53.48,Net Banking,Completed
ORD-12679,2026-08-18 08:54:00,CUST-1813,Smart Fitness Watch,Accessories,Maharashtra,Pune,Retail Outlet,New,3,8500.0,0.0,0.0,25500.0,15178.96,10321.04,40.47,Debit Card,Cancelled
ORD-12680,2026-08-18 12:30:28,CUST-6984,Smart Fitness Watch,Accessories,Gujarat,Surat,Direct Sales,New,3,8500.0,0.2,5100.0,20400.0,12113.82,8286.18,40.62,UPI,Completed
ORD-12681,2026-08-19 10:40:18,CUST-9851,Laptop Pro,Electronics,Karnataka,Bengaluru,Direct Sales,New,2,75000.0,0.15,22500.0,127500.0,93498.49,34001.51,26.67,UPI,Completed
ORD-12682,2026-08-19 15:22:04,CUST-3568,Mechanical Gaming Keyboard,Electronics,Gujarat,Surat,Direct Sales,New,1,6500.0,0.2,1300.0,5200.0,3290.63,1909.37,36.72,Net Banking,Completed
ORD-12683,2026-08-19 08:45:37,CUST-1217,Wireless Noise-Canceling Headphones,Electronics,Delhi NCR,New Delhi,Distributor,Returning,1,12000.0,0.1,1200.0,10800.0,5985.96,4814.04,44.57,Credit Card,Completed
ORD-12684,2026-08-19 19:29:49,CUST-1161,Ultra Smartphone,Electronics,Gujarat,Ahmedabad,Distributor,Returning,1,55000.0,0.05,2750.0,52250.0,36394.43,15855.57,30.35,UPI,Cancelled
ORD-12685,2026-08-19 19:48:00,CUST-1326,Smart Fitness Watch,Accessories,Delhi NCR,New Delhi,Online Store,Returning,1,8500.0,0.2,1700.0,6800.0,4010.6,2789.4,41.02,Net Banking,Cancelled
ORD-12686,2026-08-19 16:49:16,CUST-6812,"4K Monitor 27""",Electronics,Maharashtra,Mumbai,Direct Sales,Returning,3,28000.0,0.15,12600.0,71400.0,52047.7,19352.3,27.1,Net Banking,Completed
ORD-12687,2026-08-19 13:49:51,CUST-2245,Wireless Ergonomic Mouse,Accessories,Karnataka,Bengaluru,Online Store,Returning,5,2500.0,0.25,3125.0,9375.0,4350.47,5024.53,53.59,Credit Card,Completed
ORD-12688,2026-08-19 13:38:38,CUST-1173,Ergonomic Office Chair,Furniture,Maharashtra,Mumbai,Online Store,Returning,3,18000.0,0.15,8100.0,45900.0,31019.09,14880.91,32.42,Debit Card,Completed
ORD-12689,2026-08-19 08:43:10,CUST-5596,Ergonomic Office Chair,Furniture,Karnataka,Mysuru,Direct Sales,New,2,18000.0,0.15,5400.0,30600.0,19706.4,10893.6,35.6,Debit Card,Cancelled
ORD-12690,2026-08-19 08:17:57,CUST-1086,Smart Fitness Watch,Accessories,Delhi NCR,Noida,Direct Sales,Returning,7,8500.0,0.1,5950.0,53550.0,31189.68,22360.32,41.76,Debit Card,Completed
ORD-12691,2026-08-19 16:27:04,CUST-2178,Standing Desk,Furniture,Karnataka,Bengaluru,Retail Outlet,New,4,32000.0,0.15,19200.0,108800.0,81621.94,27178.06,24.98,Credit Card,Completed
ORD-12692,2026-08-19 08:33:52,CUST-1221,Smart Fitness Watch,Accessories,Maharashtra,Nagpur,Retail Outlet,Returning,8,8500.0,0.05,3400.0,64600.0,38114.11,26485.89,41.0,Credit Card,Completed
ORD-12693,2026-08-19 10:33:09,CUST-1318,"4K Monitor 27""",Electronics,Maharashtra,Pune,Distributor,Returning,1,28000.0,0.0,0.0,28000.0,20619.18,7380.82,26.36,Credit Card,Completed
ORD-12694,2026-08-19 18:44:27,CUST-1271,Smart Fitness Watch,Accessories,Karnataka,Mysuru,Distributor,Returning,2,8500.0,0.25,4250.0,12750.0,7708.23,5041.77,39.54,Net Banking,Completed
ORD-12695,2026-08-19 19:29:31,CUST-6911,"4K Monitor 27""",Electronics,Gujarat,Ahmedabad,Distributor,New,3,28000.0,0.1,8400.0,75600.0,52795.71,22804.29,30.16,Debit Card,Completed
ORD-12696,2026-08-19 17:14:34,CUST-9651,Laptop Pro,Electronics,Maharashtra,Nagpur,Direct Sales,New,4,75000.0,0.2,60000.0,240000.0,173870.79,66129.21,27.55,Credit Card,Completed
ORD-12697,2026-08-19 12:13:31,CUST-5873,Mechanical Gaming Keyboard,Electronics,Karnataka,Mysuru,Direct Sales,New,1,6500.0,0.15,975.0,5525.0,3453.54,2071.46,37.49,Net Banking,Completed
ORD-12698,2026-08-19 15:01:39,CUST-1694,Standing Desk,Furniture,Gujarat,Ahmedabad,Retail Outlet,New,3,32000.0,0.0,0.0,96000.0,68714.48,27285.52,28.42,UPI,Completed
ORD-12699,2026-08-19 10:35:10,CUST-2259,Standing Desk,Furniture,Gujarat,Vadodara,Distributor,New,1,32000.0,0.0,0.0,32000.0,22863.34,9136.66,28.55,Net Banking,Completed
ORD-12700,2026-08-19 13:39:00,CUST-5627,Wireless Noise-Canceling Headphones,Electronics,Karnataka,Bengaluru,Direct Sales,New,4,12000.0,0.15,7200.0,40800.0,23609.94,17190.06,42.13,Debit Card,Completed
ORD-12701,2026-08-19 19:05:34,CUST-1179,Ergonomic Office Chair,Furniture,Gujarat,Surat,Retail Outlet,Returning,4,18000.0,0.2,14400.0,57600.0,37465.53,20134.47,34.96,UPI,Completed
ORD-12702,2026-08-19 12:14:21,CUST-1219,USB-C Multiport Dock,Accessories,Maharashtra,Mumbai,Online Store,Returning,8,4500.0,0.0,0.0,36000.0,18257.19,17742.81,49.29,Credit Card,Completed
ORD-12703,2026-08-19 09:36:13,CUST-6717,Smart Fitness Watch,Accessories,Maharashtra,Mumbai,Direct Sales,New,2,8500.0,0.1,1700.0,15300.0,8954.02,6345.98,41.48,Net Banking,Completed
ORD-12704,2026-08-19 15:08:47,CUST-1161,Wireless Noise-Canceling Headphones,Electronics,Karnataka,Mysuru,Distributor,Returning,3,12000.0,0.05,1800.0,34200.0,19458.79,14741.21,43.1,Debit Card,Completed
ORD-12705,2026-08-19 10:02:08,CUST-1260,USB-C Multiport Dock,Accessories,Karnataka,Bengaluru,Online Store,Returning,3,4500.0,0.2,2700.0,10800.0,5532.09,5267.91,48.78,Credit Card,Cancelled
ORD-12706,2026-08-19 13:27:59,CUST-1232,Smart Fitness Watch,Accessories,Maharashtra,Nagpur,Distributor,Returning,5,8500.0,0.0,0.0,42500.0,25051.07,17448.93,41.06,Net Banking,Completed
ORD-12707,2026-08-19 16:43:02,CUST-9359,Standing Desk,Furniture,Delhi NCR,Gurugram,Direct Sales,New,2,32000.0,0.2,12800.0,51200.0,38100.96,13099.04,25.58,UPI,Completed
ORD-12708,2026-08-19 16:33:52,CUST-5486,"4K Monitor 27""",Electronics,Maharashtra,Pune,Direct Sales,New,4,28000.0,0.0,0.0,112000.0,80688.2,31311.8,27.96,Debit Card,Completed
ORD-12709,2026-08-19 19:09:22,CUST-9559,USB-C Multiport Dock,Accessories,Tamil Nadu,Coimbatore,Retail Outlet,New,1,4500.0,0.1,450.0,4050.0,2094.51,1955.49,48.28,UPI,Completed
ORD-12710,2026-08-19 13:38:23,CUST-9065,Standing Desk,Furniture,Maharashtra,Mumbai,Online Store,New,4,32000.0,0.25,32000.0,96000.0,70722.51,25277.49,26.33,Net Banking,Completed
ORD-12711,2026-08-19 14:30:59,CUST-1123,USB-C Multiport Dock,Accessories,Maharashtra,Nagpur,Retail Outlet,Returning,4,4500.0,0.2,3600.0,14400.0,7378.1,7021.9,48.76,Net Banking,Completed
ORD-12712,2026-08-19 19:09:45,CUST-7648,Ultra Smartphone,Electronics,Karnataka,Bengaluru,Direct Sales,New,3,55000.0,0.2,33000.0,132000.0,88003.79,43996.21,33.33,Credit Card,Completed
ORD-12713,2026-08-19 21:11:05,CUST-1060,USB-C Multiport Dock,Accessories,Tamil Nadu,Chennai,Retail Outlet,Returning,2,4500.0,0.05,450.0,8550.0,4492.51,4057.49,47.46,Debit Card,Cancelled
ORD-12714,2026-08-19 19:37:08,CUST-3884,"4K Monitor 27""",Electronics,Maharashtra,Nagpur,Distributor,New,3,28000.0,0.15,12600.0,71400.0,51452.44,19947.56,27.94,UPI,Completed
ORD-12715,2026-08-19 11:39:47,CUST-1013,Ergonomic Office Chair,Furniture,Karnataka,Bengaluru,Online Store,Returning,3,18000.0,0.1,5400.0,48600.0,32836.21,15763.79,32.44,Net Banking,Completed
ORD-12716,2026-08-19 21:29:57,CUST-1086,"4K Monitor 27""",Electronics,Maharashtra,Mumbai,Online Store,Returning,4,28000.0,0.2,22400.0,89600.0,64101.87,25498.13,28.46,Credit Card,Completed
ORD-12717,2026-08-19 09:54:10,CUST-1077,Ultra Smartphone,Electronics,Karnataka,Mysuru,Online Store,Returning,2,55000.0,0.05,5500.0,104500.0,71325.99,33174.01,31.75,Net Banking,Completed
ORD-12718,2026-08-19 11:38:31,CUST-7987,Mechanical Gaming Keyboard,Electronics,Gujarat,Surat,Retail Outlet,New,3,6500.0,0.0,0.0,19500.0,12039.24,7460.76,38.26,Debit Card,Completed
ORD-12719,2026-08-19 14:44:13,CUST-1121,Mechanical Gaming Keyboard,Electronics,Karnataka,Bengaluru,Direct Sales,Returning,1,6500.0,0.2,1300.0,5200.0,3286.58,1913.42,36.8,Debit Card,Completed
ORD-12720,2026-08-20 15:23:45,CUST-1169,Mechanical Gaming Keyboard,Electronics,Delhi NCR,Gurugram,Direct Sales,Returning,4,6500.0,0.0,0.0,26000.0,16632.09,9367.91,36.03,Debit Card,Completed
ORD-12721,2026-08-20 11:55:57,CUST-1017,Wireless Ergonomic Mouse,Accessories,Karnataka,Bengaluru,Retail Outlet,Returning,4,2500.0,0.05,500.0,9500.0,4327.09,5172.91,54.45,Debit Card,Completed
ORD-12722,2026-08-20 17:54:26,CUST-1205,USB-C Multiport Dock,Accessories,Delhi NCR,Gurugram,Direct Sales,Returning,8,4500.0,0.05,1800.0,34200.0,17259.46,16940.54,49.53,UPI,Completed
ORD-12723,2026-08-20 21:22:37,CUST-1212,USB-C Multiport Dock,Accessories,Delhi NCR,New Delhi,Distributor,Returning,5,4500.0,0.05,1125.0,21375.0,10824.04,10550.96,49.36,Net Banking,Completed
ORD-12724,2026-08-20 18:28:58,CUST-9499,"4K Monitor 27""",Electronics,Delhi NCR,New Delhi,Retail Outlet,New,3,28000.0,0.1,8400.0,75600.0,55192.23,20407.77,26.99,UPI,Completed
ORD-12725,2026-08-20 18:48:08,CUST-1228,Ultra Smartphone,Electronics,Karnataka,Mysuru,Retail Outlet,Returning,2,55000.0,0.05,5500.0,104500.0,70682.15,33817.85,32.36,Debit Card,Completed
ORD-12726,2026-08-20 10:13:50,CUST-3165,Laptop Pro,Electronics,Karnataka,Mysuru,Direct Sales,New,1,75000.0,0.15,11250.0,63750.0,46120.81,17629.19,27.65,Net Banking,Completed
ORD-12727,2026-08-20 08:10:43,CUST-7197,Ergonomic Office Chair,Furniture,Maharashtra,Nagpur,Retail Outlet,New,4,18000.0,0.0,0.0,72000.0,46699.9,25300.1,35.14,Net Banking,Completed
ORD-12728,2026-08-20 16:11:46,CUST-6702,USB-C Multiport Dock,Accessories,Maharashtra,Pune,Direct Sales,New,5,4500.0,0.05,1125.0,21375.0,11311.87,10063.13,47.08,Debit Card,Completed
ORD-12729,2026-08-20 19:11:24,CUST-7152,Wireless Ergonomic Mouse,Accessories,Gujarat,Surat,Direct Sales,New,3,2500.0,0.2,1500.0,6000.0,2705.11,3294.89,54.91,Net Banking,Completed
ORD-12730,2026-08-20 11:12:04,CUST-6717,"4K Monitor 27""",Electronics,Gujarat,Surat,Retail Outlet,Returning,4,28000.0,0.15,16800.0,95200.0,67005.44,28194.56,29.62,Net Banking,Completed
ORD-12731,2026-08-20 19:58:29,CUST-8739,"4K Monitor 27""",Electronics,Gujarat,Vadodara,Online Store,New,3,28000.0,0.05,4200.0,79800.0,58029.31,21770.69,27.28,Debit Card,Completed
ORD-12732,2026-08-20 11:53:05,CUST-8206,Smart Fitness Watch,Accessories,Karnataka,Mysuru,Direct Sales,New,1,8500.0,0.05,425.0,8075.0,4802.91,3272.09,40.52,Net Banking,Completed
ORD-12733,2026-08-20 13:33:02,CUST-3148,"4K Monitor 27""",Electronics,Karnataka,Mysuru,Online Store,New,3,28000.0,0.05,4200.0,79800.0,57267.72,22532.28,28.24,Net Banking,Completed
ORD-12734,2026-08-20 19:11:17,CUST-1219,Standing Desk,Furniture,Karnataka,Bengaluru,Direct Sales,Returning,2,32000.0,0.3,19200.0,44800.0,32962.51,11837.49,26.42,Credit Card,Completed
ORD-12735,2026-08-20 08:39:14,CUST-1164,Mechanical Gaming Keyboard,Electronics,Maharashtra,Nagpur,Distributor,Returning,4,6500.0,0.2,5200.0,20800.0,13194.2,7605.8,36.57,UPI,Completed
ORD-12736,2026-08-20 13:21:51,CUST-9137,Laptop Pro,Electronics,Maharashtra,Pune,Online Store,New,2,75000.0,0.15,22500.0,127500.0,96277.6,31222.4,24.49,Debit Card,Completed
ORD-12737,2026-08-20 19:42:31,CUST-1199,Ergonomic Office Chair,Furniture,Maharashtra,Pune,Retail Outlet,Returning,4,18000.0,0.0,0.0,72000.0,48330.16,23669.84,32.87,Credit Card,Completed
ORD-12738,2026-08-20 19:33:56,CUST-1180,Standing Desk,Furniture,Maharashtra,Pune,Distributor,Returning,2,32000.0,0.3,19200.0,44800.0,31824.94,12975.06,28.96,Net Banking,Completed
ORD-12739,2026-08-20 11:07:48,CUST-1111,Wireless Noise-Canceling Headphones,Electronics,Gujarat,Vadodara,Retail Outlet,Returning,3,12000.0,0.15,5400.0,30600.0,17332.12,13267.88,43.36,UPI,Completed
ORD-12740,2026-08-20 13:00:35,CUST-1193,Wireless Ergonomic Mouse,Accessories,Maharashtra,Pune,Retail Outlet,Returning,2,2500.0,0.1,500.0,4500.0,2029.51,2470.49,54.9,Net Banking,Completed
ORD-12741,2026-08-20 18:05:43,CUST-1340,Mechanical Gaming Keyboard,Electronics,Maharashtra,Nagpur,Retail Outlet,Returning,1,6500.0,0.2,1300.0,5200.0,3274.28,1925.72,37.03,UPI,Completed
ORD-12742,2026-08-20 11:42:15,CUST-1298,Standing Desk,Furniture,Gujarat,Surat,Direct Sales,Returning,3,32000.0,0.15,14400.0,81600.0,59740.84,21859.16,26.79,Debit Card,Completed
ORD-12743,2026-08-20 08:47:53,CUST-1266,"4K Monitor 27""",Electronics,Maharashtra,Pune,Distributor,Returning,4,28000.0,0.05,5600.0,106400.0,74227.92,32172.08,30.24,Credit Card,Completed
ORD-12744,2026-08-20 09:27:50,CUST-2752,Standing Desk,Furniture,Maharashtra,Pune,Online Store,New,2,32000.0,0.2,12800.0,51200.0,38378.47,12821.53,25.04,Debit Card,Completed
ORD-12745,2026-08-20 10:31:24,CUST-1128,Laptop Pro,Electronics,Karnataka,Bengaluru,Distributor,Returning,1,75000.0,0.0,0.0,75000.0,56089.7,18910.3,25.21,Debit Card,Completed
ORD-12746,2026-08-20 17:49:52,CUST-1214,Wireless Ergonomic Mouse,Accessories,Gujarat,Ahmedabad,Direct Sales,Returning,1,2500.0,0.15,375.0,2125.0,989.98,1135.02,53.41,Credit Card,Completed
ORD-12747,2026-08-20 17:46:28,CUST-7412,Ergonomic Office Chair,Furniture,Karnataka,Mysuru,Distributor,New,2,18000.0,0.15,5400.0,30600.0,20659.0,9941.0,32.49,Net Banking,Completed
ORD-12748,2026-08-20 13:16:19,CUST-6990,"4K Monitor 27""",Electronics,Karnataka,Mysuru,Direct Sales,New,4,28000.0,0.0,0.0,112000.0,79702.6,32297.4,28.84,UPI,Completed
ORD-12749,2026-08-20 14:19:05,CUST-1016,Laptop Pro,Electronics,Maharashtra,Mumbai,Direct Sales,Returning,4,75000.0,0.15,45000.0,255000.0,185171.02,69828.98,27.38,Credit Card,Completed
ORD-12750,2026-08-20 08:12:15,CUST-1002,Mechanical Gaming Keyboard,Electronics,Gujarat,Vadodara,Retail Outlet,Returning,4,6500.0,0.0,0.0,26000.0,16256.76,9743.24,37.47,Debit Card,Cancelled
ORD-12751,2026-08-20 21:25:03,CUST-1190,USB-C Multiport Dock,Accessories,Maharashtra,Mumbai,Retail Outlet,Returning,4,4500.0,0.0,0.0,18000.0,9024.57,8975.43,49.86,Net Banking,Completed
ORD-12752,2026-08-20 18:01:27,CUST-1338,Ultra Smartphone,Electronics,Delhi NCR,Gurugram,Distributor,Returning,3,55000.0,0.2,33000.0,132000.0,90029.0,41971.0,31.8,Credit Card,Completed
ORD-12753,2026-08-20 18:00:17,CUST-1033,Wireless Noise-Canceling Headphones,Electronics,Maharashtra,Pune,Retail Outlet,Returning,1,12000.0,0.05,600.0,11400.0,6419.15,4980.85,43.69,Credit Card,Completed
ORD-12754,2026-08-20 10:01:00,CUST-1287,Standing Desk,Furniture,Maharashtra,Mumbai,Direct Sales,Returning,1,32000.0,0.05,1600.0,30400.0,22838.55,7561.45,24.87,Net Banking,Completed
ORD-12755,2026-08-20 18:08:19,CUST-1404,Ultra Smartphone,Electronics,Karnataka,Mysuru,Distributor,New,4,55000.0,0.2,44000.0,176000.0,121284.5,54715.5,31.09,Credit Card,Completed
ORD-12756,2026-08-20 10:48:20,CUST-4424,Smart Fitness Watch,Accessories,Gujarat,Ahmedabad,Direct Sales,New,2,8500.0,0.1,1700.0,15300.0,8854.69,6445.31,42.13,Net Banking,Cancelled
ORD-12757,2026-08-20 20:40:12,CUST-1014,Wireless Noise-Canceling Headphones,Electronics,Maharashtra,Pune,Retail Outlet,Returning,2,12000.0,0.05,1200.0,22800.0,13000.23,9799.77,42.98,Debit Card,Completed
ORD-12758,2026-08-20 21:13:00,CUST-7476,Ergonomic Office Chair,Furniture,Delhi NCR,Noida,Direct Sales,New,3,18000.0,0.2,10800.0,43200.0,28413.75,14786.25,34.23,Net Banking,Completed
ORD-12759,2026-08-20 16:22:09,CUST-8139,Laptop Pro,Electronics,Maharashtra,Nagpur,Online Store,New,4,75000.0,0.15,45000.0,255000.0,186963.02,68036.98,26.68,UPI,Completed
ORD-12760,2026-08-20 13:09:02,CUST-3884,Mechanical Gaming Keyboard,Electronics,Maharashtra,Mumbai,Retail Outlet,Returning,3,6500.0,0.1,1950.0,17550.0,11232.34,6317.66,36.0,UPI,Completed
ORD-12761,2026-08-20 08:38:14,CUST-7306,Standing Desk,Furniture,Gujarat,Vadodara,Distributor,New,4,32000.0,0.25,32000.0,96000.0,68211.37,27788.63,28.95,Debit Card,Completed
ORD-12762,2026-08-20 14:07:18,CUST-9649,Wireless Noise-Canceling Headphones,Electronics,Maharashtra,Nagpur,Direct Sales,New,3,12000.0,0.2,7200.0,28800.0,16091.66,12708.34,44.13,UPI,Completed
ORD-12763,2026-08-20 11:10:36,CUST-7192,Wireless Ergonomic Mouse,Accessories,Delhi NCR,Noida,Retail Outlet,New,1,2500.0,0.0,0.0,2500.0,1123.23,1376.77,55.07,Debit Card,Completed
ORD-12764,2026-08-20 11:41:12,CUST-8185,Laptop Pro,Electronics,Maharashtra,Nagpur,Direct Sales,New,3,75000.0,0.15,33750.0,191250.0,139274.13,51975.87,27.18,Credit Card,Completed
ORD-12765,2026-08-20 10:37:54,CUST-1279,Smart Fitness Watch,Accessories,Karnataka,Bengaluru,Online Store,Returning,2,8500.0,0.1,1700.0,15300.0,9091.1,6208.9,40.58,Credit Card,Completed
ORD-12766,2026-08-21 14:12:47,CUST-3295,"4K Monitor 27""",Electronics,Karnataka,Bengaluru,Retail Outlet,New,2,28000.0,0.2,11200.0,44800.0,32318.16,12481.84,27.86,Debit Card,Completed
ORD-12767,2026-08-21 20:33:15,CUST-7922,Wireless Ergonomic Mouse,Accessories,Gujarat,Ahmedabad,Online Store,Returning,5,2500.0,0.0,0.0,12500.0,5630.18,6869.82,54.96,Debit Card,Completed
ORD-12768,2026-08-21 14:24:17,CUST-1121,Mechanical Gaming Keyboard,Electronics,Maharashtra,Mumbai,Distributor,Returning,3,6500.0,0.0,0.0,19500.0,11852.23,7647.77,39.22,UPI,Completed
ORD-12769,2026-08-21 16:29:19,CUST-1167,Mechanical Gaming Keyboard,Electronics,Gujarat,Surat,Online Store,Returning,3,6500.0,0.2,3900.0,15600.0,9791.13,5808.87,37.24,Debit Card,Completed
ORD-12770,2026-08-21 10:07:48,CUST-1117,Ergonomic Office Chair,Furniture,Maharashtra,Pune,Retail Outlet,Returning,4,18000.0,0.0,0.0,72000.0,46629.51,25370.49,35.24,Debit Card,Completed
ORD-12771,2026-08-21 17:17:33,CUST-1040,Ultra Smartphone,Electronics,Gujarat,Surat,Online Store,Returning,3,55000.0,0.0,0.0,165000.0,111499.66,53500.34,32.42,Credit Card,Completed
ORD-12772,2026-08-21 13:01:51,CUST-1335,Laptop Pro,Electronics,Karnataka,Bengaluru,Retail Outlet,Returning,2,75000.0,0.15,22500.0,127500.0,93327.75,34172.25,26.8,UPI,Completed
ORD-12773,2026-08-21 19:42:47,CUST-9992,Mechanical Gaming Keyboard,Electronics,Delhi NCR,New Delhi,Online Store,New,1,6500.0,0.1,650.0,5850.0,3686.64,2163.36,36.98,UPI,Completed
ORD-12774,2026-08-21 08:30:16,CUST-1287,Ultra Smartphone,Electronics,Delhi NCR,Noida,Distributor,Returning,3,55000.0,0.15,24750.0,140250.0,94899.74,45350.26,32.34,Credit Card,Completed
ORD-12775,2026-08-21 15:22:53,CUST-8390,Wireless Noise-Canceling Headphones,Electronics,Karnataka,Mysuru,Online Store,New,2,12000.0,0.05,1200.0,22800.0,13219.22,9580.78,42.02,Net Banking,Completed
ORD-12776,2026-08-21 17:21:39,CUST-1102,Smart Fitness Watch,Accessories,Maharashtra,Mumbai,Direct Sales,Returning,2,8500.0,0.15,2550.0,14450.0,8622.34,5827.66,40.33,UPI,Completed
ORD-12777,2026-08-21 11:18:35,CUST-1338,Smart Fitness Watch,Accessories,Karnataka,Mysuru,Online Store,Returning,2,8500.0,0.2,3400.0,13600.0,7956.35,5643.65,41.5,UPI,Completed
ORD-12778,2026-08-21 14:21:16,CUST-5762,Laptop Pro,Electronics,Maharashtra,Nagpur,Retail Outlet,New,4,75000.0,0.15,45000.0,255000.0,184308.75,70691.25,27.72,Debit Card,Completed
ORD-12779,2026-08-21 20:07:06,CUST-4965,Mechanical Gaming Keyboard,Electronics,Karnataka,Bengaluru,Retail Outlet,New,1,6500.0,0.1,650.0,5850.0,3687.65,2162.35,36.96,Debit Card,Completed
ORD-12780,2026-08-21 18:59:07,CUST-1330,Ultra Smartphone,Electronics,Gujarat,Ahmedabad,Distributor,Returning,4,55000.0,0.2,44000.0,176000.0,119384.03,56615.97,32.17,Credit Card,Completed
ORD-12781,2026-08-21 14:49:07,CUST-1206,Standing Desk,Furniture,Delhi NCR,New Delhi,Distributor,Returning,1,32000.0,0.1,3200.0,28800.0,20536.6,8263.4,28.69,Credit Card,Completed
ORD-12782,2026-08-21 11:43:37,CUST-7281,Laptop Pro,Electronics,Gujarat,Surat,Direct Sales,New,1,75000.0,0.1,7500.0,67500.0,49953.29,17546.71,26.0,UPI,Completed
ORD-12783,2026-08-21 11:53:53,CUST-1210,Laptop Pro,Electronics,Delhi NCR,New Delhi,Distributor,Returning,2,75000.0,0.15,22500.0,127500.0,91769.39,35730.61,28.02,Net Banking,Completed
ORD-12784,2026-08-21 14:22:26,CUST-1175,Standing Desk,Furniture,Maharashtra,Nagpur,Online Store,Returning,4,32000.0,0.05,6400.0,121600.0,90785.66,30814.34,25.34,UPI,Completed
ORD-12785,2026-08-21 17:47:23,CUST-1259,Wireless Ergonomic Mouse,Accessories,Tamil Nadu,Chennai,Direct Sales,Returning,3,2500.0,0.3,2250.0,5250.0,2419.29,2830.71,53.92,Debit Card,Completed
ORD-12786,2026-08-21 09:52:43,CUST-1027,Wireless Noise-Canceling Headphones,Electronics,Maharashtra,Nagpur,Retail Outlet,Returning,1,12000.0,0.0,0.0,12000.0,6985.45,5014.55,41.79,Debit Card,Cancelled
ORD-12787,2026-08-21 17:39:31,CUST-1022,USB-C Multiport Dock,Accessories,Delhi NCR,Gurugram,Retail Outlet,Returning,7,4500.0,0.2,6300.0,25200.0,12880.69,12319.31,48.89,UPI,Completed
ORD-12788,2026-08-21 08:53:45,CUST-7028,Smart Fitness Watch,Accessories,Maharashtra,Mumbai,Distributor,New,3,8500.0,0.05,1275.0,24225.0,14555.92,9669.08,39.91,Credit Card,Completed
ORD-12789,2026-08-21 14:27:22,CUST-6920,Wireless Ergonomic Mouse,Accessories,Maharashtra,Mumbai,Direct Sales,New,4,2500.0,0.3,3000.0,7000.0,3264.3,3735.7,53.37,Net Banking,Completed
ORD-12790,2026-08-21 19:50:25,CUST-1271,"4K Monitor 27""",Electronics,Maharashtra,Pune,Direct Sales,Returning,1,28000.0,0.2,5600.0,22400.0,15830.44,6569.56,29.33,Credit Card,Completed
ORD-12791,2026-08-21 14:38:39,CUST-1257,Ultra Smartphone,Electronics,Delhi NCR,Noida,Direct Sales,Returning,1,55000.0,0.05,2750.0,52250.0,35755.29,16494.71,31.57,UPI,Completed
ORD-12792,2026-08-21 11:49:34,CUST-3884,Smart Fitness Watch,Accessories,Karnataka,Bengaluru,Direct Sales,Returning,2,8500.0,0.15,2550.0,14450.0,8261.25,6188.75,42.83,Net Banking,Completed
ORD-12793,2026-08-21 12:31:19,CUST-1023,"4K Monitor 27""",Electronics,Maharashtra,Pune,Online Store,Returning,2,28000.0,0.1,5600.0,50400.0,35957.09,14442.91,28.66,Credit Card,Completed
ORD-12794,2026-08-21 10:30:11,CUST-8469,Ultra Smartphone,Electronics,Gujarat,Surat,Distributor,New,1,55000.0,0.2,11000.0,44000.0,30111.58,13888.42,31.56,Debit Card,Completed
ORD-12795,2026-08-21 15:31:06,CUST-1128,USB-C Multiport Dock,Accessories,Tamil Nadu,Coimbatore,Distributor,Returning,1,4500.0,0.05,225.0,4275.0,2196.61,2078.39,48.62,Net Banking,Completed
ORD-12796,2026-08-21 17:51:20,CUST-1207,Standing Desk,Furniture,Karnataka,Mysuru,Retail Outlet,Returning,1,32000.0,0.1,3200.0,28800.0,20557.18,8242.82,28.62,Net Banking,Completed
ORD-12797,2026-08-21 21:31:02,CUST-1009,Ultra Smartphone,Electronics,Delhi NCR,New Delhi,Online Store,Returning,4,55000.0,0.05,11000.0,209000.0,144893.96,64106.04,30.67,Debit Card,Completed
ORD-12798,2026-08-21 18:20:28,CUST-1016,Smart Fitness Watch,Accessories,Tamil Nadu,Chennai,Direct Sales,Returning,4,8500.0,0.15,5100.0,28900.0,17167.94,11732.06,40.6,Credit Card,Completed
ORD-12799,2026-08-21 11:12:45,CUST-1216,Standing Desk,Furniture,Maharashtra,Mumbai,Direct Sales,Returning,2,32000.0,0.15,9600.0,54400.0,39987.52,14412.48,26.49,Net Banking,Completed
ORD-12800,2026-08-21 21:40:57,CUST-1166,Laptop Pro,Electronics,Maharashtra,Pune,Online Store,Returning,2,75000.0,0.1,15000.0,135000.0,99667.91,35332.09,26.17,Credit Card,Completed
ORD-12801,2026-08-21 19:14:34,CUST-1089,Ultra Smartphone,Electronics,Maharashtra,Pune,Retail Outlet,Returning,1,55000.0,0.0,0.0,55000.0,37236.64,17763.36,32.3,Net Banking,Completed
ORD-12802,2026-08-21 09:45:57,CUST-1129,"4K Monitor 27""",Electronics,Maharashtra,Nagpur,Retail Outlet,Returning,4,28000.0,0.05,5600.0,106400.0,75883.16,30516.84,28.68,UPI,Completed
ORD-12803,2026-08-21 15:17:37,CUST-7329,Wireless Ergonomic Mouse,Accessories,Maharashtra,Pune,Direct Sales,New,4,2500.0,0.0,0.0,10000.0,4506.69,5493.31,54.93,Net Banking,Completed
ORD-12804,2026-08-21 08:56:22,CUST-7746,Mechanical Gaming Keyboard,Electronics,Tamil Nadu,Coimbatore,Retail Outlet,Returning,1,6500.0,0.15,975.0,5525.0,3535.97,1989.03,36.0,UPI,Completed
ORD-12805,2026-08-21 11:01:00,CUST-7523,Mechanical Gaming Keyboard,Electronics,Delhi NCR,New Delhi,Retail Outlet,New,1,6500.0,0.15,975.0,5525.0,3366.35,2158.65,39.07,UPI,Completed
ORD-12806,2026-08-21 10:59:34,CUST-6111,Ultra Smartphone,Electronics,Maharashtra,Nagpur,Online Store,New,2,55000.0,0.15,16500.0,93500.0,63485.71,30014.29,32.1,Debit Card,Completed
ORD-12807,2026-08-21 21:10:19,CUST-3983,Wireless Ergonomic Mouse,Accessories,Maharashtra,Pune,Online Store,New,4,2500.0,0.15,1500.0,8500.0,3798.05,4701.95,55.32,UPI,Completed
ORD-12808,2026-08-21 13:58:50,CUST-2259,Ergonomic Office Chair,Furniture,Maharashtra,Nagpur,Distributor,Returning,4,18000.0,0.1,7200.0,64800.0,42552.0,22248.0,34.33,UPI,Completed
ORD-12809,2026-08-22 15:12:01,CUST-2397,Mechanical Gaming Keyboard,Electronics,Maharashtra,Nagpur,Direct Sales,New,3,6500.0,0.3,5850.0,13650.0,8342.94,5307.06,38.88,Debit Card,Completed
ORD-12810,2026-08-22 15:12:22,CUST-2416,Standing Desk,Furniture,Maharashtra,Pune,Distributor,New,3,32000.0,0.15,14400.0,81600.0,60208.1,21391.9,26.22,Net Banking,Completed
ORD-12811,2026-08-22 16:31:56,CUST-8170,Standing Desk,Furniture,Maharashtra,Nagpur,Distributor,Returning,4,32000.0,0.05,6400.0,121600.0,87716.84,33883.16,27.86,Debit Card,Completed
ORD-12812,2026-08-22 16:00:31,CUST-1564,Wireless Noise-Canceling Headphones,Electronics,Maharashtra,Pune,Direct Sales,New,2,12000.0,0.2,4800.0,19200.0,11201.6,7998.4,41.66,Debit Card,Completed
ORD-12813,2026-08-22 14:05:20,CUST-1084,Standing Desk,Furniture,Gujarat,Ahmedabad,Distributor,Returning,3,32000.0,0.2,19200.0,76800.0,57660.17,19139.83,24.92,Net Banking,Completed
ORD-12814,2026-08-22 08:22:33,CUST-7746,USB-C Multiport Dock,Accessories,Delhi NCR,Gurugram,Distributor,Returning,7,4500.0,0.2,6300.0,25200.0,12847.41,12352.59,49.02,UPI,Completed
ORD-12815,2026-08-22 11:57:23,CUST-1258,Ultra Smartphone,Electronics,Maharashtra,Nagpur,Distributor,Returning,4,55000.0,0.05,11000.0,209000.0,142977.77,66022.23,31.59,Net Banking,Completed
ORD-12816,2026-08-22 18:40:16,CUST-6771,Laptop Pro,Electronics,Karnataka,Mysuru,Direct Sales,New,3,75000.0,0.2,45000.0,180000.0,130924.4,49075.6,27.26,Net Banking,Completed
ORD-12817,2026-08-22 12:04:46,CUST-1173,USB-C Multiport Dock,Accessories,Gujarat,Surat,Retail Outlet,Returning,8,4500.0,0.15,5400.0,30600.0,15472.01,15127.99,49.44,UPI,Completed
ORD-12818,2026-08-22 10:16:19,CUST-1110,USB-C Multiport Dock,Accessories,Gujarat,Vadodara,Distributor,Returning,5,4500.0,0.05,1125.0,21375.0,11054.37,10320.63,48.28,Net Banking,Completed
ORD-12819,2026-08-22 17:41:36,CUST-1127,Ergonomic Office Chair,Furniture,Delhi NCR,Noida,Online Store,Returning,3,18000.0,0.1,5400.0,48600.0,32427.24,16172.76,33.28,UPI,Completed
ORD-12820,2026-08-22 11:03:18,CUST-9562,Standing Desk,Furniture,Maharashtra,Nagpur,Online Store,New,3,32000.0,0.05,4800.0,91200.0,66436.32,24763.68,27.15,Debit Card,Completed
ORD-12821,2026-08-22 17:13:39,CUST-9055,USB-C Multiport Dock,Accessories,Delhi NCR,New Delhi,Retail Outlet,New,2,4500.0,0.1,900.0,8100.0,4252.08,3847.92,47.51,Net Banking,Completed
ORD-12822,2026-08-22 10:43:37,CUST-1482,Smart Fitness Watch,Accessories,Maharashtra,Pune,Distributor,New,3,8500.0,0.1,2550.0,22950.0,13203.19,9746.81,42.47,Credit Card,Completed
ORD-12823,2026-08-22 12:11:52,CUST-7028,Mechanical Gaming Keyboard,Electronics,Maharashtra,Nagpur,Direct Sales,Returning,1,6500.0,0.05,325.0,6175.0,3804.0,2371.0,38.4,UPI,Completed
ORD-12824,2026-08-22 16:37:18,CUST-1277,Ultra Smartphone,Electronics,Maharashtra,Pune,Distributor,Returning,3,55000.0,0.0,0.0,165000.0,111157.56,53842.44,32.63,Debit Card,Cancelled
ORD-12825,2026-08-22 20:09:53,CUST-1021,Wireless Ergonomic Mouse,Accessories,Karnataka,Bengaluru,Distributor,Returning,8,2500.0,0.1,2000.0,18000.0,8180.17,9819.83,54.55,UPI,Completed
ORD-12826,2026-08-22 16:24:23,CUST-1658,Wireless Ergonomic Mouse,Accessories,Maharashtra,Nagpur,Direct Sales,New,5,2500.0,0.2,2500.0,10000.0,4479.76,5520.24,55.2,Debit Card,Completed
ORD-12827,2026-08-22 11:19:01,CUST-1139,Ultra Smartphone,Electronics,Gujarat,Vadodara,Retail Outlet,Returning,2,55000.0,0.0,0.0,110000.0,74688.59,35311.41,32.1,Net Banking,Completed
ORD-12828,2026-08-22 09:34:33,CUST-1150,USB-C Multiport Dock,Accessories,Maharashtra,Pune,Online Store,Returning,7,4500.0,0.15,4725.0,26775.0,14087.87,12687.13,47.38,Net Banking,Completed
ORD-12829,2026-08-22 17:22:42,CUST-1164,Wireless Noise-Canceling Headphones,Electronics,Karnataka,Bengaluru,Distributor,Returning,2,12000.0,0.1,2400.0,21600.0,12297.15,9302.85,43.07,Debit Card,Completed
ORD-12830,2026-08-22 08:13:47,CUST-4519,Standing Desk,Furniture,Delhi NCR,New Delhi,Online Store,New,2,32000.0,0.0,0.0,64000.0,47698.52,16301.48,25.47,Credit Card,Completed
ORD-12831,2026-08-22 21:08:52,CUST-2792,"4K Monitor 27""",Electronics,Karnataka,Mysuru,Distributor,New,4,28000.0,0.05,5600.0,106400.0,76445.06,29954.94,28.15,Debit Card,Completed
ORD-12832,2026-08-22 14:02:03,CUST-9301,Ergonomic Office Chair,Furniture,Maharashtra,Pune,Retail Outlet,New,1,18000.0,0.2,3600.0,14400.0,9588.81,4811.19,33.41,Credit Card,Cancelled
ORD-12833,2026-08-22 12:13:11,CUST-3091,Smart Fitness Watch,Accessories,Gujarat,Vadodara,Distributor,New,2,8500.0,0.05,850.0,16150.0,9388.32,6761.68,41.87,Credit Card,Completed
ORD-12834,2026-08-22 15:25:59,CUST-7453,Ultra Smartphone,Electronics,Karnataka,Bengaluru,Retail Outlet,New,2,55000.0,0.1,11000.0,99000.0,69097.35,29902.65,30.2,Debit Card,Completed
ORD-12835,2026-08-22 09:30:22,CUST-5949,USB-C Multiport Dock,Accessories,Gujarat,Ahmedabad,Distributor,New,6,4500.0,0.1,2700.0,24300.0,12804.99,11495.01,47.3,Debit Card,Completed
ORD-12836,2026-08-22 12:48:18,CUST-1086,Wireless Noise-Canceling Headphones,Electronics,Gujarat,Surat,Online Store,Returning,3,12000.0,0.1,3600.0,32400.0,17944.28,14455.72,44.62,UPI,Completed
ORD-12837,2026-08-22 19:18:28,CUST-5762,Smart Fitness Watch,Accessories,Karnataka,Bengaluru,Online Store,Returning,3,8500.0,0.0,0.0,25500.0,14904.36,10595.64,41.55,Net Banking,Completed
ORD-12838,2026-08-22 15:31:18,CUST-1315,Smart Fitness Watch,Accessories,Delhi NCR,Noida,Online Store,Returning,3,8500.0,0.0,0.0,25500.0,14594.48,10905.52,42.77,Debit Card,Completed
ORD-12839,2026-08-22 15:53:42,CUST-4737,Standing Desk,Furniture,Maharashtra,Mumbai,Distributor,New,2,32000.0,0.0,0.0,64000.0,47865.81,16134.19,25.21,Net Banking,Completed
ORD-12840,2026-08-22 09:50:58,CUST-1029,Mechanical Gaming Keyboard,Electronics,Gujarat,Vadodara,Distributor,Returning,3,6500.0,0.15,2925.0,16575.0,10459.99,6115.01,36.89,UPI,Completed
ORD-12841,2026-08-22 09:28:21,CUST-1282,Ergonomic Office Chair,Furniture,Tamil Nadu,Coimbatore,Retail Outlet,Returning,1,18000.0,0.15,2700.0,15300.0,10346.59,4953.41,32.38,Credit Card,Completed
ORD-12842,2026-08-22 20:50:26,CUST-1103,Mechanical Gaming Keyboard,Electronics,Maharashtra,Pune,Distributor,Returning,3,6500.0,0.2,3900.0,15600.0,9998.8,5601.2,35.91,UPI,Completed
ORD-12843,2026-08-22 13:29:04,CUST-1024,Smart Fitness Watch,Accessories,Delhi NCR,Gurugram,Retail Outlet,Returning,6,8500.0,0.1,5100.0,45900.0,26531.73,19368.27,42.2,Net Banking,Completed
ORD-12844,2026-08-22 12:07:43,CUST-1172,Ergonomic Office Chair,Furniture,Tamil Nadu,Coimbatore,Retail Outlet,Returning,1,18000.0,0.2,3600.0,14400.0,9454.76,4945.24,34.34,Debit Card,Completed
ORD-12845,2026-08-22 08:03:36,CUST-1274,Laptop Pro,Electronics,Gujarat,Surat,Direct Sales,Returning,4,75000.0,0.2,60000.0,240000.0,175031.9,64968.1,27.07,Credit Card,Completed
ORD-12846,2026-08-22 19:43:41,CUST-1214,Standing Desk,Furniture,Tamil Nadu,Chennai,Retail Outlet,Returning,1,32000.0,0.2,6400.0,25600.0,18886.42,6713.58,26.22,Credit Card,Completed
ORD-12847,2026-08-22 15:55:05,CUST-1164,Smart Fitness Watch,Accessories,Maharashtra,Mumbai,Distributor,Returning,8,8500.0,0.1,6800.0,61200.0,35642.98,25557.02,41.76,UPI,Completed
ORD-12848,2026-08-22 08:48:44,CUST-1083,Ergonomic Office Chair,Furniture,Delhi NCR,Gurugram,Direct Sales,Returning,1,18000.0,0.05,900.0,17100.0,11275.45,5824.55,34.06,Debit Card,Completed
ORD-12849,2026-08-22 12:09:22,CUST-1240,Mechanical Gaming Keyboard,Electronics,Maharashtra,Mumbai,Direct Sales,Returning,3,6500.0,0.15,2925.0,16575.0,10228.34,6346.66,38.29,Net Banking,Completed
ORD-12850,2026-08-22 13:22:14,CUST-1013,Laptop Pro,Electronics,Gujarat,Ahmedabad,Retail Outlet,Returning,4,75000.0,0.2,60000.0,240000.0,180987.3,59012.7,24.59,Net Banking,Completed
ORD-12851,2026-08-22 12:51:26,CUST-3614,Smart Fitness Watch,Accessories,Gujarat,Vadodara,Direct Sales,New,6,8500.0,0.15,7650.0,43350.0,25303.25,18046.75,41.63,UPI,Completed
ORD-12852,2026-08-22 20:21:45,CUST-1014,Smart Fitness Watch,Accessories,Gujarat,Vadodara,Online Store,Returning,2,8500.0,0.0,0.0,17000.0,9713.65,7286.35,42.86,Net Banking,Completed
ORD-12853,2026-08-22 10:05:04,CUST-2814,Mechanical Gaming Keyboard,Electronics,Maharashtra,Nagpur,Retail Outlet,New,2,6500.0,0.2,2600.0,10400.0,6565.11,3834.89,36.87,Debit Card,Completed
ORD-12854,2026-08-22 12:10:56,CUST-4812,Standing Desk,Furniture,Gujarat,Ahmedabad,Distributor,New,1,32000.0,0.0,0.0,32000.0,24037.99,7962.01,24.88,Credit Card,Completed
ORD-12855,2026-08-22 17:42:29,CUST-1036,Wireless Noise-Canceling Headphones,Electronics,Delhi NCR,Gurugram,Online Store,Returning,4,12000.0,0.05,2400.0,45600.0,26235.97,19364.03,42.46,UPI,Completed
ORD-12856,2026-08-22 09:47:22,CUST-1197,"4K Monitor 27""",Electronics,Maharashtra,Nagpur,Direct Sales,Returning,2,28000.0,0.2,11200.0,44800.0,32290.8,12509.2,27.92,Net Banking,Completed
ORD-12857,2026-08-22 19:15:46,CUST-1108,Wireless Noise-Canceling Headphones,Electronics,Maharashtra,Nagpur,Online Store,Returning,1,12000.0,0.0,0.0,12000.0,6774.36,5225.64,43.55,Net Banking,Completed
ORD-12858,2026-08-22 13:20:25,CUST-1798,Wireless Noise-Canceling Headphones,Electronics,Tamil Nadu,Chennai,Retail Outlet,New,2,12000.0,0.1,2400.0,21600.0,12367.2,9232.8,42.74,Net Banking,Completed
ORD-12859,2026-08-22 09:07:25,CUST-1312,Laptop Pro,Electronics,Karnataka,Mysuru,Retail Outlet,Returning,1,75000.0,0.05,3750.0,71250.0,51365.82,19884.18,27.91,UPI,Completed
ORD-12860,2026-08-22 09:46:20,CUST-3485,Mechanical Gaming Keyboard,Electronics,Delhi NCR,Noida,Retail Outlet,Returning,1,6500.0,0.0,0.0,6500.0,4010.04,2489.96,38.31,UPI,Completed
ORD-12861,2026-08-22 20:35:51,CUST-9225,USB-C Multiport Dock,Accessories,Delhi NCR,Gurugram,Online Store,New,5,4500.0,0.15,3375.0,19125.0,9888.59,9236.41,48.29,Debit Card,Completed
ORD-12862,2026-08-22 11:18:22,CUST-1328,"4K Monitor 27""",Electronics,Gujarat,Ahmedabad,Distributor,Returning,1,28000.0,0.0,0.0,28000.0,19469.09,8530.91,30.47,Credit Card,Completed
ORD-12863,2026-08-22 18:15:29,CUST-1200,Ultra Smartphone,Electronics,Gujarat,Vadodara,Distributor,Returning,2,55000.0,0.1,11000.0,99000.0,66058.02,32941.98,33.27,Debit Card,Completed
ORD-12864,2026-08-22 08:22:19,CUST-5486,Smart Fitness Watch,Accessories,Maharashtra,Pune,Direct Sales,Returning,2,8500.0,0.2,3400.0,13600.0,7808.45,5791.55,42.58,Debit Card,Completed
ORD-12865,2026-08-22 12:35:07,CUST-1253,Wireless Ergonomic Mouse,Accessories,Gujarat,Vadodara,Distributor,Returning,2,2500.0,0.05,250.0,4750.0,2207.48,2542.52,53.53,Credit Card,Completed
ORD-12866,2026-08-22 18:36:05,CUST-1333,Ultra Smartphone,Electronics,Delhi NCR,New Delhi,Distributor,Returning,1,55000.0,0.15,8250.0,46750.0,32529.24,14220.76,30.42,Debit Card,Completed
ORD-12867,2026-08-22 18:54:51,CUST-2178,Laptop Pro,Electronics,Gujarat,Ahmedabad,Retail Outlet,Returning,4,75000.0,0.15,45000.0,255000.0,182735.82,72264.18,28.34,UPI,Completed
ORD-12868,2026-08-22 15:16:14,CUST-1010,Laptop Pro,Electronics,Karnataka,Bengaluru,Retail Outlet,Returning,3,75000.0,0.1,22500.0,202500.0,150537.84,51962.16,25.66,Net Banking,Completed
ORD-12869,2026-08-22 15:14:42,CUST-1094,Laptop Pro,Electronics,Tamil Nadu,Coimbatore,Online Store,Returning,3,75000.0,0.05,11250.0,213750.0,152484.75,61265.25,28.66,Debit Card,Completed
ORD-12870,2026-08-22 10:59:44,CUST-2150,Ergonomic Office Chair,Furniture,Tamil Nadu,Chennai,Retail Outlet,New,1,18000.0,0.05,900.0,17100.0,11053.83,6046.17,35.36,UPI,Completed
ORD-12871,2026-08-22 12:46:41,CUST-1336,USB-C Multiport Dock,Accessories,Gujarat,Ahmedabad,Distributor,Returning,5,4500.0,0.15,3375.0,19125.0,9630.93,9494.07,49.64,Net Banking,Completed
ORD-12872,2026-08-22 09:37:54,CUST-7010,Laptop Pro,Electronics,Karnataka,Mysuru,Distributor,New,4,75000.0,0.1,30000.0,270000.0,200138.74,69861.26,25.87,Net Banking,Completed
ORD-12873,2026-08-22 09:28:15,CUST-4856,USB-C Multiport Dock,Accessories,Gujarat,Ahmedabad,Direct Sales,New,6,4500.0,0.1,2700.0,24300.0,12808.53,11491.47,47.29,UPI,Completed
ORD-12874,2026-08-22 19:05:42,CUST-1033,USB-C Multiport Dock,Accessories,Karnataka,Bengaluru,Direct Sales,Returning,6,4500.0,0.1,2700.0,24300.0,12854.85,11445.15,47.1,Credit Card,Completed
ORD-12875,2026-08-22 17:38:32,CUST-8503,"4K Monitor 27""",Electronics,Maharashtra,Pune,Distributor,New,2,28000.0,0.2,11200.0,44800.0,31296.55,13503.45,30.14,UPI,Completed
ORD-12876,2026-08-22 18:33:05,CUST-6547,Wireless Ergonomic Mouse,Accessories,Delhi NCR,Noida,Retail Outlet,New,6,2500.0,0.15,2250.0,12750.0,5817.08,6932.92,54.38,Credit Card,Completed
ORD-12877,2026-08-22 13:46:35,CUST-1308,Wireless Noise-Canceling Headphones,Electronics,Maharashtra,Pune,Distributor,Returning,3,12000.0,0.1,3600.0,32400.0,18291.45,14108.55,43.54,Net Banking,Completed
ORD-12878,2026-08-22 16:19:01,CUST-1217,"4K Monitor 27""",Electronics,Maharashtra,Pune,Online Store,Returning,3,28000.0,0.15,12600.0,71400.0,51589.59,19810.41,27.75,UPI,Completed
ORD-12879,2026-08-22 08:10:33,CUST-6882,Ergonomic Office Chair,Furniture,Tamil Nadu,Coimbatore,Distributor,New,2,18000.0,0.05,1800.0,34200.0,23079.39,11120.61,32.52,Debit Card,Completed
ORD-12880,2026-08-22 15:29:38,CUST-2397,Wireless Ergonomic Mouse,Accessories,Delhi NCR,New Delhi,Direct Sales,Returning,6,2500.0,0.05,750.0,14250.0,6596.91,7653.09,53.71,Net Banking,Completed
ORD-12881,2026-08-22 18:42:23,CUST-9559,Mechanical Gaming Keyboard,Electronics,Karnataka,Bengaluru,Online Store,Returning,4,6500.0,0.15,3900.0,22100.0,13944.03,8155.97,36.9,UPI,Completed
ORD-12882,2026-08-22 18:19:18,CUST-5298,Laptop Pro,Electronics,Gujarat,Ahmedabad,Direct Sales,New,3,75000.0,0.0,0.0,225000.0,166677.85,58322.15,25.92,Credit Card,Completed
ORD-12883,2026-08-22 19:11:19,CUST-1262,USB-C Multiport Dock,Accessories,Tamil Nadu,Chennai,Distributor,Returning,4,4500.0,0.05,900.0,17100.0,9031.6,8068.4,47.18,Net Banking,Completed
ORD-12884,2026-08-22 13:17:16,CUST-1109,Wireless Noise-Canceling Headphones,Electronics,Karnataka,Bengaluru,Online Store,Returning,2,12000.0,0.05,1200.0,22800.0,13104.95,9695.05,42.52,Net Banking,Completed
ORD-12885,2026-08-22 09:24:26,CUST-2962,Laptop Pro,Electronics,Maharashtra,Nagpur,Distributor,Returning,1,75000.0,0.2,15000.0,60000.0,44941.4,15058.6,25.1,UPI,Completed
ORD-12886,2026-08-22 14:43:31,CUST-1091,Ergonomic Office Chair,Furniture,Maharashtra,Pune,Direct Sales,Returning,1,18000.0,0.1,1800.0,16200.0,10713.46,5486.54,33.87,Net Banking,Completed
ORD-12887,2026-08-22 12:41:19,CUST-9559,Ergonomic Office Chair,Furniture,Maharashtra,Pune,Retail Outlet,Returning,3,18000.0,0.0,0.0,54000.0,36026.46,17973.54,33.28,Credit Card,Completed
ORD-12888,2026-08-22 21:07:55,CUST-3399,Smart Fitness Watch,Accessories,Maharashtra,Nagpur,Retail Outlet,New,4,8500.0,0.25,8500.0,25500.0,15219.99,10280.01,40.31,UPI,Completed
ORD-12889,2026-08-22 20:03:38,CUST-6014,Mechanical Gaming Keyboard,Electronics,Maharashtra,Mumbai,Direct Sales,New,1,6500.0,0.2,1300.0,5200.0,3265.72,1934.28,37.2,Debit Card,Completed
ORD-12890,2026-08-22 15:22:55,CUST-1102,"4K Monitor 27""",Electronics,Maharashtra,Mumbai,Direct Sales,Returning,3,28000.0,0.3,25200.0,58800.0,41900.77,16899.23,28.74,Debit Card,Completed
ORD-12891,2026-08-22 13:23:10,CUST-8938,Smart Fitness Watch,Accessories,Gujarat,Ahmedabad,Direct Sales,New,4,8500.0,0.1,3400.0,30600.0,18136.09,12463.91,40.73,UPI,Completed
ORD-12892,2026-08-22 11:45:32,CUST-7523,Standing Desk,Furniture,Karnataka,Bengaluru,Retail Outlet,Returning,2,32000.0,0.2,12800.0,51200.0,37248.58,13951.42,27.25,Debit Card,Completed
ORD-12893,2026-08-22 17:43:35,CUST-1051,USB-C Multiport Dock,Accessories,Maharashtra,Nagpur,Distributor,Returning,4,4500.0,0.2,3600.0,14400.0,7386.82,7013.18,48.7,Debit Card,Completed
ORD-12894,2026-08-22 11:55:37,CUST-1009,Standing Desk,Furniture,Maharashtra,Mumbai,Direct Sales,Returning,2,32000.0,0.2,12800.0,51200.0,37679.51,13520.49,26.41,Debit Card,Completed
ORD-12895,2026-08-22 12:57:05,CUST-1206,Ultra Smartphone,Electronics,Tamil Nadu,Coimbatore,Retail Outlet,Returning,4,55000.0,0.15,33000.0,187000.0,123272.98,63727.02,34.08,UPI,Completed
ORD-12896,2026-08-22 21:33:16,CUST-6812,Smart Fitness Watch,Accessories,Karnataka,Mysuru,Direct Sales,Returning,7,8500.0,0.0,0.0,59500.0,34477.2,25022.8,42.06,UPI,Completed
ORD-12897,2026-08-22 17:56:13,CUST-1284,Ergonomic Office Chair,Furniture,Karnataka,Bengaluru,Direct Sales,Returning,3,18000.0,0.3,16200.0,37800.0,25399.35,12400.65,32.81,Debit Card,Completed
ORD-12898,2026-08-22 08:04:40,CUST-9499,Wireless Noise-Canceling Headphones,Electronics,Maharashtra,Nagpur,Online Store,Returning,2,12000.0,0.05,1200.0,22800.0,12977.15,9822.85,43.08,Credit Card,Completed
ORD-12899,2026-08-22 17:46:52,CUST-1318,"4K Monitor 27""",Electronics,Maharashtra,Nagpur,Retail Outlet,Returning,1,28000.0,0.15,4200.0,23800.0,16898.87,6901.13,29.0,UPI,Completed
ORD-12900,2026-08-22 10:54:44,CUST-5153,"4K Monitor 27""",Electronics,Tamil Nadu,Coimbatore,Direct Sales,New,4,28000.0,0.2,22400.0,89600.0,63449.07,26150.93,29.19,Debit Card,Completed
ORD-12901,2026-08-22 11:47:14,CUST-1189,Mechanical Gaming Keyboard,Electronics,Tamil Nadu,Coimbatore,Distributor,Returning,4,6500.0,0.0,0.0,26000.0,15991.59,10008.41,38.49,UPI,Completed
ORD-12902,2026-08-22 14:07:01,CUST-9049,"4K Monitor 27""",Electronics,Gujarat,Surat,Distributor,New,3,28000.0,0.2,16800.0,67200.0,49154.65,18045.35,26.85,Net Banking,Completed
ORD-12903,2026-08-22 20:48:12,CUST-9991,Standing Desk,Furniture,Gujarat,Ahmedabad,Distributor,New,1,32000.0,0.2,6400.0,25600.0,18333.64,7266.36,28.38,Debit Card,Completed
ORD-12904,2026-08-22 12:16:48,CUST-1328,Wireless Ergonomic Mouse,Accessories,Maharashtra,Mumbai,Distributor,Returning,3,2500.0,0.15,1125.0,6375.0,2962.43,3412.57,53.53,Net Banking,Completed
ORD-12905,2026-08-22 09:14:51,CUST-8225,Mechanical Gaming Keyboard,Electronics,Delhi NCR,Noida,Online Store,New,2,6500.0,0.2,2600.0,10400.0,6625.71,3774.29,36.29,Debit Card,Completed
ORD-12906,2026-08-22 12:00:59,CUST-7674,Wireless Ergonomic Mouse,Accessories,Maharashtra,Pune,Distributor,New,2,2500.0,0.0,0.0,5000.0,2264.4,2735.6,54.71,Net Banking,Cancelled
ORD-12907,2026-08-22 19:49:30,CUST-8438,Ultra Smartphone,Electronics,Gujarat,Surat,Direct Sales,New,4,55000.0,0.2,44000.0,176000.0,118646.06,57353.94,32.59,Net Banking,Completed
ORD-12908,2026-08-22 15:19:39,CUST-1032,Mechanical Gaming Keyboard,Electronics,Karnataka,Mysuru,Retail Outlet,Returning,4,6500.0,0.05,1300.0,24700.0,15508.45,9191.55,37.21,Net Banking,Completed
ORD-12909,2026-08-22 20:36:57,CUST-1235,Ergonomic Office Chair,Furniture,Gujarat,Vadodara,Distributor,Returning,1,18000.0,0.1,1800.0,16200.0,10413.01,5786.99,35.72,Debit Card,Completed
ORD-12910,2026-08-22 21:50:08,CUST-1115,Smart Fitness Watch,Accessories,Karnataka,Bengaluru,Distributor,Returning,3,8500.0,0.25,6375.0,19125.0,11381.42,7743.58,40.49,Debit Card,Completed
ORD-12911,2026-08-23 21:19:11,CUST-1194,Wireless Ergonomic Mouse,Accessories,Gujarat,Surat,Retail Outlet,Returning,8,2500.0,0.05,1000.0,19000.0,8845.71,10154.29,53.44,Net Banking,Completed
ORD-12912,2026-08-23 13:45:55,CUST-9390,Standing Desk,Furniture,Delhi NCR,Gurugram,Direct Sales,New,4,32000.0,0.05,6400.0,121600.0,88806.23,32793.77,26.97,Credit Card,Completed
ORD-12913,2026-08-23 14:00:20,CUST-1068,Wireless Ergonomic Mouse,Accessories,Gujarat,Ahmedabad,Direct Sales,Returning,4,2500.0,0.2,2000.0,8000.0,3657.93,4342.07,54.28,Debit Card,Completed
ORD-12914,2026-08-23 09:11:24,CUST-8939,Laptop Pro,Electronics,Maharashtra,Mumbai,Online Store,New,3,75000.0,0.05,11250.0,213750.0,155854.06,57895.94,27.09,Net Banking,Completed
ORD-12915,2026-08-23 10:50:30,CUST-1150,Mechanical Gaming Keyboard,Electronics,Maharashtra,Pune,Online Store,Returning,4,6500.0,0.1,2600.0,23400.0,14496.87,8903.13,38.05,UPI,Completed
ORD-12916,2026-08-23 15:07:13,CUST-6173,Smart Fitness Watch,Accessories,Karnataka,Mysuru,Direct Sales,New,1,8500.0,0.05,425.0,8075.0,4707.45,3367.55,41.7,Credit Card,Completed
ORD-12917,2026-08-23 14:25:27,CUST-3761,Ergonomic Office Chair,Furniture,Maharashtra,Nagpur,Online Store,New,3,18000.0,0.05,2700.0,51300.0,34007.94,17292.06,33.71,UPI,Completed
ORD-12918,2026-08-23 09:17:35,CUST-1328,Standing Desk,Furniture,Karnataka,Mysuru,Retail Outlet,Returning,4,32000.0,0.0,0.0,128000.0,95083.25,32916.75,25.72,Debit Card,Cancelled
ORD-12919,2026-08-23 16:30:16,CUST-1200,Mechanical Gaming Keyboard,Electronics,Maharashtra,Mumbai,Direct Sales,Returning,3,6500.0,0.15,2925.0,16575.0,10574.82,6000.18,36.2,Net Banking,Completed
ORD-12920,2026-08-23 09:36:43,CUST-1030,Ultra Smartphone,Electronics,Gujarat,Ahmedabad,Distributor,Returning,3,55000.0,0.15,24750.0,140250.0,93506.4,46743.6,33.33,Net Banking,Completed
ORD-12921,2026-08-23 17:37:22,CUST-1172,Wireless Ergonomic Mouse,Accessories,Maharashtra,Pune,Distributor,Returning,3,2500.0,0.05,375.0,7125.0,3134.34,3990.66,56.01,Net Banking,Completed
ORD-12922,2026-08-23 09:47:02,CUST-2998,Wireless Noise-Canceling Headphones,Electronics,Maharashtra,Pune,Retail Outlet,New,2,12000.0,0.1,2400.0,21600.0,12556.29,9043.71,41.87,UPI,Completed
ORD-12923,2026-08-23 12:14:05,CUST-6548,Mechanical Gaming Keyboard,Electronics,Karnataka,Mysuru,Online Store,New,2,6500.0,0.0,0.0,13000.0,8342.69,4657.31,35.83,UPI,Completed
ORD-12924,2026-08-23 18:45:46,CUST-4051,Standing Desk,Furniture,Maharashtra,Nagpur,Direct Sales,New,4,32000.0,0.1,12800.0,115200.0,85620.29,29579.71,25.68,Net Banking,Completed
ORD-12925,2026-08-23 13:07:37,CUST-1217,Ergonomic Office Chair,Furniture,Maharashtra,Mumbai,Distributor,Returning,4,18000.0,0.0,0.0,72000.0,47835.29,24164.71,33.56,Net Banking,Completed
ORD-12926,2026-08-23 09:04:27,CUST-9850,Laptop Pro,Electronics,Karnataka,Mysuru,Retail Outlet,New,2,75000.0,0.0,0.0,150000.0,109840.13,40159.87,26.77,Credit Card,Completed
ORD-12927,2026-08-23 12:14:45,CUST-1539,Wireless Noise-Canceling Headphones,Electronics,Maharashtra,Mumbai,Online Store,New,1,12000.0,0.0,0.0,12000.0,6962.75,5037.25,41.98,Credit Card,Completed
ORD-12928,2026-08-23 18:18:08,CUST-1020,Wireless Noise-Canceling Headphones,Electronics,Karnataka,Mysuru,Distributor,Returning,4,12000.0,0.2,9600.0,38400.0,21472.51,16927.49,44.08,Debit Card,Completed
ORD-12929,2026-08-23 11:17:36,CUST-6880,Smart Fitness Watch,Accessories,Karnataka,Bengaluru,Retail Outlet,New,3,8500.0,0.15,3825.0,21675.0,12889.63,8785.37,40.53,UPI,Completed
ORD-12930,2026-08-23 10:33:07,CUST-1013,Ergonomic Office Chair,Furniture,Maharashtra,Mumbai,Online Store,Returning,2,18000.0,0.05,1800.0,34200.0,22701.54,11498.46,33.62,Debit Card,Completed
ORD-12931,2026-08-23 10:20:25,CUST-1170,Ergonomic Office Chair,Furniture,Maharashtra,Mumbai,Distributor,Returning,1,18000.0,0.2,3600.0,14400.0,9319.18,5080.82,35.28,UPI,Completed
ORD-12932,2026-08-23 11:34:22,CUST-1745,Smart Fitness Watch,Accessories,Tamil Nadu,Coimbatore,Direct Sales,New,1,8500.0,0.0,0.0,8500.0,5139.25,3360.75,39.54,UPI,Completed
ORD-12933,2026-08-23 13:52:11,CUST-1044,Ergonomic Office Chair,Furniture,Gujarat,Vadodara,Retail Outlet,Returning,3,18000.0,0.1,5400.0,48600.0,31457.76,17142.24,35.27,Debit Card,Completed
ORD-12934,2026-08-23 15:03:13,CUST-5249,Ergonomic Office Chair,Furniture,Maharashtra,Nagpur,Direct Sales,New,4,18000.0,0.1,7200.0,64800.0,42123.02,22676.98,35.0,UPI,Completed
ORD-12935,2026-08-23 21:16:58,CUST-4970,Standing Desk,Furniture,Maharashtra,Nagpur,Distributor,New,1,32000.0,0.0,0.0,32000.0,23239.32,8760.68,27.38,Debit Card,Completed
ORD-12936,2026-08-23 16:41:37,CUST-1007,Laptop Pro,Electronics,Gujarat,Vadodara,Distributor,Returning,1,75000.0,0.15,11250.0,63750.0,47210.55,16539.45,25.94,Debit Card,Completed
ORD-12937,2026-08-23 19:05:51,CUST-1136,"4K Monitor 27""",Electronics,Karnataka,Bengaluru,Distributor,Returning,2,28000.0,0.0,0.0,56000.0,39526.99,16473.01,29.42,UPI,Completed
ORD-12938,2026-08-23 17:16:34,CUST-9215,Ultra Smartphone,Electronics,Maharashtra,Nagpur,Distributor,New,4,55000.0,0.0,0.0,220000.0,145312.66,74687.34,33.95,Credit Card,Completed
ORD-12939,2026-08-23 11:55:47,CUST-2275,Wireless Noise-Canceling Headphones,Electronics,Gujarat,Vadodara,Distributor,New,1,12000.0,0.05,600.0,11400.0,6416.12,4983.88,43.72,Debit Card,Completed
ORD-12940,2026-08-23 11:26:15,CUST-3485,Ergonomic Office Chair,Furniture,Maharashtra,Nagpur,Distributor,Returning,2,18000.0,0.1,3600.0,32400.0,21358.71,11041.29,34.08,Credit Card,Completed
ORD-12941,2026-08-23 16:08:58,CUST-4286,Smart Fitness Watch,Accessories,Gujarat,Vadodara,Direct Sales,New,4,8500.0,0.0,0.0,34000.0,19567.81,14432.19,42.45,Debit Card,Completed
ORD-12942,2026-08-23 09:36:27,CUST-9651,USB-C Multiport Dock,Accessories,Maharashtra,Mumbai,Distributor,Returning,5,4500.0,0.15,3375.0,19125.0,9558.33,9566.67,50.02,UPI,Completed
ORD-12943,2026-08-23 16:10:51,CUST-8128,USB-C Multiport Dock,Accessories,Maharashtra,Nagpur,Distributor,Returning,7,4500.0,0.3,9450.0,22050.0,11698.5,10351.5,46.95,Debit Card,Completed
ORD-12944,2026-08-23 13:36:56,CUST-8960,Ergonomic Office Chair,Furniture,Karnataka,Mysuru,Direct Sales,New,1,18000.0,0.1,1800.0,16200.0,10766.49,5433.51,33.54,Credit Card,Completed
ORD-12945,2026-08-23 12:52:52,CUST-1047,"4K Monitor 27""",Electronics,Maharashtra,Mumbai,Retail Outlet,Returning,4,28000.0,0.2,22400.0,89600.0,63036.15,26563.85,29.65,Debit Card,Completed
ORD-12946,2026-08-23 08:14:45,CUST-1052,USB-C Multiport Dock,Accessories,Tamil Nadu,Coimbatore,Retail Outlet,Returning,1,4500.0,0.05,225.0,4275.0,2179.15,2095.85,49.03,Credit Card,Completed
ORD-12947,2026-08-23 16:19:53,CUST-1279,Wireless Ergonomic Mouse,Accessories,Gujarat,Surat,Online Store,Returning,6,2500.0,0.15,2250.0,12750.0,5670.8,7079.2,55.52,Net Banking,Completed
ORD-12948,2026-08-23 08:53:25,CUST-3753,Laptop Pro,Electronics,Karnataka,Bengaluru,Distributor,New,3,75000.0,0.05,11250.0,213750.0,156601.62,57148.38,26.74,Credit Card,Completed
ORD-12949,2026-08-23 18:37:25,CUST-5359,Standing Desk,Furniture,Delhi NCR,New Delhi,Distributor,New,2,32000.0,0.15,9600.0,54400.0,39777.87,14622.13,26.88,UPI,Completed
ORD-12950,2026-08-23 19:05:29,CUST-3479,"4K Monitor 27""",Electronics,Maharashtra,Nagpur,Direct Sales,New,3,28000.0,0.0,0.0,84000.0,61333.02,22666.98,26.98,UPI,Completed
ORD-12951,2026-08-23 14:11:09,CUST-6148,Ergonomic Office Chair,Furniture,Tamil Nadu,Coimbatore,Distributor,New,2,18000.0,0.2,7200.0,28800.0,18748.6,10051.4,34.9,Net Banking,Completed
ORD-12952,2026-08-23 10:52:26,CUST-4537,Smart Fitness Watch,Accessories,Maharashtra,Pune,Retail Outlet,Returning,2,8500.0,0.2,3400.0,13600.0,8069.05,5530.95,40.67,Debit Card,Completed
ORD-12953,2026-08-23 19:31:41,CUST-9301,Ultra Smartphone,Electronics,Delhi NCR,New Delhi,Online Store,Returning,2,55000.0,0.15,16500.0,93500.0,63755.9,29744.1,31.81,Debit Card,Completed
ORD-12954,2026-08-23 11:41:42,CUST-8397,Ultra Smartphone,Electronics,Karnataka,Bengaluru,Retail Outlet,New,3,55000.0,0.1,16500.0,148500.0,101778.93,46721.07,31.46,Credit Card,Completed
ORD-12955,2026-08-23 21:25:33,CUST-1292,USB-C Multiport Dock,Accessories,Maharashtra,Mumbai,Retail Outlet,Returning,7,4500.0,0.2,6300.0,25200.0,13056.97,12143.03,48.19,Net Banking,Completed
ORD-12956,2026-08-23 12:41:22,CUST-1331,USB-C Multiport Dock,Accessories,Delhi NCR,New Delhi,Direct Sales,Returning,8,4500.0,0.05,1800.0,34200.0,17205.26,16994.74,49.69,Debit Card,Completed
ORD-12957,2026-08-23 08:06:23,CUST-1105,Ergonomic Office Chair,Furniture,Maharashtra,Mumbai,Retail Outlet,Returning,2,18000.0,0.1,3600.0,32400.0,20808.85,11591.15,35.78,Net Banking,Completed
ORD-12958,2026-08-23 09:15:01,CUST-1341,Mechanical Gaming Keyboard,Electronics,Delhi NCR,New Delhi,Retail Outlet,Returning,4,6500.0,0.15,3900.0,22100.0,13667.64,8432.36,38.16,Debit Card,Completed
ORD-12959,2026-08-23 16:26:46,CUST-1107,"4K Monitor 27""",Electronics,Karnataka,Bengaluru,Online Store,Returning,1,28000.0,0.1,2800.0,25200.0,18054.03,7145.97,28.36,Debit Card,Completed
ORD-12960,2026-08-23 08:21:57,CUST-1086,Standing Desk,Furniture,Maharashtra,Mumbai,Online Store,Returning,1,32000.0,0.0,0.0,32000.0,22705.52,9294.48,29.05,Net Banking,Cancelled
ORD-12961,2026-08-23 19:01:33,CUST-1162,Ultra Smartphone,Electronics,Maharashtra,Pune,Online Store,Returning,4,55000.0,0.15,33000.0,187000.0,125053.51,61946.49,33.13,Credit Card,Completed
ORD-12962,2026-08-23 16:45:17,CUST-1205,Smart Fitness Watch,Accessories,Maharashtra,Mumbai,Online Store,Returning,1,8500.0,0.0,0.0,8500.0,4979.02,3520.98,41.42,UPI,Completed
ORD-12963,2026-08-24 18:15:11,CUST-1682,Wireless Noise-Canceling Headphones,Electronics,Maharashtra,Pune,Distributor,New,3,12000.0,0.1,3600.0,32400.0,18765.35,13634.65,42.08,Credit Card,Completed
ORD-12964,2026-08-24 10:02:57,CUST-6688,Wireless Ergonomic Mouse,Accessories,Maharashtra,Nagpur,Retail Outlet,New,4,2500.0,0.05,500.0,9500.0,4238.22,5261.78,55.39,Debit Card,Completed
ORD-12965,2026-08-24 13:05:34,CUST-4229,Wireless Noise-Canceling Headphones,Electronics,Maharashtra,Nagpur,Distributor,New,4,12000.0,0.05,2400.0,45600.0,26292.35,19307.65,42.34,UPI,Completed
ORD-12966,2026-08-24 11:08:52,CUST-9201,Ergonomic Office Chair,Furniture,Maharashtra,Mumbai,Online Store,New,1,18000.0,0.05,900.0,17100.0,11295.58,5804.42,33.94,Debit Card,Completed
ORD-12967,2026-08-24 20:59:21,CUST-3225,Standing Desk,Furniture,Maharashtra,Pune,Direct Sales,New,4,32000.0,0.05,6400.0,121600.0,89582.35,32017.65,26.33,UPI,Completed
ORD-12968,2026-08-24 20:28:00,CUST-1174,Wireless Noise-Canceling Headphones,Electronics,Tamil Nadu,Chennai,Retail Outlet,Returning,3,12000.0,0.2,7200.0,28800.0,16655.32,12144.68,42.17,Net Banking,Completed
ORD-12969,2026-08-24 14:58:17,CUST-8549,Wireless Ergonomic Mouse,Accessories,Gujarat,Ahmedabad,Retail Outlet,Returning,4,2500.0,0.2,2000.0,8000.0,3611.17,4388.83,54.86,UPI,Completed
ORD-12970,2026-08-24 12:06:44,CUST-1277,Wireless Ergonomic Mouse,Accessories,Maharashtra,Pune,Direct Sales,Returning,8,2500.0,0.2,4000.0,16000.0,7109.77,8890.23,55.56,Credit Card,Completed
ORD-12971,2026-08-24 20:25:36,CUST-1267,Mechanical Gaming Keyboard,Electronics,Maharashtra,Mumbai,Direct Sales,Returning,3,6500.0,0.2,3900.0,15600.0,9801.41,5798.59,37.17,Credit Card,Completed
ORD-12972,2026-08-24 14:44:23,CUST-1195,Standing Desk,Furniture,Maharashtra,Pune,Online Store,Returning,1,32000.0,0.0,0.0,32000.0,23973.58,8026.42,25.08,Credit Card,Completed
ORD-12973,2026-08-24 15:25:50,CUST-9049,Wireless Noise-Canceling Headphones,Electronics,Delhi NCR,Gurugram,Direct Sales,New,2,12000.0,0.05,1200.0,22800.0,12654.63,10145.37,44.5,Credit Card,Completed
ORD-12974,2026-08-24 12:32:37,CUST-8822,Smart Fitness Watch,Accessories,Maharashtra,Nagpur,Distributor,New,6,8500.0,0.1,5100.0,45900.0,26145.31,19754.69,43.04,Net Banking,Completed
ORD-12975,2026-08-24 16:40:43,CUST-5419,Mechanical Gaming Keyboard,Electronics,Maharashtra,Nagpur,Direct Sales,New,3,6500.0,0.1,1950.0,17550.0,11231.64,6318.36,36.0,Credit Card,Completed
ORD-12976,2026-08-24 14:40:10,CUST-1344,Laptop Pro,Electronics,Karnataka,Bengaluru,Online Store,Returning,1,75000.0,0.1,7500.0,67500.0,48501.96,18998.04,28.15,Debit Card,Completed
ORD-12977,2026-08-24 15:05:33,CUST-9137,Wireless Ergonomic Mouse,Accessories,Maharashtra,Pune,Direct Sales,Returning,2,2500.0,0.25,1250.0,3750.0,1704.96,2045.04,54.53,Debit Card,Completed
ORD-12978,2026-08-24 10:45:16,CUST-1245,"4K Monitor 27""",Electronics,Gujarat,Vadodara,Online Store,Returning,1,28000.0,0.05,1400.0,26600.0,19525.86,7074.14,26.59,Net Banking,Completed
ORD-12979,2026-08-24 11:50:56,CUST-1020,Laptop Pro,Electronics,Delhi NCR,New Delhi,Online Store,Returning,1,75000.0,0.15,11250.0,63750.0,47016.61,16733.39,26.25,Net Banking,Completed
ORD-12980,2026-08-24 09:05:38,CUST-1163,"4K Monitor 27""",Electronics,Maharashtra,Pune,Direct Sales,Returning,3,28000.0,0.15,12600.0,71400.0,51034.1,20365.9,28.52,UPI,Completed
ORD-12981,2026-08-24 09:42:42,CUST-2962,Ultra Smartphone,Electronics,Delhi NCR,Noida,Online Store,Returning,1,55000.0,0.05,2750.0,52250.0,35382.37,16867.63,32.28,UPI,Cancelled
ORD-12982,2026-08-24 15:49:33,CUST-1241,Standing Desk,Furniture,Karnataka,Bengaluru,Online Store,Returning,4,32000.0,0.25,32000.0,96000.0,70711.15,25288.85,26.34,Debit Card,Completed
ORD-12983,2026-08-24 19:22:30,CUST-4970,Laptop Pro,Electronics,Gujarat,Ahmedabad,Distributor,Returning,1,75000.0,0.1,7500.0,67500.0,48993.41,18506.59,27.42,Debit Card,Completed
ORD-12984,2026-08-24 13:37:27,CUST-3614,Standing Desk,Furniture,Karnataka,Bengaluru,Distributor,Returning,4,32000.0,0.2,25600.0,102400.0,75626.31,26773.69,26.15,Net Banking,Completed
ORD-12985,2026-08-24 18:50:51,CUST-7939,Smart Fitness Watch,Accessories,Tamil Nadu,Coimbatore,Online Store,New,6,8500.0,0.1,5100.0,45900.0,26342.45,19557.55,42.61,Net Banking,Completed
ORD-12986,2026-08-24 16:42:51,CUST-6148,Wireless Ergonomic Mouse,Accessories,Gujarat,Surat,Retail Outlet,Returning,2,2500.0,0.2,1000.0,4000.0,1809.23,2190.77,54.77,Net Banking,Completed
ORD-12987,2026-08-24 15:58:14,CUST-1069,Mechanical Gaming Keyboard,Electronics,Maharashtra,Mumbai,Retail Outlet,Returning,4,6500.0,0.1,2600.0,23400.0,14587.29,8812.71,37.66,Net Banking,Completed
ORD-12988,2026-08-24 21:23:46,CUST-1049,Wireless Noise-Canceling Headphones,Electronics,Karnataka,Mysuru,Retail Outlet,Returning,4,12000.0,0.1,4800.0,43200.0,23901.98,19298.02,44.67,Debit Card,Completed
ORD-12989,2026-08-24 13:30:41,CUST-7777,Wireless Noise-Canceling Headphones,Electronics,Gujarat,Surat,Direct Sales,New,3,12000.0,0.15,5400.0,30600.0,17516.24,13083.76,42.76,Debit Card,Completed
ORD-12990,2026-08-24 21:44:03,CUST-2958,"4K Monitor 27""",Electronics,Maharashtra,Mumbai,Online Store,New,2,28000.0,0.05,2800.0,53200.0,37451.55,15748.45,29.6,Net Banking,Completed
ORD-12991,2026-08-24 16:03:16,CUST-1004,Wireless Noise-Canceling Headphones,Electronics,Maharashtra,Mumbai,Distributor,Returning,3,12000.0,0.15,5400.0,30600.0,17493.8,13106.2,42.83,Credit Card,Completed
ORD-12992,2026-08-24 18:03:28,CUST-7996,Ultra Smartphone,Electronics,Maharashtra,Nagpur,Distributor,New,4,55000.0,0.05,11000.0,209000.0,141903.12,67096.88,32.1,UPI,Completed
ORD-12993,2026-08-24 17:14:16,CUST-1175,USB-C Multiport Dock,Accessories,Maharashtra,Mumbai,Direct Sales,Returning,7,4500.0,0.0,0.0,31500.0,16169.42,15330.58,48.67,UPI,Completed
ORD-12994,2026-08-24 10:49:51,CUST-6786,Mechanical Gaming Keyboard,Electronics,Karnataka,Bengaluru,Online Store,New,1,6500.0,0.15,975.0,5525.0,3355.96,2169.04,39.26,Debit Card,Completed
ORD-12995,2026-08-24 16:53:11,CUST-1307,Standing Desk,Furniture,Maharashtra,Pune,Retail Outlet,Returning,3,32000.0,0.05,4800.0,91200.0,64812.35,26387.65,28.93,Credit Card,Completed
ORD-12996,2026-08-24 17:59:45,CUST-1206,Wireless Ergonomic Mouse,Accessories,Maharashtra,Mumbai,Distributor,Returning,2,2500.0,0.05,250.0,4750.0,2195.15,2554.85,53.79,Net Banking,Completed
ORD-12997,2026-08-24 10:59:41,CUST-1277,Ultra Smartphone,Electronics,Maharashtra,Pune,Distributor,Returning,3,55000.0,0.1,16500.0,148500.0,98808.39,49691.61,33.46,Credit Card,Completed
ORD-12998,2026-08-24 09:51:12,CUST-4650,Wireless Ergonomic Mouse,Accessories,Maharashtra,Nagpur,Online Store,New,4,2500.0,0.15,1500.0,8500.0,3953.23,4546.77,53.49,Net Banking,Completed
ORD-12999,2026-08-24 16:13:48,CUST-1065,Wireless Noise-Canceling Headphones,Electronics,Tamil Nadu,Chennai,Online Store,Returning,1,12000.0,0.1,1200.0,10800.0,6009.99,4790.01,44.35,Credit Card,Completed
ORD-13000,2026-08-24 14:44:36,CUST-1090,Wireless Ergonomic Mouse,Accessories,Maharashtra,Mumbai,Retail Outlet,Returning,4,2500.0,0.1,1000.0,9000.0,4182.7,4817.3,53.53,UPI,Completed
ORD-13001,2026-08-24 10:31:03,CUST-1076,Ergonomic Office Chair,Furniture,Maharashtra,Nagpur,Online Store,Returning,4,18000.0,0.15,10800.0,61200.0,41033.18,20166.82,32.95,UPI,Completed
ORD-13002,2026-08-24 10:07:37,CUST-5011,Laptop Pro,Electronics,Maharashtra,Mumbai,Distributor,New,4,75000.0,0.2,60000.0,240000.0,176990.9,63009.1,26.25,Debit Card,Completed
ORD-13003,2026-08-24 19:17:02,CUST-9059,USB-C Multiport Dock,Accessories,Maharashtra,Nagpur,Distributor,New,6,4500.0,0.2,5400.0,21600.0,10887.3,10712.7,49.6,Credit Card,Completed
ORD-13004,2026-08-24 20:29:04,CUST-1282,Wireless Ergonomic Mouse,Accessories,Gujarat,Surat,Direct Sales,Returning,4,2500.0,0.1,1000.0,9000.0,4121.56,4878.44,54.2,UPI,Completed
ORD-13005,2026-08-24 08:08:47,CUST-8938,Wireless Noise-Canceling Headphones,Electronics,Delhi NCR,Gurugram,Online Store,Returning,4,12000.0,0.2,9600.0,38400.0,22370.55,16029.45,41.74,Debit Card,Completed
ORD-13006,2026-08-24 09:28:51,CUST-4284,USB-C Multiport Dock,Accessories,Delhi NCR,Gurugram,Direct Sales,New,7,4500.0,0.2,6300.0,25200.0,12602.93,12597.07,49.99,Net Banking,Completed
ORD-13007,2026-08-24 16:21:52,CUST-1225,Wireless Ergonomic Mouse,Accessories,Gujarat,Surat,Distributor,Returning,3,2500.0,0.15,1125.0,6375.0,2911.56,3463.44,54.33,Credit Card,Completed
ORD-13008,2026-08-25 19:01:47,CUST-1141,"4K Monitor 27""",Electronics,Gujarat,Vadodara,Direct Sales,Returning,1,28000.0,0.0,0.0,28000.0,19629.67,8370.33,29.89,Debit Card,Completed
ORD-13009,2026-08-25 13:23:28,CUST-6717,Laptop Pro,Electronics,Karnataka,Mysuru,Online Store,Returning,2,75000.0,0.0,0.0,150000.0,110529.05,39470.95,26.31,Debit Card,Completed
ORD-13010,2026-08-25 16:40:58,CUST-8575,Standing Desk,Furniture,Karnataka,Bengaluru,Direct Sales,Returning,4,32000.0,0.15,19200.0,108800.0,77134.52,31665.48,29.1,UPI,Completed
ORD-13011,2026-08-25 08:49:08,CUST-7453,Wireless Ergonomic Mouse,Accessories,Karnataka,Bengaluru,Direct Sales,Returning,2,2500.0,0.1,500.0,4500.0,2098.19,2401.81,53.37,Credit Card,Completed
ORD-13012,2026-08-25 16:41:09,CUST-1018,"4K Monitor 27""",Electronics,Maharashtra,Mumbai,Retail Outlet,Returning,2,28000.0,0.2,11200.0,44800.0,31185.42,13614.58,30.39,UPI,Completed
ORD-13013,2026-08-25 16:52:00,CUST-2528,Smart Fitness Watch,Accessories,Maharashtra,Pune,Distributor,New,2,8500.0,0.1,1700.0,15300.0,9054.33,6245.67,40.82,Net Banking,Completed
ORD-13014,2026-08-25 12:41:11,CUST-1220,Ultra Smartphone,Electronics,Karnataka,Bengaluru,Retail Outlet,Returning,1,55000.0,0.15,8250.0,46750.0,32141.58,14608.42,31.25,UPI,Completed
ORD-13015,2026-08-25 15:16:21,CUST-7996,Standing Desk,Furniture,Maharashtra,Mumbai,Distributor,Returning,2,32000.0,0.0,0.0,64000.0,47713.01,16286.99,25.45,Debit Card,Completed
ORD-13016,2026-08-25 14:57:00,CUST-1322,Mechanical Gaming Keyboard,Electronics,Maharashtra,Mumbai,Retail Outlet,Returning,1,6500.0,0.1,650.0,5850.0,3581.29,2268.71,38.78,UPI,Completed
ORD-13017,2026-08-25 19:05:49,CUST-1013,Laptop Pro,Electronics,Maharashtra,Mumbai,Distributor,Returning,3,75000.0,0.0,0.0,225000.0,165761.18,59238.82,26.33,Debit Card,Completed
ORD-13018,2026-08-25 18:36:19,CUST-7905,Mechanical Gaming Keyboard,Electronics,Maharashtra,Nagpur,Retail Outlet,New,4,6500.0,0.3,7800.0,18200.0,11394.43,6805.57,37.39,Credit Card,Completed
ORD-13019,2026-08-25 20:37:53,CUST-1237,Wireless Noise-Canceling Headphones,Electronics,Maharashtra,Pune,Direct Sales,Returning,3,12000.0,0.25,9000.0,27000.0,15278.63,11721.37,43.41,UPI,Completed
ORD-13020,2026-08-25 08:08:13,CUST-1041,Mechanical Gaming Keyboard,Electronics,Gujarat,Ahmedabad,Distributor,Returning,4,6500.0,0.0,0.0,26000.0,15933.12,10066.88,38.72,Credit Card,Completed
ORD-13021,2026-08-25 16:41:57,CUST-9850,Wireless Ergonomic Mouse,Accessories,Maharashtra,Pune,Direct Sales,Returning,1,2500.0,0.2,500.0,2000.0,906.65,1093.35,54.67,Net Banking,Completed
ORD-13022,2026-08-25 13:01:04,CUST-2544,Ultra Smartphone,Electronics,Tamil Nadu,Coimbatore,Retail Outlet,New,4,55000.0,0.25,55000.0,165000.0,110166.62,54833.38,33.23,UPI,Completed
ORD-13023,2026-08-25 11:15:37,CUST-1183,Wireless Ergonomic Mouse,Accessories,Tamil Nadu,Chennai,Retail Outlet,Returning,1,2500.0,0.0,0.0,2500.0,1111.47,1388.53,55.54,Credit Card,Completed
ORD-13024,2026-08-25 16:18:48,CUST-1319,Ergonomic Office Chair,Furniture,Maharashtra,Nagpur,Distributor,Returning,4,18000.0,0.15,10800.0,61200.0,39758.89,21441.11,35.03,Net Banking,Completed
ORD-13025,2026-08-25 10:44:28,CUST-1045,USB-C Multiport Dock,Accessories,Gujarat,Vadodara,Retail Outlet,Returning,1,4500.0,0.0,0.0,4500.0,2248.68,2251.32,50.03,Net Banking,Completed
ORD-13026,2026-08-25 13:15:21,CUST-1069,Standing Desk,Furniture,Maharashtra,Pune,Online Store,Returning,4,32000.0,0.1,12800.0,115200.0,81811.5,33388.5,28.98,Debit Card,Completed
ORD-13027,2026-08-25 18:04:15,CUST-1294,Ultra Smartphone,Electronics,Delhi NCR,Gurugram,Distributor,Returning,3,55000.0,0.1,16500.0,148500.0,99767.17,48732.83,32.82,Net Banking,Completed
ORD-13028,2026-08-25 11:20:59,CUST-6738,Wireless Noise-Canceling Headphones,Electronics,Tamil Nadu,Coimbatore,Online Store,New,3,12000.0,0.05,1800.0,34200.0,18907.41,15292.59,44.72,Debit Card,Completed
ORD-13029,2026-08-25 15:24:23,CUST-3568,USB-C Multiport Dock,Accessories,Delhi NCR,New Delhi,Direct Sales,Returning,6,4500.0,0.05,1350.0,25650.0,12826.17,12823.83,50.0,UPI,Completed
ORD-13030,2026-08-25 21:35:09,CUST-4965,USB-C Multiport Dock,Accessories,Gujarat,Ahmedabad,Online Store,Returning,2,4500.0,0.0,0.0,9000.0,4523.17,4476.83,49.74,UPI,Completed
ORD-13031,2026-08-25 19:07:44,CUST-9819,Laptop Pro,Electronics,Delhi NCR,Noida,Retail Outlet,New,3,75000.0,0.2,45000.0,180000.0,136004.85,43995.15,24.44,Debit Card,Completed
ORD-13032,2026-08-25 18:24:46,CUST-1075,Smart Fitness Watch,Accessories,Karnataka,Mysuru,Distributor,Returning,3,8500.0,0.05,1275.0,24225.0,14274.71,9950.29,41.07,Debit Card,Cancelled
ORD-13033,2026-08-25 20:23:08,CUST-6427,Ergonomic Office Chair,Furniture,Maharashtra,Pune,Direct Sales,New,2,18000.0,0.1,3600.0,32400.0,21797.02,10602.98,32.73,Debit Card,Completed
ORD-13034,2026-08-25 11:02:28,CUST-1212,"4K Monitor 27""",Electronics,Maharashtra,Mumbai,Direct Sales,Returning,2,28000.0,0.0,0.0,56000.0,39449.69,16550.31,29.55,UPI,Completed
ORD-13035,2026-08-25 19:46:43,CUST-2930,Wireless Ergonomic Mouse,Accessories,Karnataka,Mysuru,Retail Outlet,New,3,2500.0,0.3,2250.0,5250.0,2358.47,2891.53,55.08,Net Banking,Completed
ORD-13036,2026-08-25 20:24:42,CUST-3165,Mechanical Gaming Keyboard,Electronics,Karnataka,Bengaluru,Retail Outlet,Returning,1,6500.0,0.05,325.0,6175.0,3956.57,2218.43,35.93,Credit Card,Completed
ORD-13037,2026-08-25 18:09:09,CUST-1278,Laptop Pro,Electronics,Tamil Nadu,Coimbatore,Distributor,Returning,1,75000.0,0.05,3750.0,71250.0,50852.11,20397.89,28.63,UPI,Completed
ORD-13038,2026-08-25 18:13:56,CUST-1817,"4K Monitor 27""",Electronics,Tamil Nadu,Chennai,Online Store,New,3,28000.0,0.1,8400.0,75600.0,54004.42,21595.58,28.57,Debit Card,Completed
ORD-13039,2026-08-25 08:11:45,CUST-2324,USB-C Multiport Dock,Accessories,Karnataka,Bengaluru,Direct Sales,New,4,4500.0,0.0,0.0,18000.0,9233.5,8766.5,48.7,Credit Card,Completed
ORD-13040,2026-08-25 21:01:06,CUST-1204,Ergonomic Office Chair,Furniture,Maharashtra,Mumbai,Direct Sales,Returning,3,18000.0,0.1,5400.0,48600.0,31276.32,17323.68,35.65,Net Banking,Completed
ORD-13041,2026-08-25 20:06:39,CUST-1190,Wireless Ergonomic Mouse,Accessories,Tamil Nadu,Chennai,Distributor,Returning,4,2500.0,0.05,500.0,9500.0,4407.15,5092.85,53.61,Credit Card,Cancelled
ORD-13042,2026-08-25 12:09:50,CUST-8044,Wireless Noise-Canceling Headphones,Electronics,Gujarat,Surat,Direct Sales,New,4,12000.0,0.1,4800.0,43200.0,23932.22,19267.78,44.6,Net Banking,Completed
ORD-13043,2026-08-25 09:10:22,CUST-6812,Smart Fitness Watch,Accessories,Maharashtra,Nagpur,Retail Outlet,Returning,3,8500.0,0.1,2550.0,22950.0,13541.15,9408.85,41.0,UPI,Completed
ORD-13044,2026-08-25 16:43:17,CUST-1113,Laptop Pro,Electronics,Gujarat,Ahmedabad,Retail Outlet,Returning,3,75000.0,0.0,0.0,225000.0,162206.85,62793.15,27.91,Debit Card,Completed
ORD-13045,2026-08-25 12:29:48,CUST-5555,"4K Monitor 27""",Electronics,Maharashtra,Mumbai,Direct Sales,New,2,28000.0,0.2,11200.0,44800.0,32758.66,12041.34,26.88,UPI,Completed
ORD-13046,2026-08-25 10:11:47,CUST-1077,Laptop Pro,Electronics,Delhi NCR,Noida,Direct Sales,Returning,3,75000.0,0.1,22500.0,202500.0,147039.55,55460.45,27.39,Credit Card,Completed
ORD-13047,2026-08-25 16:40:55,CUST-6295,Laptop Pro,Electronics,Karnataka,Mysuru,Distributor,New,3,75000.0,0.2,45000.0,180000.0,130686.93,49313.07,27.4,UPI,Completed
ORD-13048,2026-08-25 19:52:00,CUST-1232,Standing Desk,Furniture,Gujarat,Ahmedabad,Distributor,Returning,1,32000.0,0.25,8000.0,24000.0,17569.94,6430.06,26.79,Debit Card,Completed
ORD-13049,2026-08-25 11:38:17,CUST-1023,Smart Fitness Watch,Accessories,Tamil Nadu,Chennai,Online Store,Returning,1,8500.0,0.15,1275.0,7225.0,4146.16,3078.84,42.61,Debit Card,Completed
ORD-13050,2026-08-25 16:01:27,CUST-1564,Smart Fitness Watch,Accessories,Gujarat,Surat,Direct Sales,Returning,5,8500.0,0.1,4250.0,38250.0,22077.19,16172.81,42.28,Net Banking,Completed
ORD-13051,2026-08-25 08:47:31,CUST-1011,USB-C Multiport Dock,Accessories,Maharashtra,Mumbai,Retail Outlet,Returning,1,4500.0,0.2,900.0,3600.0,1828.04,1771.96,49.22,UPI,Completed
ORD-13052,2026-08-25 14:15:13,CUST-7281,Laptop Pro,Electronics,Maharashtra,Pune,Retail Outlet,Returning,4,75000.0,0.0,0.0,300000.0,226034.27,73965.73,24.66,Debit Card,Completed
ORD-13053,2026-08-26 20:30:38,CUST-2224,"4K Monitor 27""",Electronics,Maharashtra,Mumbai,Distributor,New,3,28000.0,0.1,8400.0,75600.0,53312.04,22287.96,29.48,Debit Card,Completed
ORD-13054,2026-08-26 17:55:18,CUST-2465,Smart Fitness Watch,Accessories,Maharashtra,Nagpur,Online Store,New,7,8500.0,0.05,2975.0,56525.0,34157.91,22367.09,39.57,Net Banking,Completed
ORD-13055,2026-08-26 16:08:59,CUST-1016,USB-C Multiport Dock,Accessories,Karnataka,Mysuru,Distributor,Returning,5,4500.0,0.2,4500.0,18000.0,9175.1,8824.9,49.03,Debit Card,Completed
ORD-13056,2026-08-26 13:00:22,CUST-1134,Ultra Smartphone,Electronics,Karnataka,Mysuru,Retail Outlet,Returning,3,55000.0,0.0,0.0,165000.0,111796.4,53203.6,32.24,Debit Card,Completed
ORD-13057,2026-08-26 21:39:58,CUST-6771,Wireless Ergonomic Mouse,Accessories,Karnataka,Mysuru,Distributor,Returning,2,2500.0,0.2,1000.0,4000.0,1801.63,2198.37,54.96,UPI,Completed
ORD-13058,2026-08-26 12:49:02,CUST-1133,USB-C Multiport Dock,Accessories,Delhi NCR,Gurugram,Direct Sales,Returning,7,4500.0,0.2,6300.0,25200.0,13126.91,12073.09,47.91,UPI,Completed
ORD-13059,2026-08-26 09:52:40,CUST-1346,Wireless Noise-Canceling Headphones,Electronics,Karnataka,Mysuru,Retail Outlet,Returning,2,12000.0,0.0,0.0,24000.0,13568.48,10431.52,43.46,Net Banking,Completed
ORD-13060,2026-08-26 21:35:46,CUST-6717,Ultra Smartphone,Electronics,Maharashtra,Pune,Retail Outlet,Returning,3,55000.0,0.05,8250.0,156750.0,104708.75,52041.25,33.2,Net Banking,Completed
ORD-13061,2026-08-26 12:19:28,CUST-3295,Wireless Ergonomic Mouse,Accessories,Karnataka,Mysuru,Online Store,Returning,1,2500.0,0.15,375.0,2125.0,975.1,1149.9,54.11,Credit Card,Completed
ORD-13062,2026-08-26 11:23:10,CUST-1031,Smart Fitness Watch,Accessories,Maharashtra,Nagpur,Online Store,Returning,3,8500.0,0.1,2550.0,22950.0,13728.54,9221.46,40.18,Net Banking,Completed
ORD-13063,2026-08-26 20:21:14,CUST-4618,"4K Monitor 27""",Electronics,Gujarat,Surat,Online Store,New,1,28000.0,0.0,0.0,28000.0,19603.25,8396.75,29.99,UPI,Completed
ORD-13064,2026-08-26 18:55:04,CUST-1270,Wireless Noise-Canceling Headphones,Electronics,Gujarat,Vadodara,Distributor,Returning,3,12000.0,0.1,3600.0,32400.0,18425.91,13974.09,43.13,Credit Card,Cancelled
ORD-13065,2026-08-26 15:14:04,CUST-9589,Ergonomic Office Chair,Furniture,Gujarat,Vadodara,Retail Outlet,New,1,18000.0,0.15,2700.0,15300.0,9761.84,5538.16,36.2,Net Banking,Completed
ORD-13066,2026-08-26 18:06:06,CUST-7232,Wireless Ergonomic Mouse,Accessories,Gujarat,Surat,Retail Outlet,New,2,2500.0,0.0,0.0,5000.0,2269.06,2730.94,54.62,Net Banking,Completed
ORD-13067,2026-08-26 21:06:10,CUST-1254,"4K Monitor 27""",Electronics,Maharashtra,Pune,Distributor,Returning,2,28000.0,0.1,5600.0,50400.0,36501.81,13898.19,27.58,UPI,Completed
ORD-13068,2026-08-26 08:46:55,CUST-2245,Laptop Pro,Electronics,Delhi NCR,Noida,Retail Outlet,New,2,75000.0,0.2,30000.0,120000.0,87617.64,32382.36,26.99,Net Banking,Completed
ORD-13069,2026-08-26 09:55:24,CUST-4545,Ergonomic Office Chair,Furniture,Karnataka,Bengaluru,Retail Outlet,New,1,18000.0,0.1,1800.0,16200.0,10695.42,5504.58,33.98,UPI,Completed
ORD-13070,2026-08-26 13:29:52,CUST-1063,Mechanical Gaming Keyboard,Electronics,Karnataka,Bengaluru,Online Store,Returning,1,6500.0,0.05,325.0,6175.0,3974.03,2200.97,35.64,Debit Card,Completed
ORD-13071,2026-08-26 16:02:55,CUST-1010,Wireless Ergonomic Mouse,Accessories,Gujarat,Vadodara,Direct Sales,Returning,3,2500.0,0.05,375.0,7125.0,3283.44,3841.56,53.92,Credit Card,Completed
ORD-13072,2026-08-26 12:37:14,CUST-1327,Wireless Noise-Canceling Headphones,Electronics,Maharashtra,Nagpur,Online Store,Returning,2,12000.0,0.3,7200.0,16800.0,9717.18,7082.82,42.16,UPI,Completed
ORD-13073,2026-08-26 15:01:22,CUST-7134,USB-C Multiport Dock,Accessories,Gujarat,Vadodara,Distributor,Returning,6,4500.0,0.15,4050.0,22950.0,11858.97,11091.03,48.33,Debit Card,Completed
ORD-13074,2026-08-26 09:02:00,CUST-5873,Mechanical Gaming Keyboard,Electronics,Gujarat,Surat,Online Store,Returning,2,6500.0,0.1,1300.0,11700.0,7450.52,4249.48,36.32,Debit Card,Completed
ORD-13075,2026-08-26 18:16:48,CUST-6665,Wireless Ergonomic Mouse,Accessories,Maharashtra,Mumbai,Direct Sales,New,5,2500.0,0.15,1875.0,10625.0,4922.51,5702.49,53.67,UPI,Completed
ORD-13076,2026-08-26 16:11:02,CUST-1120,Smart Fitness Watch,Accessories,Delhi NCR,New Delhi,Direct Sales,Returning,2,8500.0,0.3,5100.0,11900.0,6878.54,5021.46,42.2,UPI,Completed
ORD-13077,2026-08-26 18:59:28,CUST-1025,Mechanical Gaming Keyboard,Electronics,Karnataka,Bengaluru,Online Store,Returning,3,6500.0,0.15,2925.0,16575.0,10224.96,6350.04,38.31,UPI,Completed
ORD-13078,2026-08-26 08:02:52,CUST-8549,Ergonomic Office Chair,Furniture,Maharashtra,Pune,Retail Outlet,Returning,4,18000.0,0.15,10800.0,61200.0,40768.08,20431.92,33.39,UPI,Completed
ORD-13079,2026-08-26 17:54:07,CUST-1090,Mechanical Gaming Keyboard,Electronics,Maharashtra,Mumbai,Distributor,Returning,2,6500.0,0.2,2600.0,10400.0,6487.27,3912.73,37.62,Debit Card,Completed
ORD-13080,2026-08-26 12:55:11,CUST-1343,Standing Desk,Furniture,Gujarat,Surat,Retail Outlet,Returning,1,32000.0,0.2,6400.0,25600.0,19020.05,6579.95,25.7,Debit Card,Completed
ORD-13081,2026-08-26 10:34:12,CUST-1230,Wireless Ergonomic Mouse,Accessories,Maharashtra,Pune,Direct Sales,Returning,8,2500.0,0.05,1000.0,19000.0,8711.57,10288.43,54.15,UPI,Completed
ORD-13082,2026-08-26 13:03:59,CUST-1214,Wireless Noise-Canceling Headphones,Electronics,Tamil Nadu,Chennai,Retail Outlet,Returning,3,12000.0,0.2,7200.0,28800.0,16364.58,12435.42,43.18,Debit Card,Completed
ORD-13083,2026-08-26 12:03:21,CUST-1310,Standing Desk,Furniture,Karnataka,Bengaluru,Direct Sales,Returning,1,32000.0,0.2,6400.0,25600.0,18989.14,6610.86,25.82,Credit Card,Completed
ORD-13084,2026-08-26 11:26:34,CUST-3938,USB-C Multiport Dock,Accessories,Gujarat,Surat,Online Store,New,2,4500.0,0.0,0.0,9000.0,4762.8,4237.2,47.08,Net Banking,Completed
ORD-13085,2026-08-26 15:01:15,CUST-1109,Wireless Ergonomic Mouse,Accessories,Maharashtra,Mumbai,Direct Sales,Returning,4,2500.0,0.0,0.0,10000.0,4536.62,5463.38,54.63,Net Banking,Completed
ORD-13086,2026-08-26 18:36:16,CUST-1104,"4K Monitor 27""",Electronics,Delhi NCR,Gurugram,Online Store,Returning,3,28000.0,0.15,12600.0,71400.0,52051.87,19348.13,27.1,UPI,Completed
ORD-13087,2026-08-26 21:20:17,CUST-2580,Smart Fitness Watch,Accessories,Karnataka,Mysuru,Online Store,New,1,8500.0,0.15,1275.0,7225.0,4347.22,2877.78,39.83,Debit Card,Completed
ORD-13088,2026-08-26 19:52:35,CUST-3726,"4K Monitor 27""",Electronics,Maharashtra,Nagpur,Online Store,New,2,28000.0,0.2,11200.0,44800.0,32088.95,12711.05,28.37,UPI,Completed
ORD-13089,2026-08-26 19:43:08,CUST-1482,Wireless Noise-Canceling Headphones,Electronics,Maharashtra,Mumbai,Direct Sales,New,2,12000.0,0.0,0.0,24000.0,13714.87,10285.13,42.85,Credit Card,Completed
ORD-13090,2026-08-26 15:05:19,CUST-4537,Wireless Noise-Canceling Headphones,Electronics,Gujarat,Vadodara,Online Store,Returning,2,12000.0,0.1,2400.0,21600.0,12527.01,9072.99,42.0,Debit Card,Completed
ORD-13091,2026-08-26 08:50:37,CUST-8949,"4K Monitor 27""",Electronics,Gujarat,Surat,Direct Sales,New,1,28000.0,0.05,1400.0,26600.0,19109.8,7490.2,28.16,UPI,Cancelled
ORD-13092,2026-08-26 18:39:24,CUST-9325,Standing Desk,Furniture,Karnataka,Mysuru,Distributor,New,4,32000.0,0.2,25600.0,102400.0,72752.29,29647.71,28.95,UPI,Completed
ORD-13093,2026-08-26 08:23:03,CUST-1245,Ergonomic Office Chair,Furniture,Maharashtra,Pune,Distributor,Returning,3,18000.0,0.15,8100.0,45900.0,30358.22,15541.78,33.86,Credit Card,Completed
ORD-13094,2026-08-26 12:48:40,CUST-1200,Wireless Ergonomic Mouse,Accessories,Maharashtra,Pune,Retail Outlet,Returning,5,2500.0,0.2,2500.0,10000.0,4482.47,5517.53,55.18,UPI,Completed
ORD-13095,2026-08-26 18:08:36,CUST-5762,Standing Desk,Furniture,Karnataka,Bengaluru,Retail Outlet,Returning,3,32000.0,0.05,4800.0,91200.0,65396.0,25804.0,28.29,Credit Card,Completed
ORD-13096,2026-08-26 08:05:19,CUST-4284,Smart Fitness Watch,Accessories,Maharashtra,Mumbai,Online Store,Returning,5,8500.0,0.05,2125.0,40375.0,24279.02,16095.98,39.87,UPI,Completed
ORD-13097,2026-08-26 12:08:00,CUST-7197,Standing Desk,Furniture,Maharashtra,Mumbai,Retail Outlet,Returning,1,32000.0,0.2,6400.0,25600.0,18440.49,7159.51,27.97,Debit Card,Completed
